== Starting gravity_current ==
Simulation is 2 dimensional, Ly has been changed to 1.0 for normalization.
-------------------------------------------

SPINS Version 2.1.9 

-------------------------------------------
Beginning Navier-Stokes timestepping, on a 256 x 1 x 128 grid
X-dimension: type FREE_SLIP, expansion REAL
Y-dimension: type FREE_SLIP, expansion REAL
Z-dimension: type FREE_SLIP, expansion REAL
1 tracers
   tracer 0 diffusivity 1e-06
Viscosity 2e-06
Unmapped grid
Initializing velocities
Initializing tracers
Dam break problem
Using a 1.000000 x 1.000000 x 0.500000 grid of 256 x 1 x 128 points
g = 9.810000, rot_f = 0.000000, rho_0 = 1000.000000
Time between plots: 1 s
Initial velocity perturbation: 0.001
Filter cutoff = 0.600000, order = 2.000000, strength = 20.000000
Approx. max buoyancy frequency squared: 1.22625
Max time step: 0.451524
Start-up time: 0.115979 s.
[0] (5.772e-05) 0.0000: 0.004093 0 0.004522 0.005
[1] (0.1955) 0.0031: 0.002419 0 0.001832 0.005
[2] (0.202) 0.0063: 0.002337 0 0.001787 0.005
[3] (0.2122) 0.0125: 0.002245 0 0.001774 0.005
[4] (0.2189) 0.0250: 0.002197 0 0.002015 0.005
[5] (0.2255) 0.0500: 0.003113 0 0.00273 0.005
[6] (0.2312) 0.1000: 0.005074 0 0.004291 0.005
[7] (0.2363) 0.2000: 0.009191 0 0.007299 0.005
[8] (0.2411) 0.3000: 0.01354 0 0.01019 0.005
[9] (0.2458) 0.3700: 0.01669 0 0.01236 0.005001
[10] (0.2505) 0.4273: 0.0193 0 0.01404 0.005001
[11] (0.2551) 0.4750: 0.02138 0 0.01552 0.005001
[12] (0.2596) 0.5188: 0.02327 0 0.01683 0.005001
[13] (0.2642) 0.5589: 0.02507 0 0.01799 0.005001
[14] (0.2689) 0.5956: 0.02677 0 0.01906 0.005001
[15] (0.2734) 0.6293: 0.02832 0 0.0201 0.005001
[16] (0.2778) 0.6630: 0.02985 0 0.02113 0.005001
[17] (0.2821) 0.6936: 0.03122 0 0.02207 0.005001
[18] (0.2865) 0.7215: 0.03245 0 0.02294 0.005001
[19] (0.2911) 0.7468: 0.03364 0 0.02372 0.005001
[20] (0.2957) 0.7721: 0.03482 0 0.02449 0.005001
[21] (0.3001) 0.7975: 0.03599 0 0.02529 0.005001
[22] (0.3046) 0.8228: 0.03713 0 0.02607 0.005001
[23] (0.309) 0.8481: 0.03826 0 0.02684 0.005002
[24] (0.3133) 0.8734: 0.03938 0 0.02763 0.005002
[25] (0.3177) 0.8945: 0.04038 0 0.02828 0.005002
[26] (0.322) 0.9156: 0.04136 0 0.02894 0.005002
[27] (0.3263) 0.9367: 0.04233 0 0.02961 0.005002
[28] (0.3312) 0.9578: 0.04328 0 0.03026 0.005002
[29] (0.3354) 0.9789: 0.0442 0 0.0309 0.005002
[30] (0.3398) 1.0000: 0.04512 0 0.03154 0.005002
*Write time: 0.074145. Average write time: 0.074145.
[31] (0.4204) 1.0208: 0.04611 0 0.03219 0.005002
[32] (0.4247) 1.0412: 0.04705 0 0.03282 0.005002
[33] (0.4291) 1.0616: 0.04797 0 0.03346 0.005002
[34] (0.4334) 1.0816: 0.04885 0 0.03408 0.005002
[35] (0.4377) 1.1011: 0.04969 0 0.03467 0.005002
[36] (0.442) 1.1207: 0.05056 0 0.03527 0.005002
[37] (0.4462) 1.1398: 0.05145 0 0.03586 0.005003
[38] (0.4505) 1.1585: 0.0523 0 0.03644 0.005002
[39] (0.4549) 1.1768: 0.0531 0 0.037 0.005002
[40] (0.4591) 1.1947: 0.05387 0 0.03755 0.005003
[41] (0.4633) 1.2122: 0.05459 0 0.03807 0.005003
[42] (0.4677) 1.2293: 0.05536 0 0.03861 0.005003
[43] (0.4718) 1.2464: 0.05614 0 0.03914 0.005003
[44] (0.476) 1.2636: 0.0569 0 0.03967 0.005003
[45] (0.4801) 1.2807: 0.05763 0 0.04018 0.005003
[46] (0.4846) 1.2974: 0.05832 0 0.04068 0.005003
[47] (0.4888) 1.3138: 0.05896 0 0.04117 0.005003
[48] (0.493) 1.3301: 0.05969 0 0.04169 0.005003
[49] (0.4972) 1.3464: 0.06042 0 0.0422 0.005003
[50] (0.5014) 1.3624: 0.0611 0 0.04268 0.005004
[51] (0.5056) 1.3783: 0.06175 0 0.04316 0.005005
[52] (0.5097) 1.3939: 0.06235 0 0.04361 0.005005
[53] (0.5138) 1.4090: 0.06292 0 0.04406 0.005004
[54] (0.518) 1.4238: 0.06358 0 0.04452 0.005004
[55] (0.5222) 1.4382: 0.06419 0 0.04497 0.005004
[56] (0.5262) 1.4526: 0.06478 0 0.04541 0.005004
[57] (0.5381) 1.4670: 0.06534 0 0.04584 0.005004
[58] (0.5461) 1.4814: 0.06588 0 0.04626 0.005004
[59] (0.5503) 1.4958: 0.0664 0 0.04668 0.005005
[60] (0.5544) 1.5102: 0.06702 0 0.04711 0.005005
[61] (0.5588) 1.5246: 0.06761 0 0.04756 0.005006
[62] (0.5641) 1.5390: 0.06817 0 0.04802 0.005006
[63] (0.5685) 1.5530: 0.06868 0 0.04846 0.005006
[64] (0.5731) 1.5665: 0.06915 0 0.04887 0.005006
[65] (0.5773) 1.5797: 0.06964 0 0.04928 0.005006
[66] (0.5816) 1.5924: 0.07016 0 0.04969 0.005006
[67] (0.5859) 1.6052: 0.07065 0 0.05009 0.005007
[68] (0.5902) 1.6179: 0.07112 0 0.05051 0.005008
[69] (0.5947) 1.6306: 0.07157 0 0.05093 0.005008
[70] (0.5989) 1.6434: 0.07199 0 0.05135 0.005009
[71] (0.6032) 1.6561: 0.07243 0 0.05177 0.005009
[72] (0.6073) 1.6688: 0.07293 0 0.05218 0.005009
[73] (0.6115) 1.6816: 0.07341 0 0.05258 0.005009
[74] (0.6156) 1.6943: 0.07385 0 0.05299 0.005009
[75] (0.6253) 1.7071: 0.07427 0 0.05342 0.005009
[76] (0.6368) 1.7198: 0.07467 0 0.05384 0.005009
[77] (0.6543) 1.7325: 0.07509 0 0.05426 0.00501
[78] (0.6586) 1.7453: 0.07556 0 0.05467 0.005011
[79] (0.6627) 1.7580: 0.07601 0 0.05507 0.005011
[80] (0.667) 1.7707: 0.07643 0 0.05548 0.005011
[81] (0.6711) 1.7835: 0.07682 0 0.05591 0.005012
[82] (0.6754) 1.7955: 0.07717 0 0.05631 0.005011
[83] (0.6795) 1.8069: 0.07752 0 0.05668 0.005013
[84] (0.6837) 1.8182: 0.07792 0 0.05705 0.005014
[85] (0.6878) 1.8296: 0.07829 0 0.05741 0.005014
[86] (0.6922) 1.8409: 0.07865 0 0.05777 0.005012
[87] (0.6966) 1.8523: 0.07899 0 0.05815 0.005012
[88] (0.7008) 1.8637: 0.07931 0 0.05852 0.005013
[89] (0.7049) 1.8750: 0.07961 0 0.05889 0.005013
[90] (0.7091) 1.8864: 0.07997 0 0.05926 0.005013
[91] (0.714) 1.8978: 0.08034 0 0.05963 0.005016
[92] (0.7188) 1.9091: 0.08068 0 0.06002 0.00502
[93] (0.7249) 1.9205: 0.08101 0 0.0604 0.005022
[94] (0.7294) 1.9318: 0.08131 0 0.06078 0.005023
[95] (0.7341) 1.9432: 0.08161 0 0.06115 0.005021
[96] (0.7389) 1.9546: 0.08191 0 0.06151 0.005019
[97] (0.7505) 1.9659: 0.08225 0 0.06188 0.00502
[98] (0.7786) 1.9773: 0.08258 0 0.06227 0.005022
[99] (0.7986) 1.9886: 0.0829 0 0.06266 0.005022
[100] (0.8089) 2.0000: 0.0832 0 0.06304 0.00502
*Write time: 0.167754. Average write time: 0.120949.
[101] (0.993) 2.0112: 0.08348 0 0.0634 0.005017
[102] (0.9976) 2.0223: 0.08375 0 0.06376 0.005014
[103] (1.002) 2.0333: 0.08402 0 0.06411 0.005025
[104] (1.007) 2.0442: 0.08433 0 0.06448 0.005042
[105] (1.011) 2.0551: 0.08462 0 0.06485 0.005062
[106] (1.015) 2.0659: 0.0849 0 0.06521 0.005077
[107] (1.019) 2.0768: 0.08517 0 0.06556 0.005087
[108] (1.023) 2.0876: 0.08544 0 0.06591 0.005088
[109] (1.027) 2.0985: 0.08569 0 0.06626 0.005078
[110] (1.032) 2.1094: 0.08593 0 0.06662 0.005074
[111] (1.036) 2.1202: 0.0862 0 0.06699 0.005064
[112] (1.04) 2.1311: 0.08648 0 0.06734 0.005057
[113] (1.044) 2.1419: 0.08675 0 0.0677 0.005052
[114] (1.049) 2.1528: 0.08702 0 0.06805 0.005062
[115] (1.053) 2.1637: 0.08727 0 0.0684 0.005085
[116] (1.057) 2.1745: 0.08752 0 0.06875 0.005103
[117] (1.062) 2.1854: 0.08776 0 0.06911 0.005115
[118] (1.067) 2.1963: 0.08799 0 0.06947 0.005117
[119] (1.071) 2.2071: 0.08824 0 0.06982 0.005108
[120] (1.075) 2.2180: 0.08851 0 0.07017 0.005094
[121] (1.079) 2.2288: 0.08877 0 0.07052 0.005079
[122] (1.084) 2.2397: 0.08902 0 0.07089 0.005095
[123] (1.088) 2.2506: 0.08927 0 0.07126 0.005115
[124] (1.093) 2.2614: 0.08952 0 0.07163 0.005131
[125] (1.097) 2.2723: 0.08976 0 0.07199 0.005141
[126] (1.102) 2.2831: 0.09001 0 0.07236 0.005145
[127] (1.106) 2.2938: 0.09026 0 0.07272 0.00514
[128] (1.11) 2.3044: 0.09051 0 0.07308 0.005129
[129] (1.114) 2.3148: 0.09077 0 0.07342 0.00512
[130] (1.119) 2.3251: 0.09102 0 0.07378 0.005115
[131] (1.123) 2.3355: 0.09129 0 0.07413 0.005112
[132] (1.127) 2.3459: 0.09154 0 0.07449 0.005132
[133] (1.131) 2.3563: 0.0918 0 0.07485 0.005175
[134] (1.135) 2.3667: 0.09205 0 0.07522 0.005214
[135] (1.139) 2.3771: 0.09228 0 0.07558 0.005248
[136] (1.144) 2.3874: 0.0925 0 0.07595 0.005275
[137] (1.148) 2.3978: 0.09275 0 0.07635 0.005294
[138] (1.152) 2.4082: 0.09301 0 0.07673 0.005303
[139] (1.156) 2.4186: 0.09325 0 0.0771 0.005301
[140] (1.161) 2.4290: 0.09349 0 0.07745 0.005288
[141] (1.165) 2.4394: 0.0937 0 0.07782 0.005278
[142] (1.169) 2.4497: 0.0939 0 0.07821 0.005262
[143] (1.173) 2.4601: 0.09411 0 0.0786 0.005265
[144] (1.177) 2.4703: 0.09435 0 0.07896 0.005257
[145] (1.182) 2.4805: 0.09458 0 0.07931 0.005243
[146] (1.186) 2.4907: 0.09479 0 0.07966 0.005249
[147] (1.19) 2.5009: 0.09499 0 0.08005 0.005247
[148] (1.194) 2.5111: 0.09516 0 0.08042 0.005234
[149] (1.198) 2.5212: 0.09533 0 0.08079 0.005227
[150] (1.202) 2.5314: 0.09555 0 0.08114 0.005232
[151] (1.206) 2.5416: 0.09577 0 0.08148 0.005228
[152] (1.211) 2.5518: 0.09596 0 0.08186 0.005214
[153] (1.215) 2.5618: 0.09614 0 0.08223 0.005212
[154] (1.219) 2.5715: 0.0963 0 0.08258 0.005226
[155] (1.223) 2.5812: 0.09645 0 0.08291 0.005236
[156] (1.227) 2.5910: 0.09662 0 0.08324 0.005241
[157] (1.232) 2.6007: 0.09681 0 0.08358 0.005241
[158] (1.237) 2.6105: 0.09699 0 0.08394 0.005237
[159] (1.241) 2.6202: 0.09716 0 0.08429 0.005235
[160] (1.245) 2.6299: 0.09731 0 0.08463 0.005232
[161] (1.249) 2.6397: 0.09745 0 0.08496 0.005235
[162] (1.254) 2.6494: 0.09758 0 0.08528 0.005234
[163] (1.258) 2.6591: 0.09775 0 0.08564 0.005228
[164] (1.263) 2.6689: 0.09793 0 0.08599 0.005234
[165] (1.267) 2.6786: 0.09809 0 0.08637 0.005236
[166] (1.272) 2.6884: 0.09823 0 0.08674 0.005233
[167] (1.276) 2.6981: 0.09836 0 0.08713 0.005225
[168] (1.28) 2.7078: 0.09848 0 0.08752 0.005231
[169] (1.284) 2.7176: 0.09861 0 0.08791 0.005232
[170] (1.288) 2.7273: 0.09878 0 0.0883 0.005228
[171] (1.292) 2.7371: 0.09893 0 0.08867 0.005222
[172] (1.297) 2.7468: 0.09906 0 0.08905 0.005227
[173] (1.301) 2.7565: 0.09917 0 0.08945 0.005227
[174] (1.305) 2.7663: 0.09927 0 0.08984 0.005222
[175] (1.309) 2.7760: 0.09938 0 0.09022 0.005219
[176] (1.313) 2.7857: 0.09953 0 0.09059 0.005224
[177] (1.319) 2.7955: 0.09966 0 0.09098 0.005223
[178] (1.323) 2.8052: 0.09977 0 0.09137 0.005216
[179] (1.327) 2.8150: 0.09987 0 0.09176 0.005217
[180] (1.331) 2.8247: 0.09994 0 0.09214 0.00522
[181] (1.336) 2.8344: 0.1 0 0.09255 0.005218
[182] (1.34) 2.8442: 0.1002 0 0.09296 0.005209
[183] (1.344) 2.8539: 0.1003 0 0.09336 0.005215
[184] (1.349) 2.8630: 0.1004 0 0.09375 0.005217
[185] (1.354) 2.8716: 0.1004 0 0.09413 0.005213
[186] (1.358) 2.8796: 0.1005 0 0.09447 0.005205
[187] (1.362) 2.8877: 0.1005 0 0.09482 0.005211
[188] (1.366) 2.8957: 0.1006 0 0.09515 0.005214
[189] (1.371) 2.9037: 0.1007 0 0.09548 0.005213
[190] (1.375) 2.9117: 0.1008 0 0.09582 0.005206
[191] (1.379) 2.9198: 0.1009 0 0.09617 0.005206
[192] (1.383) 2.9278: 0.1009 0 0.09652 0.005211
[193] (1.387) 2.9358: 0.101 0 0.09686 0.005211
[194] (1.391) 2.9438: 0.1011 0 0.09746 0.005205
[195] (1.397) 2.9519: 0.1012 0 0.09833 0.005202
[196] (1.401) 2.9599: 0.1013 0 0.0992 0.005208
[197] (1.406) 2.9679: 0.1014 0 0.1 0.005208
[198] (1.411) 2.9759: 0.1015 0 0.1009 0.005203
[199] (1.415) 2.9840: 0.1016 0 0.1016 0.005196
[200] (1.419) 2.9920: 0.1017 0 0.1024 0.005203
[201] (1.424) 3.0000: 0.1018 0 0.1033 0.005204
*Write time: 0.0495195. Average write time: 0.0971395.
[202] (1.479) 3.0080: 0.1019 0 0.1041 0.005199
[203] (1.483) 3.0160: 0.102 0 0.105 0.005189
[204] (1.488) 3.0240: 0.1021 0 0.1058 0.005197
[205] (1.492) 3.0320: 0.1022 0 0.1065 0.005198
[206] (1.496) 3.0400: 0.1023 0 0.1073 0.005193
[207] (1.5) 3.0480: 0.1024 0 0.1082 0.005183
[208] (1.504) 3.0560: 0.1025 0 0.1091 0.005191
[209] (1.508) 3.0640: 0.1026 0 0.1099 0.005192
[210] (1.513) 3.0720: 0.1027 0 0.1107 0.005187
[211] (1.518) 3.0800: 0.1027 0 0.1114 0.005178
[212] (1.522) 3.0880: 0.1028 0 0.1124 0.005186
[213] (1.526) 3.0960: 0.1028 0 0.1135 0.005187
[214] (1.53) 3.1040: 0.1029 0 0.1145 0.005181
[215] (1.534) 3.1120: 0.103 0 0.1154 0.005174
[216] (1.538) 3.1200: 0.1031 0 0.1164 0.005182
[217] (1.542) 3.1280: 0.1032 0 0.1173 0.005183
[218] (1.547) 3.1360: 0.1032 0 0.1184 0.005175
[219] (1.551) 3.1440: 0.1033 0 0.1194 0.005172
[220] (1.555) 3.1520: 0.1034 0 0.1204 0.005179
[221] (1.559) 3.1600: 0.1035 0 0.1213 0.005178
[222] (1.563) 3.1680: 0.1036 0 0.1223 0.005169
[223] (1.567) 3.1759: 0.1037 0 0.1234 0.005172
[224] (1.572) 3.1838: 0.1038 0 0.1244 0.005178
[225] (1.576) 3.1916: 0.1039 0 0.1254 0.005175
[226] (1.58) 3.1994: 0.104 0 0.1262 0.005163
[227] (1.585) 3.2071: 0.1041 0 0.1272 0.005173
[228] (1.589) 3.2147: 0.1042 0 0.1282 0.005177
[229] (1.593) 3.2223: 0.1043 0 0.1292 0.005172
[230] (1.597) 3.2297: 0.1044 0 0.1302 0.005162
[231] (1.602) 3.2372: 0.1044 0 0.131 0.005174
[232] (1.606) 3.2445: 0.1045 0 0.1319 0.005177
[233] (1.61) 3.2518: 0.1046 0 0.1329 0.005172
[234] (1.614) 3.2592: 0.1047 0 0.1339 0.005165
[235] (1.618) 3.2664: 0.1048 0 0.1348 0.005177
[236] (1.622) 3.2736: 0.1049 0 0.1355 0.005179
[237] (1.626) 3.2807: 0.1049 0 0.1365 0.005172
[238] (1.63) 3.2879: 0.1049 0 0.1375 0.005169
[239] (1.634) 3.2949: 0.105 0 0.1384 0.00518
[240] (1.638) 3.3019: 0.1051 0 0.1392 0.005181
[241] (1.642) 3.3088: 0.1052 0 0.14 0.005173
[242] (1.647) 3.3157: 0.1052 0 0.141 0.005171
[243] (1.651) 3.3226: 0.1053 0 0.142 0.005182
[244] (1.655) 3.3295: 0.1053 0 0.1428 0.005183
[245] (1.659) 3.3362: 0.1053 0 0.1436 0.005174
[246] (1.663) 3.3430: 0.1054 0 0.1444 0.005173
[247] (1.667) 3.3497: 0.1054 0 0.1454 0.005184
[248] (1.671) 3.3564: 0.1055 0 0.1463 0.005185
[249] (1.675) 3.3629: 0.1055 0 0.147 0.005175
[250] (1.68) 3.3695: 0.1056 0 0.1477 0.005175
[251] (1.684) 3.3761: 0.1056 0 0.1486 0.005186
[252] (1.688) 3.3826: 0.1056 0 0.1496 0.005187
[253] (1.693) 3.3891: 0.1056 0 0.1504 0.005176
[254] (1.697) 3.3956: 0.1056 0 0.1512 0.005176
[255] (1.701) 3.4020: 0.1057 0 0.1518 0.005188
[256] (1.705) 3.4084: 0.1057 0 0.1528 0.005189
[257] (1.709) 3.4148: 0.1057 0 0.1537 0.005178
[258] (1.713) 3.4211: 0.1058 0 0.1545 0.005176
[259] (1.718) 3.4274: 0.1058 0 0.1551 0.005189
[260] (1.722) 3.4337: 0.1058 0 0.1558 0.00519
[261] (1.727) 3.4399: 0.1059 0 0.1568 0.005179
[262] (1.731) 3.4460: 0.1059 0 0.1576 0.005175
[263] (1.735) 3.4521: 0.106 0 0.1584 0.005189
[264] (1.739) 3.4581: 0.106 0 0.1589 0.005191
[265] (1.744) 3.4641: 0.1061 0 0.1596 0.005182
[266] (1.748) 3.4700: 0.1062 0 0.1606 0.005171
[267] (1.752) 3.4760: 0.1063 0 0.1614 0.005187
[268] (1.756) 3.4820: 0.1063 0 0.1621 0.005193
[269] (1.761) 3.4879: 0.1064 0 0.1626 0.005185
[270] (1.765) 3.4939: 0.1064 0 0.1634 0.005167
[271] (1.769) 3.4998: 0.1064 0 0.1643 0.005186
[272] (1.774) 3.5057: 0.1064 0 0.1651 0.005194
[273] (1.779) 3.5115: 0.1065 0 0.1657 0.005188
[274] (1.796) 3.5173: 0.1066 0 0.1662 0.005167
[275] (1.808) 3.5231: 0.1066 0 0.1671 0.005184
[276] (1.819) 3.5290: 0.1067 0 0.168 0.005194
[277] (1.824) 3.5347: 0.1067 0 0.1687 0.00519
[278] (1.829) 3.5404: 0.1067 0 0.1692 0.005171
[279] (1.833) 3.5460: 0.1067 0 0.1697 0.005179
[280] (1.837) 3.5515: 0.1068 0 0.1706 0.005192
[281] (1.841) 3.5571: 0.1069 0 0.1714 0.005192
[282] (1.846) 3.5626: 0.107 0 0.1721 0.005177
[283] (1.851) 3.5681: 0.1071 0 0.1726 0.005171
[284] (1.855) 3.5737: 0.1071 0 0.1731 0.005188
[285] (1.859) 3.5792: 0.1071 0 0.174 0.005193
[286] (1.863) 3.5847: 0.1072 0 0.1748 0.005182
[287] (1.867) 3.5903: 0.1073 0 0.1754 0.005162
[288] (1.872) 3.5958: 0.1074 0 0.1759 0.005184
[289] (1.876) 3.6014: 0.1075 0 0.1764 0.005193
[290] (1.88) 3.6068: 0.1076 0 0.1773 0.005185
[291] (1.884) 3.6123: 0.1076 0 0.1781 0.00516
[292] (1.889) 3.6177: 0.1077 0 0.1787 0.005178
[293] (1.893) 3.6232: 0.1077 0 0.1791 0.005191
[294] (1.897) 3.6286: 0.1078 0 0.1797 0.005187
[295] (1.901) 3.6340: 0.1079 0 0.1806 0.005166
[296] (1.905) 3.6393: 0.108 0 0.1813 0.005169
[297] (1.909) 3.6447: 0.108 0 0.1818 0.005186
[298] (1.914) 3.6500: 0.1081 0 0.1822 0.005187
[299] (1.918) 3.6553: 0.1081 0 0.1828 0.005171
[300] (1.922) 3.6604: 0.1081 0 0.1836 0.005155
[301] (1.926) 3.6655: 0.1082 0 0.1843 0.005177
[302] (1.93) 3.6705: 0.1082 0 0.1848 0.005185
[303] (1.934) 3.6756: 0.1083 0 0.1851 0.005176
[304] (1.938) 3.6807: 0.1083 0 0.1857 0.005149
[305] (1.943) 3.6857: 0.1084 0 0.1865 0.005162
[306] (1.947) 3.6908: 0.1084 0 0.1871 0.005178
[307] (1.951) 3.6959: 0.1085 0 0.1876 0.005178
[308] (1.955) 3.7010: 0.1085 0 0.188 0.005158
[309] (1.959) 3.7060: 0.1085 0 0.1886 0.005145
[310] (1.963) 3.7111: 0.1085 0 0.1893 0.005168
[311] (1.968) 3.7162: 0.1086 0 0.19 0.005175
[312] (1.972) 3.7212: 0.1086 0 0.1904 0.005163
[313] (1.976) 3.7263: 0.1087 0 0.1908 0.005129
[314] (1.98) 3.7314: 0.1087 0 0.1914 0.005155
[315] (1.984) 3.7364: 0.1087 0 0.1921 0.005169
[316] (1.988) 3.7415: 0.1088 0 0.1927 0.005164
[317] (1.993) 3.7465: 0.1088 0 0.1932 0.005138
[318] (2.002) 3.7513: 0.1088 0 0.1935 0.005138
[319] (2.006) 3.7561: 0.1088 0 0.194 0.005158
[320] (2.01) 3.7609: 0.1088 0 0.1947 0.005162
[321] (2.014) 3.7657: 0.1089 0 0.1953 0.005147
[322] (2.019) 3.7705: 0.1089 0 0.1957 0.005127
[323] (2.023) 3.7753: 0.1089 0 0.196 0.00514
[324] (2.027) 3.7800: 0.109 0 0.1965 0.005154
[325] (2.031) 3.7848: 0.1091 0 0.1972 0.00515
[326] (2.035) 3.7896: 0.1092 0 0.1978 0.005137
[327] (2.04) 3.7944: 0.1092 0 0.1982 0.005133
[328] (2.044) 3.7992: 0.1093 0 0.1985 0.00514
[329] (2.048) 3.8039: 0.1093 0 0.1989 0.005146
[330] (2.052) 3.8087: 0.1094 0 0.1996 0.005138
[331] (2.056) 3.8135: 0.1094 0 0.2002 0.005143
[332] (2.06) 3.8183: 0.1094 0 0.2006 0.005136
[333] (2.064) 3.8231: 0.1095 0 0.2009 0.005137
[334] (2.068) 3.8279: 0.1095 0 0.2013 0.005133
[335] (2.072) 3.8326: 0.1096 0 0.202 0.005145
[336] (2.076) 3.8374: 0.1096 0 0.2025 0.005147
[337] (2.081) 3.8422: 0.1097 0 0.2029 0.005137
[338] (2.085) 3.8470: 0.1097 0 0.2032 0.005134
[339] (2.091) 3.8518: 0.1097 0 0.2036 0.005141
[340] (2.098) 3.8565: 0.1097 0 0.2043 0.005151
[341] (2.103) 3.8612: 0.1097 0 0.2048 0.00515
[342] (2.107) 3.8657: 0.1098 0 0.2052 0.005138
[343] (2.111) 3.8701: 0.1098 0 0.2054 0.005139
[344] (2.115) 3.8746: 0.1099 0 0.2057 0.005146
[345] (2.119) 3.8791: 0.1099 0 0.2063 0.005155
[346] (2.123) 3.8836: 0.11 0 0.2068 0.005153
[347] (2.127) 3.8880: 0.11 0 0.2072 0.005141
[348] (2.13) 3.8925: 0.11 0 0.2075 0.005144
[349] (2.134) 3.8970: 0.11 0 0.2076 0.005149
[350] (2.138) 3.9015: 0.1099 0 0.2083 0.005158
[351] (2.142) 3.9060: 0.11 0 0.2088 0.005155
[352] (2.146) 3.9104: 0.11 0 0.2092 0.005143
[353] (2.15) 3.9149: 0.1101 0 0.2095 0.005149
[354] (2.154) 3.9194: 0.1101 0 0.2096 0.005151
[355] (2.159) 3.9239: 0.1101 0 0.2102 0.005159
[356] (2.163) 3.9283: 0.1101 0 0.2108 0.005153
[357] (2.167) 3.9328: 0.1101 0 0.2112 0.005146
[358] (2.171) 3.9373: 0.1101 0 0.2114 0.005154
[359] (2.175) 3.9418: 0.1101 0 0.2116 0.005154
[360] (2.179) 3.9463: 0.1101 0 0.212 0.005158
[361] (2.183) 3.9507: 0.1102 0 0.2126 0.005149
[362] (2.188) 3.9552: 0.1102 0 0.213 0.005149
[363] (2.2) 3.9597: 0.1102 0 0.2133 0.005158
[364] (2.205) 3.9642: 0.1103 0 0.2134 0.00516
[365] (2.209) 3.9687: 0.1103 0 0.2138 0.005157
[366] (2.213) 3.9731: 0.1103 0 0.2144 0.005142
[367] (2.217) 3.9776: 0.1103 0 0.2148 0.005153
[368] (2.222) 3.9821: 0.1103 0 0.2151 0.005163
[369] (2.226) 3.9866: 0.1104 0 0.2152 0.005165
[370] (2.23) 3.9910: 0.1105 0 0.2155 0.005156
[371] (2.234) 3.9955: 0.1106 0 0.2161 0.00514
[372] (2.238) 4.0000: 0.1106 0 0.2165 0.005156
*Write time: 0.061095. Average write time: 0.0881283.
[373] (2.304) 4.0045: 0.1107 0 0.2168 0.005167
[374] (2.308) 4.0089: 0.1107 0 0.2169 0.005169
[375] (2.319) 4.0133: 0.1107 0 0.2172 0.00516
[376] (2.323) 4.0178: 0.1107 0 0.2177 0.005144
[377] (2.327) 4.0222: 0.1107 0 0.2181 0.00516
[378] (2.331) 4.0266: 0.1107 0 0.2184 0.005171
[379] (2.335) 4.0310: 0.1108 0 0.2185 0.005173
[380] (2.339) 4.0355: 0.1109 0 0.2187 0.005162
[381] (2.344) 4.0399: 0.1109 0 0.2193 0.005147
[382] (2.351) 4.0443: 0.1109 0 0.2197 0.005165
[383] (2.355) 4.0487: 0.111 0 0.2199 0.005176
[384] (2.359) 4.0532: 0.111 0 0.2201 0.005176
[385] (2.364) 4.0576: 0.111 0 0.2202 0.005163
[386] (2.368) 4.0620: 0.1109 0 0.2207 0.005152
[387] (2.372) 4.0664: 0.111 0 0.2211 0.00517
[388] (2.376) 4.0708: 0.111 0 0.2214 0.00518
[389] (2.38) 4.0752: 0.1111 0 0.2215 0.005178
[390] (2.384) 4.0795: 0.1111 0 0.2216 0.005162
[391] (2.388) 4.0838: 0.1111 0 0.2221 0.005157
[392] (2.392) 4.0881: 0.1111 0 0.2225 0.005174
[393] (2.403) 4.0925: 0.1111 0 0.2228 0.005183
[394] (2.407) 4.0968: 0.1111 0 0.2229 0.005179
[395] (2.411) 4.1011: 0.1112 0 0.223 0.005159
[396] (2.415) 4.1054: 0.1112 0 0.2234 0.005161
[397] (2.419) 4.1097: 0.1112 0 0.2238 0.005178
[398] (2.424) 4.1141: 0.1113 0 0.2241 0.005185
[399] (2.428) 4.1184: 0.1113 0 0.2242 0.005178
[400] (2.433) 4.1227: 0.1114 0 0.2243 0.005154
[401] (2.437) 4.1270: 0.1114 0 0.2246 0.005166
[402] (2.441) 4.1314: 0.1115 0 0.225 0.005182
[403] (2.445) 4.1357: 0.1116 0 0.2253 0.005186
[404] (2.449) 4.1400: 0.1117 0 0.2255 0.005176
[405] (2.454) 4.1443: 0.1117 0 0.2256 0.00515
[406] (2.458) 4.1486: 0.1118 0 0.2258 0.005171
[407] (2.462) 4.1530: 0.1118 0 0.2262 0.005185
[408] (2.466) 4.1573: 0.1119 0 0.2264 0.005186
[409] (2.47) 4.1615: 0.112 0 0.2266 0.00517
[410] (2.474) 4.1658: 0.112 0 0.2268 0.005156
[411] (2.478) 4.1701: 0.1121 0 0.2268 0.005176
[412] (2.483) 4.1744: 0.1121 0 0.2272 0.005187
[413] (2.487) 4.1787: 0.1122 0 0.2275 0.005184
[414] (2.491) 4.1829: 0.1122 0 0.2277 0.005183
[415] (2.495) 4.1872: 0.1123 0 0.2279 0.00518
[416] (2.499) 4.1915: 0.1124 0 0.2279 0.005181
[417] (2.503) 4.1958: 0.1124 0 0.2282 0.005188
[418] (2.507) 4.2000: 0.1125 0 0.2285 0.00518
[419] (2.511) 4.2043: 0.1126 0 0.2288 0.005152
[420] (2.516) 4.2086: 0.1126 0 0.2289 0.005168
[421] (2.521) 4.2128: 0.1127 0 0.229 0.005185
[422] (2.525) 4.2171: 0.1127 0 0.2291 0.005189
[423] (2.529) 4.2213: 0.1128 0 0.2295 0.005175
[424] (2.533) 4.2256: 0.1128 0 0.2297 0.005178
[425] (2.537) 4.2298: 0.1129 0 0.2299 0.005199
[426] (2.541) 4.2340: 0.1129 0 0.23 0.005202
[427] (2.545) 4.2382: 0.113 0 0.2301 0.005191
[428] (2.549) 4.2424: 0.113 0 0.2303 0.005169
[429] (2.553) 4.2465: 0.1131 0 0.2306 0.005158
[430] (2.56) 4.2507: 0.1131 0 0.2308 0.00518
[431] (2.564) 4.2548: 0.1132 0 0.2309 0.005191
[432] (2.568) 4.2590: 0.1132 0 0.231 0.005187
[433] (2.572) 4.2632: 0.1133 0 0.2311 0.005162
[434] (2.576) 4.2673: 0.1133 0 0.2314 0.005165
[435] (2.58) 4.2715: 0.1134 0 0.2316 0.005185
[436] (2.584) 4.2757: 0.1135 0 0.2318 0.005205
[437] (2.589) 4.2798: 0.1135 0 0.2319 0.00522
[438] (2.593) 4.2840: 0.1136 0 0.232 0.005219
[439] (2.601) 4.2882: 0.1136 0 0.2321 0.005204
[440] (2.609) 4.2923: 0.1137 0 0.2323 0.005191
[441] (2.628) 4.2965: 0.1137 0 0.2326 0.005196
[442] (2.642) 4.3006: 0.1138 0 0.2327 0.005182
[443] (2.649) 4.3048: 0.1138 0 0.2329 0.005153
[444] (2.658) 4.3090: 0.1139 0 0.233 0.005179
[445] (2.67) 4.3131: 0.1139 0 0.2331 0.005196
[446] (2.677) 4.3173: 0.114 0 0.2333 0.005197
[447] (2.681) 4.3215: 0.1141 0 0.2335 0.005203
[448] (2.686) 4.3256: 0.1141 0 0.2336 0.00523
[449] (2.69) 4.3298: 0.1141 0 0.2338 0.00524
[450] (2.694) 4.3339: 0.1142 0 0.234 0.005234
[451] (2.698) 4.3381: 0.1142 0 0.2341 0.005214
[452] (2.702) 4.3423: 0.1143 0 0.2343 0.005182
[453] (2.706) 4.3464: 0.1143 0 0.2344 0.005171
[454] (2.71) 4.3506: 0.1143 0 0.2346 0.005195
[455] (2.714) 4.3548: 0.1144 0 0.2347 0.005206
[456] (2.718) 4.3589: 0.1144 0 0.2349 0.005198
[457] (2.722) 4.3630: 0.1145 0 0.2351 0.005164
[458] (2.726) 4.3672: 0.1145 0 0.2353 0.005189
[459] (2.73) 4.3713: 0.1145 0 0.2355 0.005229
[460] (2.734) 4.3754: 0.1146 0 0.2357 0.005252
[461] (2.739) 4.3796: 0.1146 0 0.2359 0.005257
[462] (2.743) 4.3837: 0.1146 0 0.2361 0.005248
[463] (2.747) 4.3878: 0.1147 0 0.2363 0.005225
[464] (2.751) 4.3920: 0.1147 0 0.2365 0.005209
[465] (2.755) 4.3960: 0.1147 0 0.2366 0.005213
[466] (2.759) 4.4001: 0.1147 0 0.2368 0.005196
[467] (2.763) 4.4041: 0.1147 0 0.237 0.005163
[468] (2.767) 4.4082: 0.1148 0 0.2372 0.005193
[469] (2.771) 4.4122: 0.1148 0 0.2375 0.005213
[470] (2.776) 4.4163: 0.1148 0 0.2377 0.005216
[471] (2.78) 4.4204: 0.1149 0 0.2379 0.005248
[472] (2.784) 4.4244: 0.1149 0 0.2381 0.005269
[473] (2.788) 4.4285: 0.1149 0 0.2382 0.005274
[474] (2.792) 4.4325: 0.1149 0 0.2384 0.005265
[475] (2.796) 4.4366: 0.115 0 0.2386 0.005242
[476] (2.8) 4.4406: 0.1151 0 0.2388 0.005207
[477] (2.804) 4.4447: 0.1151 0 0.2391 0.005169
[478] (2.808) 4.4487: 0.1152 0 0.2393 0.0052
[479] (2.812) 4.4528: 0.1153 0 0.2395 0.005219
[480] (2.816) 4.4568: 0.1153 0 0.2397 0.00522
[481] (2.82) 4.4609: 0.1154 0 0.2398 0.005195
[482] (2.824) 4.4649: 0.1155 0 0.24 0.005225
[483] (2.828) 4.4690: 0.1156 0 0.2402 0.005264
[484] (2.831) 4.4731: 0.1157 0 0.2404 0.005286
[485] (2.835) 4.4771: 0.1157 0 0.2407 0.005291
[486] (2.84) 4.4812: 0.1158 0 0.2409 0.005282
[487] (2.844) 4.4852: 0.1158 0 0.2411 0.005259
[488] (2.848) 4.4892: 0.1159 0 0.2412 0.005225
[489] (2.851) 4.4932: 0.116 0 0.2414 0.00522
[490] (2.856) 4.4972: 0.116 0 0.2416 0.005221
[491] (2.86) 4.5011: 0.116 0 0.2418 0.005196
[492] (2.864) 4.5050: 0.1161 0 0.242 0.005193
[493] (2.868) 4.5090: 0.1162 0 0.2422 0.005195
[494] (2.872) 4.5129: 0.1162 0 0.2424 0.00523
[495] (2.877) 4.5168: 0.1163 0 0.2426 0.005272
[496] (2.882) 4.5208: 0.1164 0 0.2428 0.005298
[497] (2.887) 4.5247: 0.1164 0 0.2429 0.005308
[498] (2.891) 4.5286: 0.1165 0 0.2431 0.005303
[499] (2.9) 4.5325: 0.1165 0 0.2433 0.005285
[500] (2.904) 4.5365: 0.1166 0 0.2435 0.005255
[501] (2.909) 4.5404: 0.1166 0 0.2437 0.005216
[502] (2.913) 4.5443: 0.1166 0 0.2439 0.005215
[503] (2.917) 4.5483: 0.1167 0 0.244 0.005208
[504] (2.921) 4.5522: 0.1167 0 0.2442 0.0052
[505] (2.925) 4.5561: 0.1168 0 0.2444 0.005213
[506] (2.929) 4.5600: 0.1168 0 0.2445 0.005222
[507] (2.933) 4.5640: 0.1169 0 0.2447 0.005272
[508] (2.937) 4.5679: 0.1169 0 0.2449 0.005305
[509] (2.941) 4.5718: 0.1169 0 0.2451 0.005322
[510] (2.951) 4.5757: 0.117 0 0.2453 0.005323
[511] (2.96) 4.5797: 0.117 0 0.2454 0.005311
[512] (2.974) 4.5836: 0.117 0 0.2456 0.005286
[513] (2.984) 4.5875: 0.1171 0 0.2457 0.00525
[514] (3) 4.5915: 0.1171 0 0.2459 0.005204
[515] (3.011) 4.5954: 0.1171 0 0.2461 0.005197
[516] (3.015) 4.5993: 0.1171 0 0.2462 0.005202
[517] (3.019) 4.6032: 0.1172 0 0.2464 0.005225
[518] (3.024) 4.6072: 0.1172 0 0.2466 0.005231
[519] (3.028) 4.6111: 0.1172 0 0.2467 0.005267
[520] (3.032) 4.6150: 0.1173 0 0.2469 0.005308
[521] (3.036) 4.6190: 0.1173 0 0.247 0.005332
[522] (3.041) 4.6229: 0.1173 0 0.2471 0.005341
[523] (3.045) 4.6268: 0.1173 0 0.2473 0.005334
[524] (3.049) 4.6307: 0.1173 0 0.2475 0.005315
[525] (3.053) 4.6347: 0.1173 0 0.2477 0.005283
[526] (3.057) 4.6386: 0.1173 0 0.2479 0.005241
[527] (3.062) 4.6425: 0.1173 0 0.248 0.005209
[528] (3.066) 4.6465: 0.1174 0 0.2482 0.005227
[529] (3.07) 4.6504: 0.1174 0 0.2483 0.005225
[530] (3.074) 4.6543: 0.1174 0 0.2485 0.005198
[531] (3.078) 4.6582: 0.1174 0 0.2486 0.005258
[532] (3.083) 4.6621: 0.1174 0 0.2488 0.005307
[533] (3.087) 4.6660: 0.1174 0 0.249 0.005339
[534] (3.091) 4.6699: 0.1175 0 0.2492 0.005355
[535] (3.095) 4.6738: 0.1175 0 0.2493 0.005356
[536] (3.099) 4.6777: 0.1176 0 0.2495 0.005343
[537] (3.103) 4.6815: 0.1177 0 0.2497 0.005317
[538] (3.108) 4.6854: 0.1177 0 0.2498 0.005281
[539] (3.112) 4.6893: 0.1178 0 0.2499 0.005234
[540] (3.116) 4.6932: 0.1179 0 0.2501 0.005216
[541] (3.12) 4.6971: 0.118 0 0.2502 0.00521
[542] (3.124) 4.7010: 0.118 0 0.2504 0.005221
[543] (3.128) 4.7048: 0.1181 0 0.2506 0.005234
[544] (3.132) 4.7087: 0.1181 0 0.2508 0.005294
[545] (3.136) 4.7126: 0.1182 0 0.2509 0.005337
[546] (3.14) 4.7165: 0.1182 0 0.2511 0.005363
[547] (3.144) 4.7204: 0.1183 0 0.2512 0.005373
[548] (3.148) 4.7243: 0.1183 0 0.2513 0.005368
[549] (3.152) 4.7281: 0.1184 0 0.2515 0.00535
[550] (3.156) 4.7320: 0.1184 0 0.2516 0.005321
[551] (3.16) 4.7358: 0.1185 0 0.2518 0.005281
[552] (3.164) 4.7395: 0.1185 0 0.252 0.005234
[553] (3.168) 4.7431: 0.1186 0 0.2521 0.005225
[554] (3.172) 4.7468: 0.1186 0 0.2522 0.005221
[555] (3.176) 4.7504: 0.1187 0 0.2523 0.005195
[556] (3.18) 4.7540: 0.1187 0 0.2524 0.005251
[557] (3.184) 4.7576: 0.1187 0 0.2525 0.005307
[558] (3.188) 4.7612: 0.1188 0 0.2527 0.005348
[559] (3.192) 4.7648: 0.1188 0 0.2528 0.005375
[560] (3.196) 4.7685: 0.1188 0 0.253 0.005388
[561] (3.2) 4.7721: 0.1188 0 0.2531 0.005387
[562] (3.204) 4.7757: 0.1189 0 0.2532 0.005375
[563] (3.208) 4.7793: 0.1189 0 0.2534 0.005351
[564] (3.212) 4.7829: 0.119 0 0.2535 0.005318
[565] (3.216) 4.7866: 0.119 0 0.2536 0.005275
[566] (3.219) 4.7902: 0.1191 0 0.2536 0.005226
[567] (3.224) 4.7938: 0.1191 0 0.2538 0.005198
[568] (3.228) 4.7974: 0.1191 0 0.254 0.005207
[569] (3.232) 4.8010: 0.1192 0 0.2541 0.005226
[570] (3.236) 4.8046: 0.1192 0 0.2542 0.005292
[571] (3.24) 4.8083: 0.1192 0 0.2543 0.005343
[572] (3.244) 4.8119: 0.1193 0 0.2545 0.005378
[573] (3.248) 4.8155: 0.1193 0 0.2546 0.005399
[574] (3.252) 4.8191: 0.1193 0 0.2546 0.005406
[575] (3.257) 4.8227: 0.1194 0 0.2547 0.0054
[576] (3.261) 4.8263: 0.1194 0 0.2549 0.005383
[577] (3.265) 4.8300: 0.1194 0 0.255 0.005354
[578] (3.269) 4.8336: 0.1195 0 0.2551 0.005316
[579] (3.273) 4.8372: 0.1195 0 0.2553 0.00527
[580] (3.277) 4.8408: 0.1195 0 0.2554 0.00522
[581] (3.281) 4.8444: 0.1196 0 0.2555 0.005219
[582] (3.285) 4.8481: 0.1196 0 0.2556 0.005213
[583] (3.289) 4.8517: 0.1196 0 0.2556 0.005271
[584] (3.294) 4.8553: 0.1196 0 0.2557 0.005331
[585] (3.298) 4.8589: 0.1196 0 0.2558 0.005376
[586] (3.302) 4.8625: 0.1197 0 0.256 0.005405
[587] (3.306) 4.8661: 0.1197 0 0.2561 0.005421
[588] (3.31) 4.8698: 0.1197 0 0.2562 0.005422
[589] (3.314) 4.8734: 0.1197 0 0.2563 0.005411
[590] (3.318) 4.8770: 0.1198 0 0.2564 0.005389
[591] (3.322) 4.8806: 0.1198 0 0.2564 0.005356
[592] (3.326) 4.8842: 0.1199 0 0.2565 0.005314
[593] (3.33) 4.8879: 0.12 0 0.2566 0.005264
[594] (3.334) 4.8915: 0.12 0 0.2567 0.005224
[595] (3.338) 4.8951: 0.1201 0 0.2568 0.005207
[596] (3.343) 4.8987: 0.1202 0 0.2569 0.005243
[597] (3.347) 4.9023: 0.1202 0 0.257 0.005313
[598] (3.351) 4.9059: 0.1203 0 0.2571 0.005367
[599] (3.355) 4.9096: 0.1204 0 0.2571 0.005406
[600] (3.359) 4.9132: 0.1204 0 0.2572 0.00543
[601] (3.363) 4.9168: 0.1205 0 0.2572 0.00544
[602] (3.368) 4.9204: 0.1205 0 0.2573 0.005436
[603] (3.372) 4.9240: 0.1206 0 0.2574 0.00542
[604] (3.376) 4.9276: 0.1207 0 0.2575 0.005393
[605] (3.38) 4.9313: 0.1207 0 0.2576 0.005356
[606] (3.384) 4.9349: 0.1208 0 0.2577 0.00531
[607] (3.388) 4.9385: 0.1209 0 0.2577 0.005256
[608] (3.392) 4.9421: 0.1209 0 0.2578 0.005227
[609] (3.397) 4.9457: 0.121 0 0.2578 0.005207
[610] (3.401) 4.9494: 0.121 0 0.2579 0.005287
[611] (3.405) 4.9530: 0.1211 0 0.2579 0.005352
[612] (3.409) 4.9566: 0.1211 0 0.258 0.0054
[613] (3.413) 4.9602: 0.1212 0 0.2581 0.005433
[614] (3.418) 4.9638: 0.1212 0 0.2582 0.005452
[615] (3.422) 4.9674: 0.1213 0 0.2583 0.005456
[616] (3.426) 4.9711: 0.1213 0 0.2583 0.005448
[617] (3.43) 4.9747: 0.1214 0 0.2584 0.005427
[618] (3.434) 4.9783: 0.1214 0 0.2584 0.005395
[619] (3.438) 4.9819: 0.1214 0 0.2584 0.005354
[620] (3.443) 4.9855: 0.1215 0 0.2585 0.005304
[621] (3.447) 4.9891: 0.1215 0 0.2586 0.005254
[622] (3.451) 4.9928: 0.1216 0 0.2587 0.005229
[623] (3.455) 4.9964: 0.1216 0 0.2587 0.005253
[624] (3.459) 5.0000: 0.1216 0 0.2588 0.005328
*Write time: 0.0516901. Average write time: 0.0808407.
[625] (3.516) 5.0036: 0.1217 0 0.2589 0.005387
[626] (3.52) 5.0072: 0.1217 0 0.2589 0.00543
[627] (3.524) 5.0108: 0.1218 0 0.2589 0.005458
[628] (3.529) 5.0144: 0.1218 0 0.2589 0.005471
[629] (3.533) 5.0181: 0.1218 0 0.2589 0.005471
[630] (3.537) 5.0217: 0.1219 0 0.259 0.005458
[631] (3.541) 5.0253: 0.1219 0 0.2591 0.005432
[632] (3.545) 5.0289: 0.1219 0 0.2592 0.005397
[633] (3.549) 5.0325: 0.122 0 0.2592 0.005352
[634] (3.554) 5.0361: 0.122 0 0.2592 0.005299
[635] (3.558) 5.0397: 0.122 0 0.2593 0.005258
[636] (3.562) 5.0433: 0.1221 0 0.2593 0.00523
[637] (3.566) 5.0469: 0.1221 0 0.2592 0.005294
[638] (3.57) 5.0505: 0.1221 0 0.2593 0.005364
[639] (3.574) 5.0542: 0.1221 0 0.2593 0.005418
[640] (3.578) 5.0578: 0.1222 0 0.2594 0.005456
[641] (3.582) 5.0614: 0.1222 0 0.2594 0.00548
[642] (3.586) 5.0650: 0.1222 0 0.2595 0.005488
[643] (3.59) 5.0686: 0.1222 0 0.2595 0.005484
[644] (3.594) 5.0722: 0.1223 0 0.2594 0.005466
[645] (3.598) 5.0758: 0.1223 0 0.2594 0.005437
[646] (3.602) 5.0794: 0.1223 0 0.2594 0.005398
[647] (3.606) 5.0830: 0.1223 0 0.2594 0.005349
[648] (3.61) 5.0866: 0.1224 0 0.2595 0.005293
[649] (3.614) 5.0903: 0.1224 0 0.2595 0.005262
[650] (3.618) 5.0939: 0.1224 0 0.2595 0.005256
[651] (3.621) 5.0975: 0.1224 0 0.2595 0.005331
[652] (3.625) 5.1011: 0.1224 0 0.2595 0.005397
[653] (3.629) 5.1047: 0.1225 0 0.2594 0.005446
[654] (3.634) 5.1083: 0.1225 0 0.2594 0.00548
[655] (3.638) 5.1119: 0.1225 0 0.2593 0.005499
[656] (3.642) 5.1155: 0.1225 0 0.2594 0.005503
[657] (3.646) 5.1191: 0.1225 0 0.2594 0.005494
[658] (3.65) 5.1227: 0.1226 0 0.2594 0.005473
[659] (3.655) 5.1264: 0.1226 0 0.2594 0.00544
[660] (3.659) 5.1300: 0.1226 0 0.2593 0.005398
[661] (3.663) 5.1336: 0.1226 0 0.2593 0.005346
[662] (3.667) 5.1372: 0.1226 0 0.2592 0.00529
[663] (3.671) 5.1408: 0.1226 0 0.2591 0.005265
[664] (3.675) 5.1444: 0.1226 0 0.2591 0.005288
[665] (3.679) 5.1480: 0.1227 0 0.2591 0.005366
[666] (3.683) 5.1516: 0.1227 0 0.2591 0.005427
[667] (3.688) 5.1552: 0.1227 0 0.259 0.005472
[668] (3.692) 5.1588: 0.1227 0 0.259 0.005502
[669] (3.696) 5.1625: 0.1227 0 0.2589 0.005516
[670] (3.7) 5.1661: 0.1227 0 0.2588 0.005517
[671] (3.704) 5.1697: 0.1227 0 0.2587 0.005504
[672] (3.708) 5.1733: 0.1227 0 0.2587 0.005479
[673] (3.712) 5.1769: 0.1227 0 0.2586 0.005443
[674] (3.716) 5.1805: 0.1227 0 0.2586 0.005397
[675] (3.72) 5.1841: 0.1227 0 0.2585 0.005343
[676] (3.724) 5.1877: 0.1227 0 0.2584 0.005294
[677] (3.729) 5.1913: 0.1227 0 0.2583 0.005266
[678] (3.733) 5.1949: 0.1227 0 0.2582 0.005323
[679] (3.737) 5.1986: 0.1227 0 0.258 0.005397
[680] (3.741) 5.2022: 0.1227 0 0.258 0.005454
[681] (3.745) 5.2058: 0.1227 0 0.2579 0.005495
[682] (3.749) 5.2094: 0.1227 0 0.2579 0.005521
[683] (3.753) 5.2130: 0.1227 0 0.2578 0.005531
[684] (3.757) 5.2166: 0.1227 0 0.2577 0.005528
[685] (3.761) 5.2202: 0.1227 0 0.2575 0.005512
[686] (3.765) 5.2238: 0.1227 0 0.2574 0.005484
[687] (3.769) 5.2274: 0.1227 0 0.2572 0.005444
[688] (3.773) 5.2310: 0.1226 0 0.2571 0.005396
[689] (3.777) 5.2347: 0.1226 0 0.257 0.005339
[690] (3.781) 5.2383: 0.1226 0 0.2569 0.005298
[691] (3.785) 5.2419: 0.1226 0 0.2568 0.005274
[692] (3.789) 5.2455: 0.1226 0 0.2567 0.005355
[693] (3.793) 5.2491: 0.1226 0 0.2565 0.005425
[694] (3.797) 5.2527: 0.1226 0 0.2563 0.005478
[695] (3.801) 5.2563: 0.1226 0 0.2561 0.005516
[696] (3.805) 5.2599: 0.1227 0 0.2559 0.005538
[697] (3.809) 5.2635: 0.1227 0 0.2558 0.005545
[698] (3.814) 5.2671: 0.1227 0 0.2557 0.005538
[699] (3.818) 5.2708: 0.1227 0 0.2556 0.005519
[700] (3.823) 5.2744: 0.1227 0 0.2554 0.005487
[701] (3.827) 5.2780: 0.1227 0 0.2553 0.005446
[702] (3.831) 5.2816: 0.1228 0 0.2551 0.005395
[703] (3.835) 5.2852: 0.1228 0 0.2549 0.005336
[704] (3.84) 5.2888: 0.1228 0 0.2546 0.005301
[705] (3.844) 5.2924: 0.1229 0 0.2545 0.0053
[706] (3.848) 5.2960: 0.1229 0 0.2543 0.005383
[707] (3.852) 5.2996: 0.123 0 0.2542 0.005449
[708] (3.856) 5.3032: 0.123 0 0.254 0.0055
[709] (3.861) 5.3069: 0.1231 0 0.2538 0.005534
[710] (3.865) 5.3105: 0.1231 0 0.2536 0.005552
[711] (3.869) 5.3141: 0.1231 0 0.2534 0.005557
[712] (3.873) 5.3177: 0.1232 0 0.2532 0.005547
[713] (3.877) 5.3213: 0.1232 0 0.253 0.005525
[714] (3.881) 5.3249: 0.1232 0 0.2527 0.005491
[715] (3.886) 5.3285: 0.1233 0 0.2526 0.005447
[716] (3.89) 5.3321: 0.1233 0 0.2524 0.005394
[717] (3.894) 5.3357: 0.1234 0 0.2522 0.005333
[718] (3.898) 5.3394: 0.1234 0 0.252 0.005304
[719] (3.903) 5.3430: 0.1234 0 0.2518 0.005328
[720] (3.907) 5.3466: 0.1235 0 0.2516 0.005408
[721] (3.911) 5.3502: 0.1235 0 0.2514 0.005471
[722] (3.915) 5.3538: 0.1235 0 0.2512 0.005518
[723] (3.919) 5.3574: 0.1236 0 0.2509 0.00555
[724] (3.923) 5.3610: 0.1236 0 0.2507 0.005566
[725] (3.928) 5.3646: 0.1236 0 0.2505 0.005567
[726] (3.932) 5.3682: 0.1237 0 0.2503 0.005555
[727] (3.936) 5.3718: 0.1237 0 0.2501 0.00553
[728] (3.94) 5.3755: 0.1237 0 0.2499 0.005494
[729] (3.944) 5.3791: 0.1237 0 0.2497 0.005448
[730] (3.949) 5.3827: 0.1237 0 0.2495 0.005393
[731] (3.953) 5.3863: 0.1238 0 0.2493 0.005334
[732] (3.957) 5.3899: 0.1238 0 0.2491 0.005306
[733] (3.961) 5.3935: 0.1238 0 0.2488 0.005352
[734] (3.965) 5.3971: 0.1238 0 0.2486 0.00543
[735] (3.969) 5.4007: 0.1238 0 0.2483 0.00549
[736] (3.974) 5.4043: 0.1239 0 0.2481 0.005535
[737] (3.978) 5.4079: 0.1239 0 0.2479 0.005564
[738] (3.982) 5.4116: 0.1239 0 0.2477 0.005577
[739] (3.986) 5.4152: 0.1239 0 0.2475 0.005577
[740] (3.99) 5.4188: 0.1239 0 0.2473 0.005562
[741] (3.995) 5.4224: 0.124 0 0.2471 0.005536
[742] (3.999) 5.4260: 0.124 0 0.2468 0.005498
[743] (4.003) 5.4296: 0.124 0 0.2465 0.00545
[744] (4.007) 5.4332: 0.124 0 0.2463 0.005394
[745] (4.011) 5.4368: 0.124 0 0.246 0.005338
[746] (4.015) 5.4404: 0.124 0 0.2458 0.005309
[747] (4.019) 5.4440: 0.124 0 0.2456 0.005373
[748] (4.024) 5.4477: 0.124 0 0.2454 0.005448
[749] (4.028) 5.4513: 0.1241 0 0.2451 0.005507
[750] (4.032) 5.4549: 0.1241 0 0.2449 0.00555
[751] (4.036) 5.4585: 0.1241 0 0.2446 0.005576
[752] (4.04) 5.4621: 0.1241 0 0.2443 0.005588
[753] (4.045) 5.4657: 0.1241 0 0.244 0.005586
[754] (4.049) 5.4693: 0.1241 0 0.2437 0.00557
[755] (4.053) 5.4729: 0.1241 0 0.2435 0.005542
[756] (4.057) 5.4765: 0.1241 0 0.2432 0.005503
[757] (4.061) 5.4801: 0.1241 0 0.243 0.005454
[758] (4.066) 5.4838: 0.1241 0 0.2427 0.005396
[759] (4.07) 5.4874: 0.1241 0 0.2425 0.005343
[760] (4.074) 5.4910: 0.1241 0 0.2422 0.005313
[761] (4.078) 5.4946: 0.1241 0 0.2419 0.005391
[762] (4.082) 5.4982: 0.1241 0 0.2416 0.005464
[763] (4.087) 5.5018: 0.1241 0 0.2413 0.005522
[764] (4.091) 5.5054: 0.1241 0 0.241 0.005563
[765] (4.095) 5.5090: 0.1241 0 0.2407 0.005588
[766] (4.099) 5.5126: 0.1241 0 0.2404 0.005598
[767] (4.103) 5.5162: 0.1241 0 0.2402 0.005595
[768] (4.117) 5.5199: 0.1241 0 0.2399 0.005578
[769] (4.121) 5.5235: 0.1241 0 0.2396 0.005548
[770] (4.126) 5.5271: 0.1241 0 0.2393 0.005508
[771] (4.13) 5.5307: 0.1241 0 0.239 0.005459
[772] (4.134) 5.5343: 0.1241 0 0.2386 0.005401
[773] (4.138) 5.5379: 0.1241 0 0.2383 0.005348
[774] (4.142) 5.5415: 0.1241 0 0.238 0.005318
[775] (4.146) 5.5451: 0.1241 0 0.2376 0.005405
[776] (4.15) 5.5487: 0.1241 0 0.2374 0.005478
[777] (4.155) 5.5523: 0.1241 0 0.2371 0.005534
[778] (4.159) 5.5560: 0.1241 0 0.2368 0.005574
[779] (4.163) 5.5596: 0.1241 0 0.2365 0.005599
[780] (4.167) 5.5632: 0.1241 0 0.2362 0.005608
[781] (4.171) 5.5668: 0.1241 0 0.2358 0.005604
[782] (4.175) 5.5704: 0.1241 0 0.2355 0.005586
[783] (4.179) 5.5740: 0.1241 0 0.2352 0.005556
[784] (4.184) 5.5776: 0.1241 0 0.2348 0.005516
[785] (4.188) 5.5812: 0.1241 0 0.2344 0.005465
[786] (4.192) 5.5848: 0.124 0 0.2341 0.005407
[787] (4.196) 5.5884: 0.124 0 0.2338 0.005355
[788] (4.2) 5.5921: 0.124 0 0.2335 0.005329
[789] (4.204) 5.5957: 0.124 0 0.2332 0.005417
[790] (4.208) 5.5993: 0.124 0 0.2329 0.00549
[791] (4.213) 5.6029: 0.124 0 0.2325 0.005545
[792] (4.217) 5.6065: 0.124 0 0.2322 0.005585
[793] (4.221) 5.6101: 0.1241 0 0.2318 0.005609
[794] (4.225) 5.6137: 0.1241 0 0.2315 0.005618
[795] (4.229) 5.6173: 0.1241 0 0.2311 0.005613
[796] (4.233) 5.6209: 0.1241 0 0.2307 0.005595
[797] (4.238) 5.6245: 0.1241 0 0.2304 0.005565
[798] (4.242) 5.6282: 0.1241 0 0.2301 0.005524
[799] (4.246) 5.6318: 0.1241 0 0.2297 0.005474
[800] (4.25) 5.6354: 0.1241 0 0.2294 0.005415
[801] (4.255) 5.6390: 0.1241 0 0.2291 0.005362
[802] (4.259) 5.6426: 0.1241 0 0.2287 0.005339
[803] (4.263) 5.6462: 0.1241 0 0.2283 0.005427
[804] (4.267) 5.6498: 0.1241 0 0.228 0.005499
[805] (4.271) 5.6534: 0.1241 0 0.2276 0.005555
[806] (4.275) 5.6570: 0.1241 0 0.2272 0.005595
[807] (4.279) 5.6606: 0.1241 0 0.2268 0.005619
[808] (4.283) 5.6643: 0.1241 0 0.2264 0.005628
[809] (4.287) 5.6679: 0.1241 0 0.2261 0.005623
[810] (4.291) 5.6715: 0.1241 0 0.2257 0.005605
[811] (4.296) 5.6751: 0.1241 0 0.2254 0.005575
[812] (4.3) 5.6787: 0.1241 0 0.225 0.005534
[813] (4.304) 5.6823: 0.1241 0 0.2246 0.005484
[814] (4.308) 5.6859: 0.1241 0 0.2242 0.005425
[815] (4.312) 5.6895: 0.1241 0 0.2239 0.005369
[816] (4.316) 5.6931: 0.1241 0 0.2235 0.005345
[817] (4.32) 5.6968: 0.1241 0 0.223 0.005435
[818] (4.325) 5.7004: 0.1241 0 0.2226 0.005507
[819] (4.329) 5.7040: 0.1241 0 0.2222 0.005564
[820] (4.333) 5.7076: 0.1241 0 0.2218 0.005604
[821] (4.337) 5.7112: 0.124 0 0.2215 0.005629
[822] (4.341) 5.7148: 0.124 0 0.2211 0.005638
[823] (4.345) 5.7184: 0.124 0 0.2207 0.005634
[824] (4.349) 5.7220: 0.124 0 0.2203 0.005616
[825] (4.354) 5.7256: 0.124 0 0.2199 0.005586
[826] (4.358) 5.7292: 0.124 0 0.2195 0.005546
[827] (4.362) 5.7329: 0.124 0 0.2191 0.005495
[828] (4.366) 5.7365: 0.124 0 0.2187 0.005436
[829] (4.37) 5.7401: 0.124 0 0.2182 0.005378
[830] (4.374) 5.7437: 0.124 0 0.2178 0.00535
[831] (4.378) 5.7473: 0.124 0 0.2173 0.00544
[832] (4.382) 5.7509: 0.124 0 0.217 0.005514
[833] (4.387) 5.7545: 0.1239 0 0.2166 0.005571
[834] (4.391) 5.7581: 0.1239 0 0.2162 0.005612
[835] (4.395) 5.7626: 0.1239 0 0.2157 0.005642
[836] (4.399) 5.7671: 0.1239 0 0.2152 0.005649
[837] (4.403) 5.7716: 0.1239 0 0.2146 0.005635
[838] (4.407) 5.7760: 0.1239 0 0.2141 0.005601
[839] (4.411) 5.7805: 0.1239 0 0.2136 0.005549
[840] (4.415) 5.7850: 0.1239 0 0.213 0.005483
[841] (4.419) 5.7895: 0.1239 0 0.2125 0.005405
[842] (4.423) 5.7940: 0.1239 0 0.2119 0.005359
[843] (4.427) 5.7984: 0.1239 0 0.2114 0.005461
[844] (4.431) 5.8029: 0.124 0 0.2109 0.005549
[845] (4.435) 5.8074: 0.1241 0 0.2104 0.005611
[846] (4.44) 5.8119: 0.1245 0 0.2098 0.005648
[847] (4.444) 5.8164: 0.1247 0 0.2093 0.005662
[848] (4.448) 5.8208: 0.1251 0 0.2088 0.005654
[849] (4.452) 5.8253: 0.1256 0 0.2083 0.005626
[850] (4.456) 5.8298: 0.126 0 0.2077 0.005579
[851] (4.46) 5.8343: 0.1264 0 0.2072 0.005518
[852] (4.464) 5.8387: 0.1267 0 0.2067 0.005442
[853] (4.468) 5.8432: 0.127 0 0.2061 0.00538
[854] (4.472) 5.8477: 0.1272 0 0.2056 0.005432
[855] (4.476) 5.8522: 0.1275 0 0.205 0.005529
[856] (4.48) 5.8567: 0.1278 0 0.2045 0.0056
[857] (4.484) 5.8611: 0.1282 0 0.2039 0.005646
[858] (4.489) 5.8656: 0.1286 0 0.2034 0.005668
[859] (4.493) 5.8701: 0.1291 0 0.2029 0.005668
[860] (4.497) 5.8746: 0.1295 0 0.2023 0.005647
[861] (4.501) 5.8791: 0.1299 0 0.2018 0.005607
[862] (4.505) 5.8835: 0.1303 0 0.2013 0.005551
[863] (4.51) 5.8880: 0.1306 0 0.2007 0.00548
[864] (4.514) 5.8925: 0.1308 0 0.2002 0.005398
[865] (4.518) 5.8970: 0.1311 0 0.1997 0.005396
[866] (4.522) 5.9015: 0.1316 0 0.1991 0.005502
[867] (4.527) 5.9059: 0.132 0 0.1986 0.005583
[868] (4.531) 5.9104: 0.1324 0 0.198 0.005639
[869] (4.536) 5.9149: 0.1327 0 0.1975 0.005671
[870] (4.54) 5.9194: 0.1331 0 0.1969 0.005679
[871] (4.544) 5.9239: 0.1335 0 0.1963 0.005666
[872] (4.548) 5.9283: 0.1339 0 0.1958 0.005634
[873] (4.552) 5.9328: 0.1342 0 0.1952 0.005583
[874] (4.556) 5.9373: 0.1344 0 0.1947 0.005518
[875] (4.561) 5.9418: 0.135 0 0.1941 0.00544
[876] (4.565) 5.9462: 0.1354 0 0.1936 0.005382
[877] (4.569) 5.9507: 0.1359 0 0.1931 0.00547
[878] (4.573) 5.9552: 0.1363 0 0.1925 0.005562
[879] (4.577) 5.9597: 0.1366 0 0.192 0.005628
[880] (4.581) 5.9642: 0.1369 0 0.1914 0.00567
[881] (4.586) 5.9686: 0.1374 0 0.1909 0.005688
[882] (4.59) 5.9731: 0.1378 0 0.1903 0.005683
[883] (4.594) 5.9776: 0.1381 0 0.1898 0.005659
[884] (4.598) 5.9821: 0.1384 0 0.1892 0.005615
[885] (4.602) 5.9866: 0.139 0 0.1886 0.005556
[886] (4.607) 5.9910: 0.1395 0 0.1881 0.005482
[887] (4.611) 5.9955: 0.14 0 0.1875 0.005403
[888] (4.615) 6.0000: 0.1404 0 0.187 0.005431
*Write time: 0.0519034. Average write time: 0.0760178.
[889] (4.672) 6.0045: 0.1407 0 0.1864 0.005533
[890] (4.676) 6.0089: 0.141 0 0.1858 0.005611
[891] (4.681) 6.0133: 0.1412 0 0.1853 0.005663
[892] (4.685) 6.0178: 0.1416 0 0.1847 0.005691
[893] (4.689) 6.0222: 0.1421 0 0.1842 0.005698
[894] (4.693) 6.0266: 0.1425 0 0.1836 0.005683
[895] (4.697) 6.0310: 0.143 0 0.1831 0.005649
[896] (4.702) 6.0355: 0.1435 0 0.1825 0.005598
[897] (4.706) 6.0399: 0.144 0 0.182 0.005532
[898] (4.71) 6.0443: 0.1445 0 0.1814 0.005455
[899] (4.714) 6.0487: 0.1449 0 0.1809 0.005426
[900] (4.718) 6.0532: 0.1453 0 0.1803 0.005485
[901] (4.723) 6.0576: 0.1456 0 0.1798 0.005576
[902] (4.727) 6.0620: 0.1459 0 0.1792 0.005643
[903] (4.731) 6.0664: 0.1465 0 0.1787 0.005686
[904] (4.735) 6.0709: 0.1469 0 0.1781 0.005706
[905] (4.739) 6.0753: 0.1474 0 0.1776 0.005704
[906] (4.744) 6.0797: 0.1478 0 0.177 0.005681
[907] (4.748) 6.0841: 0.1481 0 0.1764 0.00564
[908] (4.752) 6.0896: 0.1487 0 0.1757 0.005566
[909] (4.756) 6.0952: 0.1493 0 0.175 0.005472
[910] (4.76) 6.1007: 0.1498 0 0.1743 0.005409
[911] (4.764) 6.1062: 0.1502 0 0.1736 0.005533
[912] (4.768) 6.1117: 0.1508 0 0.1729 0.005633
[913] (4.773) 6.1172: 0.1515 0 0.1721 0.005694
[914] (4.777) 6.1227: 0.1521 0 0.1714 0.005719
[915] (4.781) 6.1283: 0.1526 0 0.1707 0.005709
[916] (4.785) 6.1338: 0.1531 0 0.17 0.005669
[917] (4.79) 6.1393: 0.1535 0 0.1693 0.005602
[918] (4.794) 6.1448: 0.154 0 0.1686 0.005513
[919] (4.798) 6.1503: 0.1546 0 0.1679 0.005413
[920] (4.802) 6.1559: 0.1551 0 0.1672 0.005501
[921] (4.806) 6.1614: 0.1559 0 0.1665 0.005613
[922] (4.81) 6.1669: 0.1566 0 0.1658 0.005686
[923] (4.815) 6.1724: 0.1572 0 0.1651 0.005723
[924] (4.819) 6.1779: 0.1577 0 0.1644 0.005724
[925] (4.823) 6.1834: 0.1582 0 0.1637 0.005693
[926] (4.827) 6.1890: 0.1586 0 0.163 0.005635
[927] (4.831) 6.1945: 0.1593 0 0.1623 0.005552
[928] (4.835) 6.2000: 0.1599 0 0.1617 0.005451
[929] (4.839) 6.2055: 0.1605 0 0.161 0.005459
[930] (4.843) 6.2110: 0.1609 0 0.1603 0.005585
[931] (4.848) 6.2165: 0.1615 0 0.1596 0.005672
[932] (4.852) 6.2221: 0.1621 0 0.1589 0.005721
[933] (4.856) 6.2276: 0.1627 0 0.1583 0.005734
[934] (4.86) 6.2331: 0.1633 0 0.1576 0.005714
[935] (4.864) 6.2386: 0.1638 0 0.157 0.005665
[936] (4.868) 6.2441: 0.1646 0 0.1563 0.005591
[937] (4.872) 6.2496: 0.1652 0 0.1556 0.005496
[938] (4.876) 6.2552: 0.1658 0 0.155 0.00541
[939] (4.88) 6.2607: 0.1664 0 0.1543 0.00555
[940] (4.885) 6.2662: 0.1668 0 0.1537 0.005651
[941] (4.889) 6.2717: 0.1673 0 0.153 0.005714
[942] (4.893) 6.2772: 0.168 0 0.1523 0.005741
[943] (4.897) 6.2827: 0.1686 0 0.1517 0.005733
[944] (4.901) 6.2883: 0.1691 0 0.151 0.005694
[945] (4.905) 6.2938: 0.1695 0 0.1504 0.005629
[946] (4.91) 6.2993: 0.1702 0 0.1497 0.005541
[947] (4.914) 6.3048: 0.1708 0 0.149 0.005436
[948] (4.918) 6.3103: 0.1713 0 0.1484 0.005508
[949] (4.922) 6.3159: 0.1718 0 0.1477 0.005624
[950] (4.926) 6.3214: 0.1726 0 0.147 0.005702
[951] (4.931) 6.3269: 0.1732 0 0.1464 0.005742
[952] (4.935) 6.3324: 0.1738 0 0.1457 0.005748
[953] (4.939) 6.3379: 0.1744 0 0.1451 0.005721
[954] (4.943) 6.3434: 0.1748 0 0.1444 0.005665
[955] (4.947) 6.3490: 0.1754 0 0.1437 0.005586
[956] (4.951) 6.3545: 0.176 0 0.1431 0.005487
[957] (4.955) 6.3600: 0.1766 0 0.1424 0.005457
[958] (4.96) 6.3655: 0.1772 0 0.1418 0.005589
[959] (4.964) 6.3710: 0.1779 0 0.1411 0.005682
[960] (4.968) 6.3764: 0.1786 0 0.1405 0.005738
[961] (4.972) 6.3819: 0.1792 0 0.1398 0.005758
[962] (4.976) 6.3873: 0.1798 0 0.1392 0.005745
[963] (4.981) 6.3927: 0.1803 0 0.1386 0.005704
[964] (4.985) 6.3981: 0.1809 0 0.1379 0.005637
[965] (4.989) 6.4035: 0.1816 0 0.1373 0.00555
[966] (4.993) 6.4088: 0.1823 0 0.1367 0.005447
[967] (4.997) 6.4142: 0.1828 0 0.1361 0.005521
[968] (5.001) 6.4194: 0.1833 0 0.1355 0.005634
[969] (5.006) 6.4247: 0.1838 0 0.1349 0.005711
[970] (5.01) 6.4299: 0.1844 0 0.1343 0.005754
[971] (5.014) 6.4350: 0.185 0 0.1338 0.005766
[972] (5.018) 6.4402: 0.1855 0 0.1332 0.005749
[973] (5.022) 6.4454: 0.186 0 0.1326 0.005705
[974] (5.026) 6.4506: 0.1865 0 0.1321 0.005639
[975] (5.03) 6.4558: 0.1868 0 0.1315 0.005554
[976] (5.034) 6.4610: 0.1874 0 0.131 0.005454
[977] (5.038) 6.4661: 0.188 0 0.1304 0.005527
[978] (5.043) 6.4713: 0.1885 0 0.1299 0.005639
[979] (5.047) 6.4765: 0.1889 0 0.1294 0.005716
[980] (5.051) 6.4816: 0.1895 0 0.1289 0.005761
[981] (5.055) 6.4867: 0.1902 0 0.1283 0.005775
[982] (5.059) 6.4919: 0.1908 0 0.1278 0.005761
[983] (5.064) 6.4969: 0.1913 0 0.1273 0.005721
[984] (5.068) 6.5020: 0.1918 0 0.1268 0.005658
[985] (5.072) 6.5071: 0.1924 0 0.1263 0.005577
[986] (5.076) 6.5121: 0.193 0 0.1258 0.005482
[987] (5.08) 6.5172: 0.1936 0 0.1253 0.005506
[988] (5.084) 6.5222: 0.1941 0 0.1248 0.005622
[989] (5.088) 6.5272: 0.1946 0 0.1243 0.005707
[990] (5.092) 6.5322: 0.1951 0 0.1238 0.00576
[991] (5.096) 6.5372: 0.1956 0 0.1233 0.005783
[992] (5.1) 6.5421: 0.1962 0 0.1229 0.005779
[993] (5.104) 6.5471: 0.1967 0 0.1224 0.005749
[994] (5.108) 6.5520: 0.1972 0 0.1219 0.005697
[995] (5.112) 6.5570: 0.1977 0 0.1214 0.005626
[996] (5.116) 6.5619: 0.1981 0 0.1209 0.005539
[997] (5.12) 6.5668: 0.1985 0 0.1204 0.005441
[998] (5.124) 6.5717: 0.1991 0 0.12 0.005571
[999] (5.127) 6.5765: 0.1997 0 0.1195 0.005671
[1000] (5.131) 6.5814: 0.2003 0 0.119 0.00574
[1001] (5.135) 6.5863: 0.2008 0 0.1186 0.005781
[1002] (5.139) 6.5911: 0.2013 0 0.1181 0.005794
[1003] (5.143) 6.5958: 0.2018 0 0.1176 0.005782
[1004] (5.147) 6.6006: 0.2022 0 0.1172 0.005748
[1005] (5.151) 6.6054: 0.2028 0 0.1167 0.005694
[1006] (5.156) 6.6101: 0.2033 0 0.1163 0.005622
[1007] (5.16) 6.6149: 0.2039 0 0.1158 0.005536
[1008] (5.164) 6.6196: 0.2043 0 0.1154 0.005464
[1009] (5.168) 6.6244: 0.2048 0 0.1149 0.005588
[1010] (5.173) 6.6291: 0.2051 0 0.1145 0.005684
[1011] (5.177) 6.6339: 0.2057 0 0.114 0.005751
[1012] (5.181) 6.6386: 0.2062 0 0.1136 0.005791
[1013] (5.185) 6.6432: 0.2067 0 0.1132 0.005804
[1014] (5.189) 6.6478: 0.2071 0 0.1128 0.005794
[1015] (5.193) 6.6525: 0.2075 0 0.1123 0.005763
[1016] (5.197) 6.6571: 0.2079 0 0.1119 0.005712
[1017] (5.201) 6.6617: 0.2083 0 0.1115 0.005644
[1018] (5.205) 6.6664: 0.2088 0 0.1111 0.005562
[1019] (5.209) 6.6710: 0.2093 0 0.1107 0.005469
[1020] (5.213) 6.6756: 0.2097 0 0.1103 0.00557
[1021] (5.217) 6.6803: 0.2101 0 0.11 0.005671
[1022] (5.221) 6.6849: 0.2105 0 0.1096 0.005744
[1023] (5.224) 6.6895: 0.2108 0 0.1093 0.005791
[1024] (5.228) 6.6941: 0.2113 0 0.1089 0.005813
[1025] (5.232) 6.6986: 0.2117 0 0.1086 0.005811
[1026] (5.236) 6.7030: 0.2121 0 0.1082 0.005788
[1027] (5.24) 6.7074: 0.2124 0 0.1079 0.005748
[1028] (5.244) 6.7118: 0.2128 0 0.1076 0.005691
[1029] (5.248) 6.7161: 0.2131 0 0.1073 0.005621
[1030] (5.252) 6.7205: 0.2134 0 0.1069 0.005539
[1031] (5.256) 6.7249: 0.2139 0 0.1066 0.005492
[1032] (5.26) 6.7292: 0.2144 0 0.1063 0.005606
[1033] (5.264) 6.7336: 0.2149 0 0.106 0.005695
[1034] (5.268) 6.7380: 0.2153 0 0.1057 0.005761
[1035] (5.272) 6.7423: 0.2157 0 0.1053 0.005803
[1036] (5.276) 6.7467: 0.2161 0 0.105 0.005823
[1037] (5.28) 6.7511: 0.2165 0 0.1047 0.005821
[1038] (5.284) 6.7554: 0.217 0 0.1044 0.005799
[1039] (5.288) 6.7598: 0.2175 0 0.1041 0.005759
[1040] (5.292) 6.7642: 0.218 0 0.1038 0.005703
[1041] (5.296) 6.7685: 0.2184 0 0.1035 0.005633
[1042] (5.3) 6.7729: 0.2188 0 0.1032 0.005551
[1043] (5.304) 6.7773: 0.2191 0 0.1029 0.005497
[1044] (5.308) 6.7816: 0.2195 0 0.1025 0.005612
[1045] (5.312) 6.7860: 0.22 0 0.1022 0.005703
[1046] (5.316) 6.7904: 0.2204 0 0.1019 0.00577
[1047] (5.32) 6.7948: 0.2208 0 0.1016 0.005813
[1048] (5.324) 6.7991: 0.2212 0 0.1013 0.005833
[1049] (5.328) 6.8035: 0.2216 0 0.101 0.005832
[1050] (5.332) 6.8079: 0.2219 0 0.1007 0.005811
[1051] (5.336) 6.8122: 0.2223 0 0.1004 0.005771
[1052] (5.34) 6.8166: 0.2227 0 0.1001 0.005716
[1053] (5.344) 6.8210: 0.2232 0 0.0998 0.005646
[1054] (5.348) 6.8253: 0.2235 0 0.0995 0.005564
[1055] (5.352) 6.8297: 0.2239 0 0.0992 0.005501
[1056] (5.356) 6.8339: 0.2242 0 0.09891 0.005614
[1057] (5.36) 6.8381: 0.2244 0 0.09863 0.005703
[1058] (5.364) 6.8422: 0.2249 0 0.09835 0.00577
[1059] (5.368) 6.8464: 0.2252 0 0.09807 0.005815
[1060] (5.372) 6.8505: 0.2256 0 0.09779 0.00584
[1061] (5.375) 6.8547: 0.2259 0 0.09751 0.005845
[1062] (5.379) 6.8589: 0.2262 0 0.09723 0.005831
[1063] (5.383) 6.8630: 0.2265 0 0.09696 0.0058
[1064] (5.387) 6.8672: 0.2267 0 0.09669 0.005754
[1065] (5.391) 6.8713: 0.2271 0 0.09642 0.005693
[1066] (5.395) 6.8755: 0.2275 0 0.09616 0.005622
[1067] (5.399) 6.8796: 0.2278 0 0.09591 0.00554
[1068] (5.403) 6.8838: 0.2281 0 0.09568 0.005549
[1069] (5.407) 6.8879: 0.2284 0 0.09546 0.005653
[1070] (5.411) 6.8921: 0.2286 0 0.09524 0.005735
[1071] (5.415) 6.8962: 0.2289 0 0.09503 0.005796
[1072] (5.419) 6.9004: 0.2292 0 0.09481 0.005835
[1073] (5.423) 6.9045: 0.2296 0 0.09459 0.005853
[1074] (5.427) 6.9087: 0.2299 0 0.09437 0.005852
[1075] (5.431) 6.9128: 0.2301 0 0.09415 0.005833
[1076] (5.435) 6.9170: 0.2304 0 0.09394 0.005797
[1077] (5.44) 6.9211: 0.2306 0 0.09372 0.005746
[1078] (5.444) 6.9253: 0.2308 0 0.0935 0.005682
[1079] (5.448) 6.9294: 0.2312 0 0.09329 0.005607
[1080] (5.452) 6.9336: 0.2315 0 0.09307 0.005523
[1081] (5.456) 6.9377: 0.2317 0 0.09285 0.005592
[1082] (5.46) 6.9419: 0.232 0 0.09264 0.00569
[1083] (5.464) 6.9460: 0.2322 0 0.09242 0.005765
[1084] (5.469) 6.9502: 0.2324 0 0.09221 0.00582
[1085] (5.473) 6.9543: 0.2326 0 0.09199 0.005853
[1086] (5.477) 6.9585: 0.2329 0 0.09178 0.005865
[1087] (5.481) 6.9626: 0.2332 0 0.09156 0.005859
[1088] (5.485) 6.9668: 0.2334 0 0.09135 0.005835
[1089] (5.49) 6.9709: 0.2337 0 0.09114 0.005794
[1090] (5.494) 6.9751: 0.2339 0 0.09093 0.005739
[1091] (5.498) 6.9792: 0.234 0 0.09072 0.005671
[1092] (5.502) 6.9834: 0.2343 0 0.09051 0.005593
[1093] (5.506) 6.9875: 0.2346 0 0.0903 0.005519
[1094] (5.51) 6.9917: 0.2348 0 0.0901 0.005632
[1095] (5.514) 6.9958: 0.235 0 0.08989 0.005724
[1096] (5.518) 7.0000: 0.2352 0 0.08968 0.005793
*Write time: 0.0490099. Average write time: 0.0721595.
[1097] (5.572) 7.0041: 0.2354 0 0.08948 0.005842
[1098] (5.576) 7.0083: 0.2356 0 0.08927 0.005869
[1099] (5.581) 7.0124: 0.2358 0 0.08928 0.005876
[1100] (5.585) 7.0165: 0.236 0 0.08931 0.005865
[1101] (5.589) 7.0206: 0.2363 0 0.08933 0.005837
[1102] (5.593) 7.0247: 0.2365 0 0.08936 0.005793
[1103] (5.597) 7.0288: 0.2367 0 0.08938 0.005735
[1104] (5.601) 7.0329: 0.2368 0 0.08939 0.005666
[1105] (5.605) 7.0370: 0.237 0 0.08938 0.005586
[1106] (5.609) 7.0411: 0.2371 0 0.08936 0.005549
[1107] (5.614) 7.0452: 0.2374 0 0.08932 0.005658
[1108] (5.618) 7.0493: 0.2376 0 0.08936 0.005745
[1109] (5.622) 7.0534: 0.2378 0 0.08943 0.005811
[1110] (5.626) 7.0575: 0.2379 0 0.08948 0.005856
[1111] (5.63) 7.0616: 0.2381 0 0.08952 0.00588
[1112] (5.634) 7.0657: 0.2382 0 0.08954 0.005886
[1113] (5.638) 7.0698: 0.2383 0 0.08955 0.005872
[1114] (5.642) 7.0738: 0.2385 0 0.08954 0.005842
[1115] (5.647) 7.0779: 0.2388 0 0.08952 0.005797
[1116] (5.651) 7.0820: 0.2389 0 0.08949 0.005739
[1117] (5.655) 7.0861: 0.2391 0 0.08952 0.005668
[1118] (5.659) 7.0902: 0.2392 0 0.08957 0.005588
[1119] (5.663) 7.0942: 0.2394 0 0.0896 0.005566
[1120] (5.667) 7.0983: 0.2395 0 0.08962 0.005673
[1121] (5.671) 7.1024: 0.2396 0 0.08966 0.005758
[1122] (5.675) 7.1064: 0.2398 0 0.08968 0.005822
[1123] (5.679) 7.1104: 0.24 0 0.08969 0.005866
[1124] (5.683) 7.1145: 0.2401 0 0.08968 0.00589
[1125] (5.688) 7.1185: 0.2403 0 0.08966 0.005895
[1126] (5.692) 7.1226: 0.2404 0 0.08963 0.005882
[1127] (5.696) 7.1266: 0.2405 0 0.08971 0.005853
[1128] (5.7) 7.1307: 0.2406 0 0.08979 0.005809
[1129] (5.704) 7.1347: 0.2407 0 0.08985 0.005751
[1130] (5.708) 7.1387: 0.2409 0 0.08989 0.005682
[1131] (5.712) 7.1428: 0.2411 0 0.08992 0.005603
[1132] (5.717) 7.1468: 0.2412 0 0.08993 0.005564
[1133] (5.721) 7.1509: 0.2413 0 0.08993 0.005672
[1134] (5.725) 7.1549: 0.2414 0 0.08991 0.00576
[1135] (5.729) 7.1590: 0.2415 0 0.08987 0.005826
[1136] (5.733) 7.1630: 0.2416 0 0.08998 0.005872
[1137] (5.737) 7.1670: 0.2417 0 0.09006 0.005898
[1138] (5.741) 7.1710: 0.2419 0 0.09013 0.005905
[1139] (5.746) 7.1750: 0.242 0 0.09019 0.005894
[1140] (5.75) 7.1790: 0.2421 0 0.09022 0.005867
[1141] (5.754) 7.1830: 0.2422 0 0.09025 0.005825
[1142] (5.758) 7.1871: 0.2423 0 0.09025 0.00577
[1143] (5.762) 7.1911: 0.2424 0 0.09025 0.005703
[1144] (5.766) 7.1951: 0.2424 0 0.09022 0.005626
[1145] (5.77) 7.1991: 0.2426 0 0.09029 0.00555
[1146] (5.774) 7.2031: 0.2427 0 0.09039 0.005661
[1147] (5.778) 7.2071: 0.2428 0 0.09048 0.005752
[1148] (5.783) 7.2111: 0.2429 0 0.09054 0.005822
[1149] (5.787) 7.2151: 0.243 0 0.09059 0.005872
[1150] (5.791) 7.2191: 0.2431 0 0.09062 0.005903
[1151] (5.795) 7.2231: 0.2431 0 0.09064 0.005914
[1152] (5.799) 7.2271: 0.2432 0 0.09064 0.005908
[1153] (5.803) 7.2311: 0.2433 0 0.09063 0.005884
[1154] (5.807) 7.2351: 0.2434 0 0.0906 0.005846
[1155] (5.811) 7.2391: 0.2435 0 0.09071 0.005793
[1156] (5.815) 7.2431: 0.2436 0 0.09081 0.005729
[1157] (5.82) 7.2471: 0.2437 0 0.09089 0.005654
[1158] (5.824) 7.2511: 0.2438 0 0.09095 0.005571
[1159] (5.828) 7.2551: 0.2438 0 0.091 0.005644
[1160] (5.832) 7.2591: 0.2439 0 0.09103 0.00574
[1161] (5.836) 7.2631: 0.244 0 0.09105 0.005815
[1162] (5.84) 7.2671: 0.2441 0 0.09105 0.00587
[1163] (5.845) 7.2710: 0.2442 0 0.09104 0.005905
[1164] (5.849) 7.2750: 0.2443 0 0.09114 0.005922
[1165] (5.853) 7.2790: 0.2443 0 0.09126 0.005921
[1166] (5.857) 7.2829: 0.2444 0 0.09137 0.005903
[1167] (5.861) 7.2869: 0.2445 0 0.09145 0.005869
[1168] (5.865) 7.2909: 0.2445 0 0.09152 0.005822
[1169] (5.869) 7.2948: 0.2445 0 0.09158 0.005762
[1170] (5.873) 7.2988: 0.2446 0 0.09161 0.005691
[1171] (5.878) 7.3027: 0.2447 0 0.09164 0.005612
[1172] (5.882) 7.3067: 0.2448 0 0.09165 0.00561
[1173] (5.886) 7.3107: 0.2449 0 0.09169 0.005713
[1174] (5.89) 7.3146: 0.245 0 0.09174 0.005796
[1175] (5.894) 7.3186: 0.245 0 0.09187 0.005859
[1176] (5.898) 7.3225: 0.2451 0 0.09198 0.005903
[1177] (5.902) 7.3265: 0.2451 0 0.09207 0.005927
[1178] (5.906) 7.3305: 0.2451 0 0.09215 0.005934
[1179] (5.91) 7.3344: 0.2452 0 0.09221 0.005922
[1180] (5.914) 7.3384: 0.2453 0 0.09226 0.005895
[1181] (5.918) 7.3424: 0.2454 0 0.09231 0.005853
[1182] (5.922) 7.3463: 0.2455 0 0.09238 0.005798
[1183] (5.926) 7.3503: 0.2455 0 0.09243 0.005732
[1184] (5.93) 7.3542: 0.2456 0 0.09247 0.005655
[1185] (5.934) 7.3582: 0.2456 0 0.09251 0.005571
[1186] (5.938) 7.3622: 0.2456 0 0.09263 0.005683
[1187] (5.942) 7.3661: 0.2457 0 0.09274 0.005774
[1188] (5.946) 7.3701: 0.2458 0 0.09283 0.005846
[1189] (5.95) 7.3740: 0.2458 0 0.0929 0.005898
[1190] (5.954) 7.3780: 0.2459 0 0.09296 0.00593
[1191] (5.958) 7.3820: 0.246 0 0.09303 0.005944
[1192] (5.962) 7.3859: 0.246 0 0.09312 0.00594
[1193] (5.966) 7.3899: 0.246 0 0.09319 0.005919
[1194] (5.97) 7.3939: 0.246 0 0.09324 0.005883
[1195] (5.974) 7.3978: 0.2461 0 0.09328 0.005833
[1196] (5.978) 7.4018: 0.2461 0 0.09331 0.005771
[1197] (5.982) 7.4057: 0.2462 0 0.09342 0.005698
[1198] (5.986) 7.4097: 0.2463 0 0.09352 0.005616
[1199] (5.99) 7.4137: 0.2463 0 0.09361 0.005647
[1200] (5.994) 7.4176: 0.2464 0 0.09368 0.005747
[1201] (5.998) 7.4216: 0.2464 0 0.09377 0.005828
[1202] (6.002) 7.4255: 0.2465 0 0.09387 0.005888
[1203] (6.006) 7.4295: 0.2465 0 0.09395 0.005929
[1204] (6.01) 7.4335: 0.2465 0 0.09402 0.00595
[1205] (6.014) 7.4374: 0.2466 0 0.09408 0.005954
[1206] (6.018) 7.4414: 0.2466 0 0.09412 0.00594
[1207] (6.022) 7.4453: 0.2467 0 0.09414 0.005911
[1208] (6.026) 7.4492: 0.2467 0 0.09423 0.005868
[1209] (6.031) 7.4532: 0.2468 0 0.09433 0.005811
[1210] (6.035) 7.4571: 0.2468 0 0.09442 0.005744
[1211] (6.039) 7.4610: 0.2469 0 0.09448 0.005666
[1212] (6.043) 7.4650: 0.2469 0 0.09458 0.0056
[1213] (6.047) 7.4689: 0.2469 0 0.09468 0.00571
[1214] (6.051) 7.4728: 0.2469 0 0.09478 0.0058
[1215] (6.055) 7.4768: 0.247 0 0.09485 0.00587
[1216] (6.059) 7.4807: 0.2471 0 0.09491 0.005921
[1217] (6.064) 7.4846: 0.2471 0 0.09496 0.005953
[1218] (6.068) 7.4886: 0.2471 0 0.09499 0.005966
[1219] (6.072) 7.4925: 0.2472 0 0.09503 0.005962
[1220] (6.076) 7.4964: 0.2472 0 0.09514 0.005941
[1221] (6.08) 7.5004: 0.2472 0 0.09522 0.005905
[1222] (6.084) 7.5043: 0.2472 0 0.09529 0.005855
[1223] (6.088) 7.5082: 0.2472 0 0.09537 0.005793
[1224] (6.092) 7.5122: 0.2473 0 0.09549 0.00572
[1225] (6.096) 7.5161: 0.2474 0 0.09559 0.005638
[1226] (6.101) 7.5200: 0.2474 0 0.09567 0.005664
[1227] (6.105) 7.5240: 0.2474 0 0.09575 0.005765
[1228] (6.109) 7.5279: 0.2475 0 0.0958 0.005846
[1229] (6.113) 7.5319: 0.2475 0 0.09584 0.005908
[1230] (6.117) 7.5358: 0.2475 0 0.09587 0.00595
[1231] (6.121) 7.5397: 0.2474 0 0.09592 0.005973
[1232] (6.125) 7.5437: 0.2475 0 0.09601 0.005978
[1233] (6.129) 7.5476: 0.2475 0 0.09608 0.005966
[1234] (6.133) 7.5515: 0.2476 0 0.09614 0.005937
[1235] (6.138) 7.5555: 0.2476 0 0.09628 0.005894
[1236] (6.142) 7.5594: 0.2476 0 0.09639 0.005838
[1237] (6.146) 7.5633: 0.2476 0 0.09649 0.00577
[1238] (6.15) 7.5673: 0.2476 0 0.09658 0.005693
[1239] (6.154) 7.5712: 0.2476 0 0.09665 0.00561
[1240] (6.158) 7.5751: 0.2476 0 0.0967 0.005722
[1241] (6.162) 7.5791: 0.2477 0 0.09674 0.005815
[1242] (6.166) 7.5830: 0.2477 0 0.09677 0.005887
[1243] (6.171) 7.5869: 0.2477 0 0.0968 0.00594
[1244] (6.175) 7.5909: 0.2477 0 0.09688 0.005973
[1245] (6.179) 7.5948: 0.2477 0 0.09694 0.005988
[1246] (6.183) 7.5987: 0.2477 0 0.09704 0.005985
[1247] (6.187) 7.6027: 0.2477 0 0.09717 0.005965
[1248] (6.191) 7.6066: 0.2477 0 0.09728 0.00593
[1249] (6.195) 7.6105: 0.2477 0 0.09738 0.005881
[1250] (6.199) 7.6145: 0.2477 0 0.09747 0.005819
[1251] (6.203) 7.6184: 0.2478 0 0.09754 0.005747
[1252] (6.208) 7.6223: 0.2478 0 0.09759 0.005665
[1253] (6.212) 7.6263: 0.2478 0 0.09764 0.005672
[1254] (6.216) 7.6302: 0.2478 0 0.09767 0.005775
[1255] (6.22) 7.6341: 0.2478 0 0.09768 0.00586
[1256] (6.224) 7.6381: 0.2478 0 0.09777 0.005924
[1257] (6.228) 7.6420: 0.2478 0 0.09786 0.005968
[1258] (6.233) 7.6459: 0.2477 0 0.09796 0.005994
[1259] (6.237) 7.6499: 0.2478 0 0.0981 0.006001
[1260] (6.241) 7.6538: 0.2478 0 0.09822 0.005991
[1261] (6.245) 7.6577: 0.2478 0 0.09832 0.005964
[1262] (6.249) 7.6617: 0.2478 0 0.09841 0.005923
[1263] (6.254) 7.6656: 0.2478 0 0.09848 0.005868
[1264] (6.258) 7.6695: 0.2478 0 0.09854 0.0058
[1265] (6.262) 7.6735: 0.2478 0 0.09858 0.005723
[1266] (6.266) 7.6774: 0.2478 0 0.09861 0.005637
[1267] (6.27) 7.6813: 0.2478 0 0.09863 0.005731
[1268] (6.274) 7.6853: 0.2478 0 0.09869 0.005826
[1269] (6.278) 7.6892: 0.2478 0 0.09879 0.005902
[1270] (6.282) 7.6931: 0.2478 0 0.0989 0.005958
[1271] (6.287) 7.6971: 0.2478 0 0.09904 0.005994
[1272] (6.291) 7.7010: 0.2479 0 0.09917 0.006012
[1273] (6.295) 7.7049: 0.2479 0 0.09928 0.006011
[1274] (6.299) 7.7089: 0.2479 0 0.09937 0.005993
[1275] (6.303) 7.7128: 0.2478 0 0.09945 0.005959
[1276] (6.308) 7.7168: 0.2478 0 0.09951 0.005911
[1277] (6.312) 7.7207: 0.2478 0 0.09955 0.005849
[1278] (6.316) 7.7246: 0.2478 0 0.09958 0.005777
[1279] (6.321) 7.7286: 0.2478 0 0.09962 0.005695
[1280] (6.325) 7.7325: 0.2478 0 0.09968 0.005677
[1281] (6.332) 7.7364: 0.2478 0 0.09975 0.005785
[1282] (6.336) 7.7404: 0.2478 0 0.09985 0.005872
[1283] (6.34) 7.7443: 0.2478 0 0.1 0.005939
[1284] (6.344) 7.7482: 0.2478 0 0.1001 0.005986
[1285] (6.348) 7.7522: 0.2478 0 0.1003 0.006014
[1286] (6.352) 7.7561: 0.2477 0 0.1004 0.006023
[1287] (6.356) 7.7600: 0.2477 0 0.1005 0.006015
[1288] (6.361) 7.7640: 0.2477 0 0.1005 0.00599
[1289] (6.365) 7.7679: 0.2477 0 0.1006 0.005949
[1290] (6.369) 7.7718: 0.2477 0 0.1006 0.005895
[1291] (6.373) 7.7758: 0.2477 0 0.1007 0.005829
[1292] (6.377) 7.7797: 0.2476 0 0.1007 0.005753
[1293] (6.382) 7.7836: 0.2476 0 0.1008 0.005667
[1294] (6.386) 7.7876: 0.2476 0 0.1008 0.005733
[1295] (6.39) 7.7915: 0.2475 0 0.1009 0.005832
[1296] (6.394) 7.7954: 0.2475 0 0.101 0.005911
[1297] (6.398) 7.7994: 0.2474 0 0.1012 0.00597
[1298] (6.403) 7.8033: 0.2474 0 0.1013 0.00601
[1299] (6.407) 7.8072: 0.2474 0 0.1014 0.00603
[1300] (6.411) 7.8112: 0.2474 0 0.1015 0.006033
[1301] (6.415) 7.8151: 0.2474 0 0.1016 0.006018
[1302] (6.419) 7.8190: 0.2474 0 0.1017 0.005986
[1303] (6.423) 7.8230: 0.2473 0 0.1017 0.00594
[1304] (6.427) 7.8269: 0.2473 0 0.1018 0.005881
[1305] (6.431) 7.8308: 0.2472 0 0.1018 0.00581
[1306] (6.435) 7.8348: 0.2472 0 0.1019 0.005729
[1307] (6.44) 7.8387: 0.2471 0 0.1019 0.005675
[1308] (6.444) 7.8426: 0.2471 0 0.1019 0.005787
[1309] (6.448) 7.8466: 0.2471 0 0.102 0.005878
[1310] (6.452) 7.8505: 0.2471 0 0.1021 0.00595
[1311] (6.456) 7.8544: 0.2471 0 0.1022 0.006001
[1312] (6.46) 7.8584: 0.247 0 0.1023 0.006033
[1313] (6.464) 7.8623: 0.247 0 0.1025 0.006046
[1314] (6.468) 7.8662: 0.247 0 0.1026 0.006041
[1315] (6.472) 7.8702: 0.2469 0 0.1027 0.006018
[1316] (6.477) 7.8741: 0.2469 0 0.1028 0.00598
[1317] (6.481) 7.8780: 0.2468 0 0.1028 0.005928
[1318] (6.485) 7.8820: 0.2468 0 0.1029 0.005863
[1319] (6.489) 7.8859: 0.2468 0 0.1029 0.005787
[1320] (6.493) 7.8898: 0.2468 0 0.1029 0.005702
[1321] (6.497) 7.8938: 0.2467 0 0.1029 0.005734
[1322] (6.501) 7.8977: 0.2467 0 0.1029 0.005837
[1323] (6.505) 7.9016: 0.2467 0 0.1029 0.00592
[1324] (6.509) 7.9056: 0.2467 0 0.103 0.005983
[1325] (6.514) 7.9095: 0.2466 0 0.1031 0.006026
[1326] (6.518) 7.9135: 0.2466 0 0.1032 0.00605
[1327] (6.522) 7.9174: 0.2465 0 0.1033 0.006055
[1328] (6.526) 7.9213: 0.2465 0 0.1035 0.006042
[1329] (6.53) 7.9253: 0.2465 0 0.1036 0.006013
[1330] (6.534) 7.9292: 0.2465 0 0.1037 0.005969
[1331] (6.538) 7.9331: 0.2465 0 0.1037 0.005911
[1332] (6.542) 7.9371: 0.2465 0 0.1038 0.005841
[1333] (6.547) 7.9410: 0.2464 0 0.1038 0.005761
[1334] (6.551) 7.9449: 0.2464 0 0.1038 0.005672
[1335] (6.555) 7.9489: 0.2464 0 0.1038 0.005784
[1336] (6.559) 7.9528: 0.2463 0 0.1038 0.00588
[1337] (6.563) 7.9567: 0.2463 0 0.1039 0.005955
[1338] (6.567) 7.9607: 0.2463 0 0.1038 0.00601
[1339] (6.571) 7.9646: 0.2462 0 0.1038 0.006045
[1340] (6.575) 7.9685: 0.2462 0 0.1038 0.006062
[1341] (6.58) 7.9725: 0.2462 0 0.1039 0.00606
[1342] (6.584) 7.9764: 0.2462 0 0.104 0.006041
[1343] (6.588) 7.9803: 0.2462 0 0.1042 0.006006
[1344] (6.592) 7.9843: 0.2462 0 0.1043 0.005957
[1345] (6.596) 7.9882: 0.2461 0 0.1044 0.005895
[1346] (6.6) 7.9921: 0.2461 0 0.1045 0.005821
[1347] (6.604) 7.9961: 0.2461 0 0.1045 0.005737
[1348] (6.608) 8.0000: 0.246 0 0.1046 0.005722
*Write time: 0.0508073. Average write time: 0.0694905.
[1349] (6.664) 8.0039: 0.246 0 0.1046 0.005831
[1350] (6.668) 8.0078: 0.246 0 0.1046 0.005919
[1351] (6.672) 8.0118: 0.246 0 0.1046 0.005987
[1352] (6.676) 8.0157: 0.246 0 0.1046 0.006035
[1353] (6.68) 8.0196: 0.2459 0 0.1046 0.006064
[1354] (6.684) 8.0235: 0.2459 0 0.1045 0.006075
[1355] (6.688) 8.0275: 0.2459 0 0.1045 0.006067
[1356] (6.693) 8.0314: 0.2458 0 0.1044 0.006042
[1357] (6.697) 8.0353: 0.2458 0 0.1045 0.006002
[1358] (6.701) 8.0392: 0.2457 0 0.1046 0.005948
[1359] (6.705) 8.0431: 0.2457 0 0.1048 0.005881
[1360] (6.709) 8.0471: 0.2457 0 0.1049 0.005804
[1361] (6.713) 8.0510: 0.2456 0 0.105 0.005717
[1362] (6.717) 8.0549: 0.2456 0 0.105 0.005772
[1363] (6.722) 8.0588: 0.2456 0 0.1051 0.005874
[1364] (6.726) 8.0627: 0.2456 0 0.1051 0.005956
[1365] (6.73) 8.0667: 0.2455 0 0.1051 0.006017
[1366] (6.734) 8.0706: 0.2455 0 0.1051 0.006059
[1367] (6.738) 8.0745: 0.2455 0 0.1052 0.006081
[1368] (6.743) 8.0784: 0.2455 0 0.1051 0.006085
[1369] (6.747) 8.0824: 0.2454 0 0.1051 0.006071
[1370] (6.751) 8.0863: 0.2454 0 0.1051 0.00604
[1371] (6.755) 8.0902: 0.2454 0 0.105 0.005994
[1372] (6.759) 8.0941: 0.2454 0 0.1049 0.005934
[1373] (6.763) 8.0980: 0.2454 0 0.1049 0.005863
[1374] (6.767) 8.1020: 0.2454 0 0.105 0.005781
[1375] (6.772) 8.1059: 0.2454 0 0.1051 0.005702
[1376] (6.776) 8.1098: 0.2454 0 0.1053 0.005818
[1377] (6.78) 8.1137: 0.2453 0 0.1053 0.005912
[1378] (6.784) 8.1176: 0.2453 0 0.1054 0.005987
[1379] (6.788) 8.1216: 0.2453 0 0.1055 0.006041
[1380] (6.793) 8.1255: 0.2454 0 0.1055 0.006076
[1381] (6.797) 8.1294: 0.2454 0 0.1055 0.006091
[1382] (6.801) 8.1333: 0.2454 0 0.1055 0.006088
[1383] (6.805) 8.1373: 0.2454 0 0.1055 0.006068
[1384] (6.81) 8.1412: 0.2455 0 0.1055 0.006032
[1385] (6.814) 8.1451: 0.2455 0 0.1055 0.005981
[1386] (6.818) 8.1490: 0.2455 0 0.1054 0.005917
[1387] (6.822) 8.1529: 0.2455 0 0.1053 0.005843
[1388] (6.826) 8.1569: 0.2455 0 0.1052 0.005758
[1389] (6.83) 8.1608: 0.2456 0 0.1051 0.005747
[1390] (6.834) 8.1647: 0.2456 0 0.1051 0.005855
[1391] (6.839) 8.1686: 0.2456 0 0.1052 0.005944
[1392] (6.843) 8.1725: 0.2456 0 0.1053 0.006012
[1393] (6.847) 8.1765: 0.2456 0 0.1054 0.00606
[1394] (6.851) 8.1804: 0.2457 0 0.1055 0.006088
[1395] (6.855) 8.1843: 0.2457 0 0.1056 0.006098
[1396] (6.859) 8.1882: 0.2458 0 0.1056 0.00609
[1397] (6.863) 8.1922: 0.2458 0 0.1057 0.006066
[1398] (6.868) 8.1961: 0.2458 0 0.1057 0.006026
[1399] (6.872) 8.2000: 0.2458 0 0.1057 0.005971
[1400] (6.876) 8.2039: 0.2458 0 0.1057 0.005905
[1401] (6.88) 8.2078: 0.2459 0 0.1056 0.005827
[1402] (6.884) 8.2118: 0.2459 0 0.1056 0.005741
[1403] (6.889) 8.2157: 0.2459 0 0.1055 0.00579
[1404] (6.893) 8.2196: 0.2459 0 0.1054 0.005892
[1405] (6.897) 8.2235: 0.246 0 0.1052 0.005975
[1406] (6.901) 8.2275: 0.246 0 0.1051 0.006038
[1407] (6.905) 8.2314: 0.246 0 0.1049 0.006081
[1408] (6.909) 8.2353: 0.2461 0 0.105 0.006104
[1409] (6.913) 8.2392: 0.2461 0 0.1051 0.006109
[1410] (6.918) 8.2431: 0.2461 0 0.1052 0.006096
[1411] (6.922) 8.2471: 0.2461 0 0.1053 0.006067
[1412] (6.926) 8.2510: 0.2461 0 0.1054 0.006022
[1413] (6.93) 8.2549: 0.2461 0 0.1054 0.005963
[1414] (6.934) 8.2588: 0.2461 0 0.1054 0.005892
[1415] (6.939) 8.2627: 0.2462 0 0.1055 0.005811
[1416] (6.943) 8.2667: 0.2462 0 0.1055 0.005721
[1417] (6.947) 8.2706: 0.2462 0 0.1054 0.005835
[1418] (6.951) 8.2745: 0.2463 0 0.1054 0.005933
[1419] (6.955) 8.2784: 0.2463 0 0.1053 0.006009
[1420] (6.959) 8.2824: 0.2463 0 0.1052 0.006066
[1421] (6.963) 8.2863: 0.2463 0 0.1051 0.006102
[1422] (6.968) 8.2902: 0.2463 0 0.105 0.006119
[1423] (6.972) 8.2941: 0.2464 0 0.1048 0.006118
[1424] (6.976) 8.2980: 0.2464 0 0.1047 0.006099
[1425] (6.98) 8.3020: 0.2464 0 0.1045 0.006063
[1426] (6.984) 8.3059: 0.2464 0 0.1046 0.006013
[1427] (6.988) 8.3098: 0.2465 0 0.1047 0.005949
[1428] (6.992) 8.3137: 0.2465 0 0.1048 0.005874
[1429] (6.997) 8.3176: 0.2465 0 0.1048 0.005788
[1430] (7.001) 8.3216: 0.2466 0 0.1049 0.005768
[1431] (7.005) 8.3255: 0.2466 0 0.1049 0.005878
[1432] (7.009) 8.3294: 0.2466 0 0.105 0.005968
[1433] (7.013) 8.3333: 0.2466 0 0.105 0.006038
[1434] (7.017) 8.3373: 0.2467 0 0.1049 0.006087
[1435] (7.021) 8.3412: 0.2467 0 0.1049 0.006117
[1436] (7.026) 8.3451: 0.2467 0 0.1049 0.006127
[1437] (7.03) 8.3490: 0.2467 0 0.1048 0.006119
[1438] (7.034) 8.3529: 0.2468 0 0.1047 0.006094
[1439] (7.038) 8.3569: 0.2468 0 0.1046 0.006053
[1440] (7.042) 8.3608: 0.2469 0 0.1044 0.005998
[1441] (7.046) 8.3647: 0.2469 0 0.1043 0.00593
[1442] (7.05) 8.3686: 0.2469 0 0.1041 0.005852
[1443] (7.054) 8.3725: 0.2469 0 0.1039 0.005764
[1444] (7.059) 8.3765: 0.247 0 0.1038 0.005809
[1445] (7.063) 8.3804: 0.247 0 0.1039 0.005912
[1446] (7.067) 8.3843: 0.2469 0 0.104 0.005996
[1447] (7.071) 8.3882: 0.247 0 0.104 0.006058
[1448] (7.075) 8.3922: 0.247 0 0.1041 0.006101
[1449] (7.079) 8.3961: 0.2471 0 0.1041 0.006125
[1450] (7.083) 8.4000: 0.2471 0 0.1041 0.00613
[1451] (7.087) 8.4039: 0.2471 0 0.1041 0.006117
[1452] (7.092) 8.4078: 0.2471 0 0.1041 0.006087
[1453] (7.096) 8.4118: 0.2471 0 0.1041 0.006043
[1454] (7.1) 8.4157: 0.2471 0 0.104 0.005985
[1455] (7.104) 8.4196: 0.2471 0 0.1039 0.005914
[1456] (7.108) 8.4235: 0.2471 0 0.1039 0.005834
[1457] (7.112) 8.4275: 0.2472 0 0.1037 0.005745
[1458] (7.117) 8.4314: 0.2472 0 0.1036 0.005845
[1459] (7.121) 8.4353: 0.2472 0 0.1035 0.005943
[1460] (7.125) 8.4392: 0.2472 0 0.1033 0.006021
[1461] (7.129) 8.4431: 0.2472 0 0.1031 0.006079
[1462] (7.133) 8.4471: 0.2471 0 0.103 0.006117
[1463] (7.137) 8.4510: 0.2471 0 0.1028 0.006136
[1464] (7.142) 8.4549: 0.2471 0 0.1028 0.006136
[1465] (7.146) 8.4588: 0.2471 0 0.1028 0.006119
[1466] (7.15) 8.4627: 0.2471 0 0.1028 0.006086
[1467] (7.154) 8.4667: 0.2471 0 0.1029 0.006038
[1468] (7.159) 8.4706: 0.2471 0 0.1029 0.005977
[1469] (7.163) 8.4745: 0.247 0 0.1029 0.005903
[1470] (7.167) 8.4784: 0.247 0 0.1029 0.00582
[1471] (7.171) 8.4824: 0.2469 0 0.1028 0.005771
[1472] (7.175) 8.4863: 0.2469 0 0.1028 0.005885
[1473] (7.18) 8.4902: 0.2469 0 0.1027 0.005978
[1474] (7.184) 8.4941: 0.2469 0 0.1027 0.006051
[1475] (7.188) 8.4980: 0.2469 0 0.1026 0.006103
[1476] (7.192) 8.5020: 0.2468 0 0.1025 0.006136
[1477] (7.196) 8.5059: 0.2467 0 0.1024 0.00615
[1478] (7.2) 8.5098: 0.2467 0 0.1023 0.006146
[1479] (7.205) 8.5137: 0.2466 0 0.1021 0.006124
[1480] (7.209) 8.5176: 0.2466 0 0.102 0.006086
[1481] (7.213) 8.5216: 0.2465 0 0.1018 0.006033
[1482] (7.217) 8.5255: 0.2465 0 0.1016 0.005967
[1483] (7.221) 8.5294: 0.2464 0 0.1014 0.005889
[1484] (7.225) 8.5333: 0.2464 0 0.1014 0.005802
[1485] (7.229) 8.5373: 0.2463 0 0.1014 0.005819
[1486] (7.234) 8.5412: 0.2462 0 0.1014 0.005927
[1487] (7.238) 8.5451: 0.2461 0 0.1014 0.006014
[1488] (7.242) 8.5490: 0.2461 0 0.1014 0.006081
[1489] (7.246) 8.5529: 0.246 0 0.1013 0.006127
[1490] (7.25) 8.5569: 0.246 0 0.1013 0.006154
[1491] (7.254) 8.5608: 0.2459 0 0.1012 0.006161
[1492] (7.258) 8.5647: 0.2458 0 0.1011 0.00615
[1493] (7.262) 8.5686: 0.2457 0 0.1011 0.006122
[1494] (7.266) 8.5725: 0.2456 0 0.101 0.006078
[1495] (7.271) 8.5765: 0.2455 0 0.1009 0.00602
[1496] (7.275) 8.5804: 0.2455 0 0.1008 0.005949
[1497] (7.279) 8.5843: 0.2454 0 0.1007 0.005868
[1498] (7.283) 8.5882: 0.2453 0 0.1006 0.005777
[1499] (7.287) 8.5922: 0.2452 0 0.1005 0.005864
[1500] (7.291) 8.5961: 0.245 0 0.1003 0.005965
[1501] (7.296) 8.6000: 0.245 0 0.1002 0.006045
[1502] (7.3) 8.6039: 0.2449 0 0.09997 0.006104
[1503] (7.304) 8.6078: 0.2448 0 0.09978 0.006144
[1504] (7.308) 8.6118: 0.2447 0 0.09957 0.006163
[1505] (7.312) 8.6157: 0.2446 0 0.0995 0.006164
[1506] (7.316) 8.6196: 0.2445 0 0.09949 0.006147
[1507] (7.321) 8.6235: 0.2443 0 0.09948 0.006114
[1508] (7.325) 8.6275: 0.2442 0 0.09945 0.006065
[1509] (7.329) 8.6314: 0.2441 0 0.09941 0.006002
[1510] (7.333) 8.6353: 0.244 0 0.09936 0.005928
[1511] (7.338) 8.6392: 0.2439 0 0.09929 0.005844
[1512] (7.342) 8.6431: 0.2438 0 0.09922 0.005785
[1513] (7.346) 8.6471: 0.2437 0 0.09913 0.005899
[1514] (7.35) 8.6510: 0.2435 0 0.09903 0.005993
[1515] (7.354) 8.6549: 0.2433 0 0.09891 0.006066
[1516] (7.358) 8.6588: 0.2432 0 0.09878 0.00612
[1517] (7.362) 8.6627: 0.2431 0 0.09864 0.006153
[1518] (7.366) 8.6667: 0.243 0 0.09848 0.006167
[1519] (7.371) 8.6706: 0.2429 0 0.09831 0.006163
[1520] (7.375) 8.6745: 0.2427 0 0.09812 0.006141
[1521] (7.379) 8.6784: 0.2426 0 0.09798 0.006104
[1522] (7.383) 8.6824: 0.2424 0 0.09783 0.006052
[1523] (7.387) 8.6863: 0.2422 0 0.09766 0.005987
[1524] (7.392) 8.6902: 0.2421 0 0.09749 0.005911
[1525] (7.396) 8.6941: 0.242 0 0.09732 0.005825
[1526] (7.4) 8.6980: 0.2418 0 0.09726 0.005821
[1527] (7.404) 8.7020: 0.2417 0 0.09719 0.00593
[1528] (7.408) 8.7059: 0.2415 0 0.09711 0.006018
[1529] (7.413) 8.7098: 0.2413 0 0.09702 0.006087
[1530] (7.417) 8.7137: 0.2411 0 0.09692 0.006135
[1531] (7.421) 8.7176: 0.241 0 0.09681 0.006164
[1532] (7.425) 8.7216: 0.2409 0 0.09673 0.006174
[1533] (7.429) 8.7255: 0.2407 0 0.09665 0.006166
[1534] (7.433) 8.7294: 0.2405 0 0.09657 0.006141
[1535] (7.438) 8.7333: 0.2403 0 0.09647 0.006101
[1536] (7.442) 8.7373: 0.2401 0 0.09636 0.006046
[1537] (7.446) 8.7412: 0.2399 0 0.09624 0.005979
[1538] (7.45) 8.7451: 0.2398 0 0.09611 0.0059
[1539] (7.454) 8.7490: 0.2396 0 0.09598 0.005812
[1540] (7.458) 8.7529: 0.2394 0 0.09583 0.005859
[1541] (7.462) 8.7569: 0.2393 0 0.09566 0.005963
[1542] (7.467) 8.7608: 0.239 0 0.09549 0.006047
[1543] (7.471) 8.7647: 0.2388 0 0.09531 0.006111
[1544] (7.475) 8.7686: 0.2386 0 0.09511 0.006156
[1545] (7.479) 8.7725: 0.2385 0 0.0949 0.00618
[1546] (7.483) 8.7765: 0.2383 0 0.09468 0.006186
[1547] (7.488) 8.7804: 0.2381 0 0.0946 0.006174
[1548] (7.492) 8.7843: 0.2379 0 0.09453 0.006145
[1549] (7.496) 8.7882: 0.2377 0 0.09445 0.0061
[1550] (7.5) 8.7922: 0.2374 0 0.09436 0.006041
[1551] (7.504) 8.7961: 0.2372 0 0.09427 0.00597
[1552] (7.508) 8.8000: 0.237 0 0.09417 0.005888
[1553] (7.513) 8.8039: 0.2369 0 0.09406 0.005797
[1554] (7.517) 8.8078: 0.2367 0 0.09394 0.005901
[1555] (7.521) 8.8118: 0.2364 0 0.09381 0.006001
[1556] (7.525) 8.8157: 0.2362 0 0.09367 0.006081
[1557] (7.529) 8.8196: 0.2359 0 0.09352 0.006139
[1558] (7.533) 8.8235: 0.2357 0 0.09336 0.006178
[1559] (7.537) 8.8275: 0.2355 0 0.09321 0.006197
[1560] (7.541) 8.8314: 0.2353 0 0.09309 0.006197
[1561] (7.546) 8.8353: 0.2351 0 0.09295 0.006179
[1562] (7.55) 8.8392: 0.2349 0 0.09281 0.006145
[1563] (7.554) 8.8431: 0.2346 0 0.09265 0.006095
[1564] (7.558) 8.8471: 0.2344 0 0.09248 0.006031
[1565] (7.563) 8.8510: 0.2341 0 0.09231 0.005955
[1566] (7.567) 8.8549: 0.2339 0 0.09212 0.005869
[1567] (7.571) 8.8588: 0.2337 0 0.09191 0.00583
[1568] (7.575) 8.8627: 0.2334 0 0.0917 0.005944
[1569] (7.579) 8.8667: 0.2332 0 0.09152 0.006038
[1570] (7.583) 8.8706: 0.2329 0 0.09139 0.00611
[1571] (7.587) 8.8745: 0.2327 0 0.09129 0.006163
[1572] (7.591) 8.8784: 0.2324 0 0.09121 0.006195
[1573] (7.596) 8.8824: 0.2322 0 0.09112 0.006207
[1574] (7.6) 8.8863: 0.232 0 0.09102 0.006201
[1575] (7.604) 8.8902: 0.2317 0 0.09091 0.006177
[1576] (7.608) 8.8941: 0.2315 0 0.09079 0.006137
[1577] (7.612) 8.8980: 0.2312 0 0.09067 0.006081
[1578] (7.616) 8.9020: 0.2309 0 0.09054 0.006013
[1579] (7.62) 8.9059: 0.2307 0 0.09039 0.005933
[1580] (7.624) 8.9098: 0.2304 0 0.09024 0.005844
[1581] (7.628) 8.9137: 0.2302 0 0.09008 0.005871
[1582] (7.632) 8.9176: 0.2299 0 0.0899 0.005979
[1583] (7.636) 8.9216: 0.2297 0 0.08972 0.006065
[1584] (7.641) 8.9255: 0.2294 0 0.08952 0.006131
[1585] (7.645) 8.9294: 0.2291 0 0.08932 0.006177
[1586] (7.649) 8.9333: 0.2288 0 0.0891 0.006202
[1587] (7.653) 8.9373: 0.2286 0 0.08887 0.006208
[1588] (7.657) 8.9412: 0.2283 0 0.08862 0.006196
[1589] (7.661) 8.9451: 0.2281 0 0.08852 0.006167
[1590] (7.665) 8.9490: 0.2278 0 0.08841 0.006123
[1591] (7.669) 8.9529: 0.2275 0 0.08829 0.006064
[1592] (7.674) 8.9569: 0.2273 0 0.08817 0.005993
[1593] (7.678) 8.9608: 0.227 0 0.08804 0.005911
[1594] (7.682) 8.9647: 0.2267 0 0.0879 0.00582
[1595] (7.686) 8.9686: 0.2264 0 0.08775 0.005904
[1596] (7.69) 8.9725: 0.2261 0 0.08759 0.006005
[1597] (7.695) 8.9765: 0.2259 0 0.08742 0.006085
[1598] (7.699) 8.9804: 0.2256 0 0.08725 0.006145
[1599] (7.703) 8.9843: 0.2254 0 0.08706 0.006185
[1600] (7.707) 8.9882: 0.2251 0 0.08692 0.006206
[1601] (7.711) 8.9922: 0.2248 0 0.08678 0.006207
[1602] (7.715) 8.9961: 0.2246 0 0.08664 0.006192
[1603] (7.719) 9.0000: 0.2243 0 0.08648 0.006159
*Write time: 0.0494745. Average write time: 0.0672665.
[1604] (7.774) 9.0039: 0.224 0 0.08632 0.006112
[1605] (7.778) 9.0078: 0.2237 0 0.08616 0.006052
[1606] (7.782) 9.0117: 0.2235 0 0.08598 0.005979
[1607] (7.786) 9.0156: 0.2232 0 0.08579 0.005897
[1608] (7.79) 9.0195: 0.2229 0 0.08559 0.005812
[1609] (7.794) 9.0234: 0.2227 0 0.08538 0.005929
[1610] (7.798) 9.0273: 0.2224 0 0.08516 0.006025
[1611] (7.802) 9.0312: 0.2222 0 0.08493 0.006102
[1612] (7.806) 9.0352: 0.2222 0 0.08471 0.006158
[1613] (7.81) 9.0391: 0.2222 0 0.0846 0.006195
[1614] (7.814) 9.0430: 0.2222 0 0.08447 0.006213
[1615] (7.818) 9.0469: 0.2222 0 0.08435 0.006213
[1616] (7.822) 9.0508: 0.2222 0 0.08421 0.006195
[1617] (7.826) 9.0547: 0.2222 0 0.08408 0.006161
[1618] (7.83) 9.0586: 0.2221 0 0.08393 0.006113
[1619] (7.834) 9.0625: 0.2221 0 0.08378 0.006051
[1620] (7.838) 9.0664: 0.2221 0 0.08363 0.005977
[1621] (7.842) 9.0703: 0.2221 0 0.08346 0.005893
[1622] (7.846) 9.0742: 0.222 0 0.08329 0.005842
[1623] (7.85) 9.0781: 0.222 0 0.08311 0.005956
[1624] (7.854) 9.0820: 0.222 0 0.08292 0.00605
[1625] (7.858) 9.0859: 0.222 0 0.08272 0.006124
[1626] (7.862) 9.0898: 0.2219 0 0.08253 0.006179
[1627] (7.865) 9.0938: 0.2219 0 0.08238 0.006213
[1628] (7.869) 9.0977: 0.2219 0 0.08222 0.006229
[1629] (7.873) 9.1016: 0.2219 0 0.08206 0.006226
[1630] (7.878) 9.1055: 0.2219 0 0.08188 0.006205
[1631] (7.882) 9.1094: 0.2218 0 0.0817 0.006169
[1632] (7.886) 9.1133: 0.2218 0 0.0815 0.006117
[1633] (7.89) 9.1172: 0.2218 0 0.0813 0.006052
[1634] (7.894) 9.1211: 0.2217 0 0.08109 0.005975
[1635] (7.898) 9.1250: 0.2217 0 0.08087 0.005888
[1636] (7.902) 9.1289: 0.2217 0 0.08066 0.005879
[1637] (7.906) 9.1328: 0.2217 0 0.08052 0.005991
[1638] (7.91) 9.1367: 0.2216 0 0.08041 0.006082
[1639] (7.914) 9.1406: 0.2216 0 0.0803 0.006153
[1640] (7.918) 9.1445: 0.2216 0 0.08019 0.006203
[1641] (7.923) 9.1484: 0.2216 0 0.08006 0.006234
[1642] (7.927) 9.1523: 0.2216 0 0.07992 0.006245
[1643] (7.931) 9.1562: 0.2215 0 0.07976 0.006238
[1644] (7.935) 9.1602: 0.2215 0 0.07961 0.006213
[1645] (7.939) 9.1641: 0.2215 0 0.07945 0.006171
[1646] (7.943) 9.1680: 0.2215 0 0.07929 0.006115
[1647] (7.947) 9.1719: 0.2214 0 0.07911 0.006045
[1648] (7.952) 9.1758: 0.2214 0 0.07893 0.005964
[1649] (7.956) 9.1797: 0.2214 0 0.07873 0.005873
[1650] (7.96) 9.1836: 0.2214 0 0.07856 0.005918
[1651] (7.964) 9.1875: 0.2213 0 0.07844 0.006025
[1652] (7.968) 9.1914: 0.2213 0 0.07831 0.006112
[1653] (7.972) 9.1953: 0.2213 0 0.07817 0.006178
[1654] (7.976) 9.1992: 0.2213 0 0.0781 0.006223
[1655] (7.981) 9.2031: 0.2213 0 0.07812 0.006248
[1656] (7.985) 9.2070: 0.2213 0 0.07811 0.006253
[1657] (7.989) 9.2109: 0.2213 0 0.07809 0.00624
[1658] (7.993) 9.2148: 0.2212 0 0.07804 0.00621
[1659] (7.997) 9.2188: 0.2212 0 0.07797 0.006164
[1660] (8.001) 9.2227: 0.2212 0 0.07788 0.006103
[1661] (8.006) 9.2266: 0.2211 0 0.07776 0.006029
[1662] (8.01) 9.2305: 0.2211 0 0.07761 0.005945
[1663] (8.014) 9.2344: 0.2211 0 0.07743 0.005851
[1664] (8.018) 9.2383: 0.2211 0 0.07737 0.00595
[1665] (8.022) 9.2422: 0.2211 0 0.07735 0.006052
[1666] (8.026) 9.2461: 0.2211 0 0.07731 0.006132
[1667] (8.031) 9.2500: 0.221 0 0.07727 0.006192
[1668] (8.035) 9.2539: 0.221 0 0.07722 0.006231
[1669] (8.039) 9.2578: 0.221 0 0.07715 0.006251
[1670] (8.043) 9.2617: 0.2209 0 0.07707 0.006251
[1671] (8.047) 9.2656: 0.2209 0 0.07698 0.006234
[1672] (8.052) 9.2695: 0.2208 0 0.0769 0.006199
[1673] (8.056) 9.2734: 0.2208 0 0.07688 0.00615
[1674] (8.06) 9.2773: 0.2209 0 0.07685 0.006087
[1675] (8.064) 9.2812: 0.2209 0 0.07679 0.006011
[1676] (8.068) 9.2852: 0.221 0 0.07671 0.005926
[1677] (8.072) 9.2891: 0.221 0 0.07661 0.005855
[1678] (8.076) 9.2930: 0.221 0 0.07649 0.005971
[1679] (8.08) 9.2969: 0.221 0 0.07647 0.006067
[1680] (8.084) 9.3008: 0.2211 0 0.07646 0.006143
[1681] (8.089) 9.3047: 0.2211 0 0.07644 0.006198
[1682] (8.093) 9.3086: 0.2212 0 0.0764 0.006233
[1683] (8.097) 9.3125: 0.2212 0 0.07636 0.006249
[1684] (8.101) 9.3164: 0.2213 0 0.0763 0.006247
[1685] (8.105) 9.3203: 0.2213 0 0.07624 0.006227
[1686] (8.109) 9.3242: 0.2213 0 0.07624 0.006191
[1687] (8.113) 9.3281: 0.2213 0 0.07623 0.00614
[1688] (8.117) 9.3320: 0.2213 0 0.07621 0.006076
[1689] (8.121) 9.3359: 0.2214 0 0.07619 0.006001
[1690] (8.125) 9.3398: 0.2214 0 0.07616 0.005915
[1691] (8.13) 9.3438: 0.2214 0 0.07612 0.005874
[1692] (8.134) 9.3477: 0.2215 0 0.07608 0.005987
[1693] (8.138) 9.3516: 0.2215 0 0.07604 0.00608
[1694] (8.142) 9.3555: 0.2215 0 0.07606 0.006153
[1695] (8.146) 9.3594: 0.2215 0 0.07608 0.006205
[1696] (8.15) 9.3633: 0.2215 0 0.07608 0.006239
[1697] (8.155) 9.3672: 0.2215 0 0.07609 0.006253
[1698] (8.159) 9.3711: 0.2216 0 0.07608 0.006249
[1699] (8.164) 9.3750: 0.2216 0 0.07607 0.006228
[1700] (8.178) 9.3789: 0.2216 0 0.07605 0.006191
[1701] (8.187) 9.3828: 0.2216 0 0.07603 0.00614
[1702] (8.193) 9.3867: 0.2216 0 0.076 0.006076
[1703] (8.2) 9.3906: 0.2216 0 0.07596 0.006
[1704] (8.212) 9.3945: 0.2216 0 0.07591 0.005914
[1705] (8.219) 9.3984: 0.2216 0 0.07586 0.005897
[1706] (8.226) 9.4023: 0.2216 0 0.07582 0.006008
[1707] (8.23) 9.4062: 0.2216 0 0.0758 0.006099
[1708] (8.236) 9.4102: 0.2217 0 0.07577 0.006171
[1709] (8.241) 9.4141: 0.2217 0 0.07573 0.006222
[1710] (8.246) 9.4180: 0.2217 0 0.07569 0.006254
[1711] (8.25) 9.4219: 0.2217 0 0.07564 0.006267
[1712] (8.255) 9.4258: 0.2217 0 0.07561 0.006262
[1713] (8.26) 9.4297: 0.2217 0 0.07561 0.006239
[1714] (8.264) 9.4336: 0.2217 0 0.07562 0.0062
[1715] (8.269) 9.4375: 0.2218 0 0.07561 0.006147
[1716] (8.273) 9.4414: 0.2218 0 0.0756 0.006081
[1717] (8.277) 9.4453: 0.2218 0 0.07558 0.006002
[1718] (8.281) 9.4492: 0.2218 0 0.07556 0.005914
[1719] (8.286) 9.4531: 0.2218 0 0.07553 0.005929
[1720] (8.29) 9.4570: 0.2218 0 0.0755 0.006039
[1721] (8.294) 9.4609: 0.2219 0 0.07545 0.006129
[1722] (8.298) 9.4648: 0.2219 0 0.07541 0.006198
[1723] (8.303) 9.4688: 0.2219 0 0.07535 0.006247
[1724] (8.307) 9.4727: 0.222 0 0.0753 0.006276
[1725] (8.312) 9.4766: 0.222 0 0.07523 0.006286
[1726] (8.316) 9.4805: 0.222 0 0.07517 0.006277
[1727] (8.32) 9.4844: 0.2221 0 0.07523 0.006251
[1728] (8.324) 9.4883: 0.2221 0 0.07528 0.006208
[1729] (8.329) 9.4922: 0.2222 0 0.0753 0.006151
[1730] (8.333) 9.4961: 0.2222 0 0.0753 0.00608
[1731] (8.338) 9.5000: 0.2222 0 0.07528 0.005997
[1732] (8.342) 9.5039: 0.2223 0 0.07524 0.005905
[1733] (8.347) 9.5078: 0.2223 0 0.07518 0.005968
[1734] (8.351) 9.5117: 0.2223 0 0.07518 0.006075
[1735] (8.355) 9.5156: 0.2223 0 0.07522 0.006161
[1736] (8.36) 9.5195: 0.2224 0 0.07524 0.006226
[1737] (8.364) 9.5234: 0.2224 0 0.07523 0.00627
[1738] (8.368) 9.5273: 0.2225 0 0.0752 0.006295
[1739] (8.373) 9.5312: 0.2225 0 0.07514 0.006299
[1740] (8.377) 9.5352: 0.2225 0 0.07506 0.006285
[1741] (8.381) 9.5391: 0.2226 0 0.075 0.006254
[1742] (8.386) 9.5430: 0.2226 0 0.07502 0.006206
[1743] (8.39) 9.5469: 0.2226 0 0.07502 0.006144
[1744] (8.394) 9.5508: 0.2226 0 0.07506 0.006069
[1745] (8.398) 9.5547: 0.2226 0 0.07519 0.005982
[1746] (8.401) 9.5586: 0.2227 0 0.07529 0.005887
[1747] (8.406) 9.5625: 0.2227 0 0.07537 0.006004
[1748] (8.41) 9.5664: 0.2227 0 0.07545 0.006105
[1749] (8.413) 9.5703: 0.2227 0 0.07555 0.006186
[1750] (8.418) 9.5742: 0.2227 0 0.07563 0.006245
[1751] (8.422) 9.5781: 0.2227 0 0.07568 0.006284
[1752] (8.426) 9.5820: 0.2227 0 0.0757 0.006303
[1753] (8.43) 9.5859: 0.2228 0 0.0757 0.006302
[1754] (8.434) 9.5898: 0.2228 0 0.07588 0.006283
[1755] (8.437) 9.5938: 0.2228 0 0.07609 0.006247
[1756] (8.441) 9.5977: 0.2228 0 0.07627 0.006195
[1757] (8.445) 9.6016: 0.2228 0 0.07642 0.006129
[1758] (8.449) 9.6055: 0.2228 0 0.07655 0.006051
[1759] (8.453) 9.6094: 0.2228 0 0.07665 0.005962
[1760] (8.457) 9.6133: 0.2228 0 0.07672 0.005912
[1761] (8.462) 9.6172: 0.2228 0 0.07676 0.006029
[1762] (8.465) 9.6211: 0.2228 0 0.07678 0.006125
[1763] (8.469) 9.6250: 0.2228 0 0.07677 0.0062
[1764] (8.473) 9.6289: 0.2228 0 0.07674 0.006254
[1765] (8.477) 9.6328: 0.2228 0 0.07677 0.006288
[1766] (8.481) 9.6367: 0.2228 0 0.07697 0.006302
[1767] (8.485) 9.6406: 0.2227 0 0.07713 0.006297
[1768] (8.49) 9.6445: 0.2227 0 0.07727 0.006274
[1769] (8.494) 9.6484: 0.2227 0 0.07737 0.006235
[1770] (8.498) 9.6523: 0.2227 0 0.07745 0.006181
[1771] (8.502) 9.6562: 0.2227 0 0.07751 0.006113
[1772] (8.506) 9.6602: 0.2227 0 0.07753 0.006034
[1773] (8.51) 9.6641: 0.2227 0 0.07754 0.005945
[1774] (8.514) 9.6680: 0.2229 0 0.07751 0.005932
[1775] (8.518) 9.6719: 0.223 0 0.07757 0.006044
[1776] (8.522) 9.6758: 0.2231 0 0.07768 0.006136
[1777] (8.525) 9.6797: 0.2233 0 0.07776 0.006206
[1778] (8.529) 9.6836: 0.2234 0 0.07782 0.006257
[1779] (8.533) 9.6875: 0.2236 0 0.07789 0.006287
[1780] (8.537) 9.6914: 0.2237 0 0.07798 0.006299
[1781] (8.541) 9.6953: 0.2239 0 0.07803 0.006291
[1782] (8.546) 9.6992: 0.224 0 0.07806 0.006267
[1783] (8.55) 9.7031: 0.2242 0 0.07808 0.006227
[1784] (8.554) 9.7070: 0.2243 0 0.07823 0.006172
[1785] (8.558) 9.7109: 0.2245 0 0.07836 0.006105
[1786] (8.562) 9.7148: 0.2246 0 0.07846 0.006026
[1787] (8.566) 9.7188: 0.2247 0 0.07853 0.005937
[1788] (8.57) 9.7227: 0.2248 0 0.07858 0.005947
[1789] (8.574) 9.7266: 0.225 0 0.07861 0.006056
[1790] (8.578) 9.7305: 0.2252 0 0.07862 0.006145
[1791] (8.582) 9.7344: 0.2253 0 0.0786 0.006214
[1792] (8.588) 9.7383: 0.2254 0 0.07862 0.006262
[1793] (8.592) 9.7422: 0.2256 0 0.0788 0.006292
[1794] (8.596) 9.7461: 0.2257 0 0.07895 0.006302
[1795] (8.6) 9.7500: 0.2258 0 0.07907 0.006294
[1796] (8.604) 9.7539: 0.2259 0 0.07915 0.006269
[1797] (8.608) 9.7578: 0.226 0 0.07921 0.006229
[1798] (8.612) 9.7617: 0.2262 0 0.07925 0.006174
[1799] (8.616) 9.7656: 0.2263 0 0.07925 0.006106
[1800] (8.62) 9.7695: 0.2264 0 0.07924 0.006028
[1801] (8.624) 9.7734: 0.2265 0 0.0792 0.005939
[1802] (8.628) 9.7773: 0.2266 0 0.07922 0.005965
[1803] (8.632) 9.7812: 0.2267 0 0.07939 0.006073
[1804] (8.636) 9.7852: 0.2268 0 0.07953 0.006161
[1805] (8.639) 9.7891: 0.227 0 0.07962 0.006229
[1806] (8.643) 9.7930: 0.2271 0 0.07969 0.006277
[1807] (8.647) 9.7969: 0.2272 0 0.07972 0.006305
[1808] (8.652) 9.8008: 0.2273 0 0.07971 0.006315
[1809] (8.656) 9.8047: 0.2274 0 0.07968 0.006306
[1810] (8.66) 9.8086: 0.2275 0 0.07962 0.006281
[1811] (8.664) 9.8125: 0.2276 0 0.07953 0.006239
[1812] (8.668) 9.8164: 0.2277 0 0.07957 0.006183
[1813] (8.672) 9.8203: 0.2278 0 0.07974 0.006114
[1814] (8.676) 9.8242: 0.2279 0 0.07986 0.006034
[1815] (8.679) 9.8281: 0.228 0 0.07994 0.005943
[1816] (8.683) 9.8320: 0.2281 0 0.07998 0.005993
[1817] (8.687) 9.8359: 0.2282 0 0.07998 0.0061
[1818] (8.691) 9.8398: 0.2282 0 0.07995 0.006187
[1819] (8.695) 9.8438: 0.2283 0 0.07988 0.006254
[1820] (8.699) 9.8477: 0.2284 0 0.07978 0.006301
[1821] (8.703) 9.8516: 0.2285 0 0.07979 0.006327
[1822] (8.707) 9.8555: 0.2286 0 0.07981 0.006335
[1823] (8.711) 9.8594: 0.2287 0 0.07988 0.006324
[1824] (8.715) 9.8633: 0.2287 0 0.08002 0.006296
[1825] (8.719) 9.8672: 0.2288 0 0.08011 0.006251
[1826] (8.723) 9.8711: 0.2288 0 0.08016 0.006192
[1827] (8.727) 9.8750: 0.2289 0 0.08017 0.006119
[1828] (8.731) 9.8789: 0.229 0 0.08013 0.006035
[1829] (8.735) 9.8828: 0.2291 0 0.08011 0.005941
[1830] (8.739) 9.8867: 0.2291 0 0.08018 0.006029
[1831] (8.743) 9.8906: 0.2292 0 0.08022 0.006134
[1832] (8.747) 9.8945: 0.2292 0 0.08021 0.006219
[1833] (8.751) 9.8984: 0.2292 0 0.08017 0.006283
[1834] (8.755) 9.9023: 0.2293 0 0.08009 0.006326
[1835] (8.759) 9.9062: 0.2293 0 0.08019 0.006349
[1836] (8.763) 9.9102: 0.2294 0 0.08026 0.006353
[1837] (8.767) 9.9141: 0.2294 0 0.08029 0.006338
[1838] (8.771) 9.9180: 0.2295 0 0.08027 0.006305
[1839] (8.775) 9.9219: 0.2297 0 0.08039 0.006256
[1840] (8.779) 9.9258: 0.2299 0 0.08048 0.006192
[1841] (8.783) 9.9297: 0.2301 0 0.08053 0.006115
[1842] (8.787) 9.9336: 0.2303 0 0.08054 0.006026
[1843] (8.791) 9.9375: 0.2305 0 0.0805 0.005941
[1844] (8.795) 9.9414: 0.2307 0 0.08041 0.006064
[1845] (8.799) 9.9453: 0.231 0 0.08029 0.006166
[1846] (8.803) 9.9492: 0.2312 0 0.08013 0.006246
[1847] (8.807) 9.9531: 0.2314 0 0.08013 0.006306
[1848] (8.811) 9.9570: 0.2316 0 0.08036 0.006344
[1849] (8.814) 9.9609: 0.2318 0 0.08054 0.006362
[1850] (8.818) 9.9648: 0.232 0 0.08067 0.00636
[1851] (8.822) 9.9688: 0.2322 0 0.08074 0.00634
[1852] (8.826) 9.9727: 0.2324 0 0.08077 0.006303
[1853] (8.83) 9.9766: 0.2326 0 0.08075 0.006249
[1854] (8.834) 9.9805: 0.2328 0 0.08069 0.006182
[1855] (8.838) 9.9844: 0.233 0 0.08058 0.006101
[1856] (8.842) 9.9883: 0.2332 0 0.08043 0.00601
[1857] (8.846) 9.9922: 0.2334 0 0.08024 0.005974
[1858] (8.85) 9.9961: 0.2336 0 0.08016 0.006092
[1859] (8.854) 10.0000: 0.2337 0 0.08036 0.006188
*Write time: 0.0549823. Average write time: 0.0660381.
[1860] (8.914) 10.0039: 0.234 0 0.08051 0.006264
[1861] (8.918) 10.0078: 0.2342 0 0.08061 0.006318
[1862] (8.923) 10.0117: 0.2344 0 0.08066 0.006352
[1863] (8.927) 10.0156: 0.2346 0 0.08066 0.006365
[1864] (8.931) 10.0195: 0.2347 0 0.08061 0.006359
[1865] (8.935) 10.0234: 0.2349 0 0.08052 0.006335
[1866] (8.939) 10.0273: 0.235 0 0.08039 0.006294
[1867] (8.943) 10.0312: 0.2352 0 0.08021 0.006238
[1868] (8.947) 10.0352: 0.2354 0 0.07999 0.006167
[1869] (8.951) 10.0391: 0.2356 0 0.07985 0.006085
[1870] (8.955) 10.0430: 0.2358 0 0.07993 0.005993
[1871] (8.958) 10.0469: 0.2359 0 0.08005 0.005994
[1872] (8.963) 10.0508: 0.236 0 0.08011 0.006108
[1873] (8.967) 10.0547: 0.2362 0 0.08013 0.0062
[1874] (8.971) 10.0586: 0.2363 0 0.08011 0.006271
[1875] (8.974) 10.0625: 0.2365 0 0.08003 0.006321
[1876] (8.978) 10.0664: 0.2367 0 0.07996 0.006351
[1877] (8.982) 10.0703: 0.2368 0 0.07997 0.006361
[1878] (8.986) 10.0742: 0.237 0 0.07992 0.006353
[1879] (8.99) 10.0781: 0.2371 0 0.07983 0.006326
[1880] (8.994) 10.0820: 0.2372 0 0.07969 0.006283
[1881] (8.998) 10.0859: 0.2373 0 0.0795 0.006226
[1882] (9.002) 10.0898: 0.2375 0 0.07947 0.006155
[1883] (9.006) 10.0938: 0.2376 0 0.07951 0.006072
[1884] (9.01) 10.0977: 0.2378 0 0.0795 0.006
[1885] (9.014) 10.1016: 0.2379 0 0.07946 0.006028
[1886] (9.018) 10.1055: 0.238 0 0.07954 0.006116
[1887] (9.022) 10.1094: 0.2381 0 0.07958 0.006205
[1888] (9.026) 10.1133: 0.2382 0 0.07956 0.006273
[1889] (9.03) 10.1172: 0.2383 0 0.07949 0.006321
[1890] (9.034) 10.1211: 0.2385 0 0.07937 0.006348
[1891] (9.038) 10.1250: 0.2386 0 0.07921 0.006357
[1892] (9.042) 10.1289: 0.2387 0 0.079 0.006346
[1893] (9.046) 10.1328: 0.2387 0 0.07903 0.006319
[1894] (9.05) 10.1367: 0.2388 0 0.07903 0.006276
[1895] (9.054) 10.1406: 0.2389 0 0.07899 0.006218
[1896] (9.058) 10.1445: 0.239 0 0.07907 0.006148
[1897] (9.062) 10.1484: 0.2391 0 0.07914 0.006132
[1898] (9.066) 10.1523: 0.2392 0 0.07915 0.006175
[1899] (9.07) 10.1562: 0.2393 0 0.07912 0.006208
[1900] (9.074) 10.1602: 0.2393 0 0.07904 0.006229
[1901] (9.078) 10.1641: 0.2394 0 0.0789 0.006238
[1902] (9.082) 10.1680: 0.2397 0 0.07872 0.006274
[1903] (9.086) 10.1719: 0.2398 0 0.0785 0.006321
[1904] (9.09) 10.1758: 0.24 0 0.07847 0.006348
[1905] (9.094) 10.1797: 0.2402 0 0.07851 0.006356
[1906] (9.098) 10.1836: 0.2404 0 0.07865 0.006346
[1907] (9.102) 10.1875: 0.2407 0 0.07874 0.006319
[1908] (9.106) 10.1914: 0.2409 0 0.07878 0.006277
[1909] (9.11) 10.1953: 0.2411 0 0.07878 0.00622
[1910] (9.114) 10.1992: 0.2413 0 0.07873 0.006151
[1911] (9.118) 10.2031: 0.2415 0 0.07863 0.006178
[1912] (9.122) 10.2070: 0.2417 0 0.07848 0.006222
[1913] (9.126) 10.2109: 0.2418 0 0.07829 0.006255
[1914] (9.13) 10.2148: 0.242 0 0.07805 0.006276
[1915] (9.134) 10.2188: 0.2423 0 0.07793 0.006284
[1916] (9.138) 10.2227: 0.2425 0 0.07806 0.006279
[1917] (9.142) 10.2266: 0.2427 0 0.07816 0.006325
[1918] (9.146) 10.2305: 0.2429 0 0.07821 0.006353
[1919] (9.15) 10.2344: 0.243 0 0.07822 0.006362
[1920] (9.154) 10.2383: 0.2432 0 0.07818 0.006353
[1921] (9.158) 10.2422: 0.2434 0 0.0781 0.006327
[1922] (9.162) 10.2461: 0.2436 0 0.07797 0.006286
[1923] (9.166) 10.2500: 0.2438 0 0.07779 0.00623
[1924] (9.17) 10.2539: 0.244 0 0.07758 0.006162
[1925] (9.174) 10.2578: 0.2442 0 0.07732 0.006133
[1926] (9.178) 10.2617: 0.2443 0 0.07725 0.006176
[1927] (9.182) 10.2656: 0.2445 0 0.07732 0.006206
[1928] (9.186) 10.2695: 0.2446 0 0.07736 0.006225
[1929] (9.19) 10.2734: 0.2448 0 0.07735 0.006231
[1930] (9.194) 10.2773: 0.245 0 0.07731 0.006292
[1931] (9.198) 10.2812: 0.2452 0 0.07722 0.00634
[1932] (9.202) 10.2852: 0.2454 0 0.07709 0.006369
[1933] (9.206) 10.2891: 0.2455 0 0.07693 0.006379
[1934] (9.21) 10.2930: 0.2456 0 0.07682 0.006371
[1935] (9.214) 10.2969: 0.2458 0 0.07667 0.006345
[1936] (9.218) 10.3008: 0.2461 0 0.0767 0.006304
[1937] (9.222) 10.3047: 0.2464 0 0.07686 0.006248
[1938] (9.226) 10.3086: 0.2467 0 0.07697 0.006179
[1939] (9.23) 10.3125: 0.2469 0 0.07705 0.006098
[1940] (9.234) 10.3164: 0.2471 0 0.07709 0.006073
[1941] (9.239) 10.3203: 0.2473 0 0.07709 0.006101
[1942] (9.243) 10.3242: 0.2475 0 0.07704 0.006153
[1943] (9.247) 10.3281: 0.2478 0 0.07696 0.006243
[1944] (9.251) 10.3320: 0.2481 0 0.07683 0.006312
[1945] (9.255) 10.3359: 0.2483 0 0.07666 0.006361
[1946] (9.259) 10.3398: 0.2486 0 0.07648 0.00639
[1947] (9.263) 10.3438: 0.2488 0 0.07662 0.0064
[1948] (9.267) 10.3477: 0.2489 0 0.07673 0.006391
[1949] (9.271) 10.3516: 0.2491 0 0.07679 0.006365
[1950] (9.275) 10.3555: 0.2494 0 0.07682 0.006322
[1951] (9.279) 10.3594: 0.2496 0 0.07681 0.006265
[1952] (9.283) 10.3633: 0.2498 0 0.07675 0.006193
[1953] (9.287) 10.3672: 0.25 0 0.07665 0.00611
[1954] (9.291) 10.3711: 0.2502 0 0.07652 0.006017
[1955] (9.295) 10.3750: 0.2504 0 0.07634 0.006065
[1956] (9.299) 10.3788: 0.2505 0 0.07622 0.006174
[1957] (9.303) 10.3827: 0.2508 0 0.0762 0.006263
[1958] (9.307) 10.3866: 0.251 0 0.07615 0.006332
[1959] (9.311) 10.3905: 0.2512 0 0.07617 0.00638
[1960] (9.315) 10.3944: 0.2514 0 0.07617 0.006409
[1961] (9.319) 10.3982: 0.2515 0 0.07614 0.006417
[1962] (9.323) 10.4021: 0.2517 0 0.07607 0.006408
[1963] (9.327) 10.4060: 0.2519 0 0.07595 0.006381
[1964] (9.331) 10.4098: 0.2521 0 0.07582 0.006337
[1965] (9.335) 10.4137: 0.2523 0 0.07584 0.006279
[1966] (9.339) 10.4176: 0.2525 0 0.07582 0.006208
[1967] (9.343) 10.4214: 0.2526 0 0.07578 0.006124
[1968] (9.347) 10.4253: 0.2527 0 0.0757 0.006031
[1969] (9.351) 10.4291: 0.2529 0 0.0756 0.00607
[1970] (9.355) 10.4330: 0.2531 0 0.07552 0.006181
[1971] (9.359) 10.4368: 0.2533 0 0.07545 0.006271
[1972] (9.364) 10.4407: 0.2535 0 0.07536 0.006341
[1973] (9.368) 10.4445: 0.2536 0 0.07522 0.00639
[1974] (9.372) 10.4483: 0.2537 0 0.07522 0.00642
[1975] (9.376) 10.4521: 0.2538 0 0.0752 0.006431
[1976] (9.38) 10.4559: 0.254 0 0.07515 0.006424
[1977] (9.384) 10.4597: 0.2542 0 0.07514 0.006399
[1978] (9.389) 10.4635: 0.2543 0 0.07514 0.006359
[1979] (9.393) 10.4673: 0.2545 0 0.07512 0.006304
[1980] (9.397) 10.4711: 0.2546 0 0.07506 0.006235
[1981] (9.402) 10.4749: 0.2547 0 0.07497 0.006155
[1982] (9.406) 10.4787: 0.2548 0 0.07484 0.006064
[1983] (9.41) 10.4825: 0.2549 0 0.07474 0.00604
[1984] (9.414) 10.4863: 0.2551 0 0.07471 0.006155
[1985] (9.418) 10.4901: 0.2552 0 0.07477 0.006251
[1986] (9.422) 10.4939: 0.2553 0 0.0748 0.006326
[1987] (9.426) 10.4977: 0.2554 0 0.0748 0.006382
[1988] (9.431) 10.5016: 0.2555 0 0.07477 0.006417
[1989] (9.435) 10.5054: 0.2556 0 0.07472 0.006434
[1990] (9.44) 10.5092: 0.2557 0 0.07463 0.006433
[1991] (9.444) 10.5130: 0.2559 0 0.07454 0.006414
[1992] (9.448) 10.5168: 0.256 0 0.07453 0.006379
[1993] (9.452) 10.5206: 0.2561 0 0.07457 0.006328
[1994] (9.456) 10.5244: 0.2562 0 0.0747 0.006264
[1995] (9.46) 10.5282: 0.2562 0 0.07497 0.006187
[1996] (9.464) 10.5320: 0.2563 0 0.07524 0.0061
[1997] (9.467) 10.5358: 0.2564 0 0.07549 0.006004
[1998] (9.472) 10.5396: 0.2565 0 0.0757 0.006123
[1999] (9.475) 10.5434: 0.2566 0 0.07588 0.006225
[2000] (9.48) 10.5472: 0.2567 0 0.07603 0.006307
[2001] (9.484) 10.5510: 0.2568 0 0.0764 0.006369
[2002] (9.488) 10.5548: 0.2568 0 0.07676 0.006412
[2003] (9.492) 10.5585: 0.2568 0 0.07709 0.006435
[2004] (9.496) 10.5623: 0.2569 0 0.07736 0.00644
[2005] (9.5) 10.5661: 0.257 0 0.0776 0.006428
[2006] (9.504) 10.5699: 0.2571 0 0.07779 0.006399
[2007] (9.509) 10.5736: 0.2572 0 0.07793 0.006355
[2008] (9.513) 10.5774: 0.2573 0 0.07805 0.006297
[2009] (9.517) 10.5812: 0.2573 0 0.07815 0.006226
[2010] (9.521) 10.5849: 0.2573 0 0.07856 0.006144
[2011] (9.526) 10.5887: 0.2574 0 0.07891 0.006053
[2012] (9.53) 10.5925: 0.2575 0 0.0792 0.006066
[2013] (9.534) 10.5963: 0.2576 0 0.07944 0.006177
[2014] (9.538) 10.6000: 0.2578 0 0.07962 0.006269
[2015] (9.543) 10.6038: 0.2579 0 0.07975 0.006341
[2016] (9.547) 10.6076: 0.258 0 0.07984 0.006393
[2017] (9.551) 10.6114: 0.2581 0 0.07989 0.006427
[2018] (9.556) 10.6151: 0.2583 0 0.07991 0.006442
[2019] (9.561) 10.6189: 0.2585 0 0.08027 0.006439
[2020] (9.565) 10.6227: 0.2586 0 0.0807 0.006419
[2021] (9.571) 10.6265: 0.2588 0 0.08106 0.006383
[2022] (9.576) 10.6302: 0.2589 0 0.08135 0.006332
[2023] (9.58) 10.6340: 0.259 0 0.08158 0.006269
[2024] (9.584) 10.6377: 0.2591 0 0.08175 0.006195
[2025] (9.588) 10.6414: 0.2592 0 0.08185 0.006111
[2026] (9.592) 10.6451: 0.2594 0 0.08191 0.006098
[2027] (9.596) 10.6487: 0.2596 0 0.08192 0.006137
[2028] (9.6) 10.6524: 0.2597 0 0.08212 0.006209
[2029] (9.604) 10.6561: 0.2598 0 0.08255 0.006291
[2030] (9.608) 10.6598: 0.26 0 0.0829 0.006355
[2031] (9.612) 10.6635: 0.2601 0 0.08319 0.0064
[2032] (9.616) 10.6672: 0.2601 0 0.08341 0.006428
[2033] (9.62) 10.6709: 0.2602 0 0.08356 0.006437
[2034] (9.625) 10.6746: 0.2604 0 0.08366 0.00643
[2035] (9.629) 10.6783: 0.2605 0 0.0837 0.006407
[2036] (9.633) 10.6820: 0.2606 0 0.08369 0.006369
[2037] (9.637) 10.6857: 0.2608 0 0.08365 0.006318
[2038] (9.641) 10.6894: 0.2609 0 0.08376 0.006254
[2039] (9.646) 10.6931: 0.261 0 0.08412 0.006179
[2040] (9.65) 10.6968: 0.261 0 0.0844 0.00614
[2041] (9.654) 10.7005: 0.2611 0 0.08462 0.006152
[2042] (9.658) 10.7042: 0.2612 0 0.08481 0.006146
[2043] (9.663) 10.7079: 0.2613 0 0.08504 0.006218
[2044] (9.667) 10.7116: 0.2615 0 0.08519 0.006298
[2045] (9.672) 10.7153: 0.2616 0 0.08528 0.006359
[2046] (9.676) 10.7190: 0.2617 0 0.0853 0.006402
[2047] (9.681) 10.7227: 0.2618 0 0.08526 0.006427
[2048] (9.685) 10.7264: 0.2618 0 0.08518 0.006435
[2049] (9.689) 10.7301: 0.2619 0 0.08552 0.006426
[2050] (9.693) 10.7338: 0.262 0 0.0859 0.006402
[2051] (9.697) 10.7375: 0.2621 0 0.08621 0.006363
[2052] (9.702) 10.7412: 0.2622 0 0.08645 0.006311
[2053] (9.706) 10.7449: 0.2623 0 0.08662 0.006247
[2054] (9.71) 10.7486: 0.2624 0 0.08672 0.006172
[2055] (9.715) 10.7523: 0.2625 0 0.08677 0.006131
[2056] (9.719) 10.7560: 0.2625 0 0.08676 0.006104
[2057] (9.723) 10.7597: 0.2626 0 0.08671 0.006116
[2058] (9.728) 10.7634: 0.2627 0 0.08663 0.006212
[2059] (9.733) 10.7671: 0.2628 0 0.08667 0.00629
[2060] (9.737) 10.7708: 0.2629 0 0.08699 0.00635
[2061] (9.741) 10.7745: 0.263 0 0.08725 0.006392
[2062] (9.745) 10.7782: 0.2631 0 0.08745 0.006417
[2063] (9.75) 10.7819: 0.2631 0 0.08761 0.006425
[2064] (9.754) 10.7856: 0.2632 0 0.08771 0.006417
[2065] (9.758) 10.7892: 0.2633 0 0.08777 0.006394
[2066] (9.762) 10.7929: 0.2634 0 0.08784 0.006357
[2067] (9.767) 10.7966: 0.2635 0 0.08789 0.006307
[2068] (9.771) 10.8003: 0.2635 0 0.08788 0.006245
[2069] (9.775) 10.8040: 0.2636 0 0.08781 0.006172
[2070] (9.78) 10.8077: 0.2637 0 0.0877 0.006091
[2071] (9.784) 10.8114: 0.2637 0 0.08786 0.006003
[2072] (9.788) 10.8151: 0.2637 0 0.08816 0.006112
[2073] (9.793) 10.8188: 0.2638 0 0.08843 0.006208
[2074] (9.797) 10.8225: 0.2639 0 0.08864 0.006286
[2075] (9.801) 10.8262: 0.264 0 0.0888 0.006346
[2076] (9.805) 10.8299: 0.2641 0 0.08891 0.006388
[2077] (9.81) 10.8336: 0.2641 0 0.08898 0.006414
[2078] (9.814) 10.8373: 0.2642 0 0.089 0.006423
[2079] (9.818) 10.8409: 0.2642 0 0.08898 0.006416
[2080] (9.824) 10.8445: 0.2642 0 0.08899 0.006395
[2081] (9.828) 10.8482: 0.2643 0 0.08904 0.006361
[2082] (9.832) 10.8518: 0.2644 0 0.08918 0.006315
[2083] (9.838) 10.8554: 0.2644 0 0.08933 0.006257
[2084] (9.842) 10.8590: 0.2645 0 0.08947 0.006189
[2085] (9.846) 10.8626: 0.2645 0 0.0896 0.006112
[2086] (9.851) 10.8662: 0.2645 0 0.0897 0.006028
[2087] (9.855) 10.8699: 0.2645 0 0.0898 0.006082
[2088] (9.859) 10.8735: 0.2645 0 0.09001 0.006181
[2089] (9.863) 10.8771: 0.2646 0 0.0902 0.006263
[2090] (9.868) 10.8807: 0.2646 0 0.09047 0.006329
[2091] (9.872) 10.8843: 0.2647 0 0.09072 0.006378
[2092] (9.876) 10.8879: 0.2647 0 0.09094 0.006411
[2093] (9.88) 10.8915: 0.2647 0 0.09113 0.006428
[2094] (9.885) 10.8952: 0.2648 0 0.09129 0.006429
[2095] (9.889) 10.8988: 0.2648 0 0.09141 0.006416
[2096] (9.894) 10.9024: 0.2648 0 0.0915 0.006389
[2097] (9.898) 10.9060: 0.2648 0 0.09156 0.006349
[2098] (9.903) 10.9096: 0.2648 0 0.09158 0.006297
[2099] (9.907) 10.9132: 0.2649 0 0.09161 0.006234
[2100] (9.911) 10.9168: 0.2649 0 0.09195 0.006162
[2101] (9.916) 10.9205: 0.2649 0 0.09225 0.006081
[2102] (9.92) 10.9241: 0.2649 0 0.0925 0.006093
[2103] (9.925) 10.9277: 0.2649 0 0.0927 0.006152
[2104] (9.93) 10.9313: 0.2649 0 0.09286 0.00623
[2105] (9.935) 10.9349: 0.2649 0 0.09297 0.006303
[2106] (9.939) 10.9385: 0.265 0 0.09303 0.00636
[2107] (9.945) 10.9422: 0.265 0 0.09305 0.0064
[2108] (9.95) 10.9458: 0.2651 0 0.09306 0.006424
[2109] (9.955) 10.9494: 0.2651 0 0.09304 0.006433
[2110] (9.96) 10.9530: 0.2651 0 0.09299 0.006427
[2111] (9.964) 10.9566: 0.2651 0 0.09332 0.006406
[2112] (9.969) 10.9602: 0.2651 0 0.09364 0.006372
[2113] (9.975) 10.9638: 0.2651 0 0.09392 0.006326
[2114] (9.979) 10.9675: 0.2651 0 0.09415 0.006268
[2115] (9.984) 10.9711: 0.2651 0 0.09433 0.006201
[2116] (9.988) 10.9747: 0.2652 0 0.09446 0.006213
[2117] (9.993) 10.9783: 0.2652 0 0.09454 0.006249
[2118] (10) 10.9819: 0.2652 0 0.09456 0.006266
[2119] (10.01) 10.9855: 0.2652 0 0.09454 0.006261
[2120] (10.01) 10.9892: 0.2652 0 0.09446 0.006283
[2121] (10.01) 10.9928: 0.2652 0 0.09434 0.006348
[2122] (10.02) 10.9964: 0.2652 0 0.09446 0.006396
[2123] (10.02) 11.0000: 0.2652 0 0.09478 0.006427
*Write time: 0.0696379. Average write time: 0.0663654.
[2124] (10.1) 11.0036: 0.2652 0 0.09504 0.006443
[2125] (10.1) 11.0072: 0.2652 0 0.09524 0.006444
[2126] (10.11) 11.0108: 0.2653 0 0.09538 0.00643
[2127] (10.11) 11.0144: 0.2653 0 0.09546 0.006403
[2128] (10.12) 11.0181: 0.2653 0 0.09549 0.006363
[2129] (10.12) 11.0217: 0.2653 0 0.09545 0.006311
[2130] (10.12) 11.0253: 0.2652 0 0.09539 0.006288
[2131] (10.13) 11.0289: 0.2652 0 0.09537 0.00629
[2132] (10.13) 11.0325: 0.2651 0 0.0953 0.00627
[2133] (10.14) 11.0361: 0.2652 0 0.09517 0.006227
[2134] (10.14) 11.0397: 0.2652 0 0.09532 0.00616
[2135] (10.15) 11.0433: 0.2652 0 0.09553 0.00624
[2136] (10.15) 11.0469: 0.2652 0 0.09568 0.006315
[2137] (10.15) 11.0505: 0.2652 0 0.09586 0.006373
[2138] (10.16) 11.0542: 0.2652 0 0.09602 0.006415
[2139] (10.16) 11.0578: 0.2651 0 0.09612 0.006441
[2140] (10.17) 11.0614: 0.2651 0 0.09617 0.006452
[2141] (10.17) 11.0650: 0.265 0 0.09617 0.006448
[2142] (10.17) 11.0686: 0.265 0 0.0961 0.00643
[2143] (10.18) 11.0722: 0.265 0 0.09599 0.006399
[2144] (10.18) 11.0758: 0.265 0 0.09582 0.006356
[2145] (10.19) 11.0794: 0.265 0 0.09565 0.006302
[2146] (10.19) 11.0830: 0.265 0 0.09571 0.006238
[2147] (10.2) 11.0866: 0.265 0 0.09594 0.006164
[2148] (10.2) 11.0903: 0.2649 0 0.09611 0.006083
[2149] (10.2) 11.0939: 0.2649 0 0.09623 0.006097
[2150] (10.21) 11.0975: 0.2648 0 0.0963 0.006198
[2151] (10.21) 11.1011: 0.2648 0 0.09631 0.006283
[2152] (10.22) 11.1047: 0.2648 0 0.09627 0.006351
[2153] (10.22) 11.1083: 0.2648 0 0.09629 0.006404
[2154] (10.23) 11.1119: 0.2647 0 0.09629 0.006441
[2155] (10.23) 11.1155: 0.2647 0 0.09623 0.006462
[2156] (10.23) 11.1191: 0.2646 0 0.09612 0.006468
[2157] (10.24) 11.1227: 0.2646 0 0.09596 0.00646
[2158] (10.24) 11.1264: 0.2645 0 0.09585 0.006438
[2159] (10.25) 11.1300: 0.2645 0 0.09599 0.006403
[2160] (10.25) 11.1336: 0.2644 0 0.09609 0.006356
[2161] (10.25) 11.1372: 0.2644 0 0.09615 0.006298
[2162] (10.26) 11.1408: 0.2644 0 0.09616 0.006229
[2163] (10.26) 11.1444: 0.2643 0 0.09614 0.006152
[2164] (10.27) 11.1480: 0.2642 0 0.09615 0.00613
[2165] (10.27) 11.1516: 0.2642 0 0.09612 0.006184
[2166] (10.28) 11.1552: 0.2641 0 0.09604 0.006254
[2167] (10.28) 11.1588: 0.2641 0 0.09591 0.006336
[2168] (10.28) 11.1625: 0.264 0 0.0961 0.006402
[2169] (10.29) 11.1661: 0.264 0 0.09627 0.006452
[2170] (10.29) 11.1697: 0.2639 0 0.0964 0.006485
[2171] (10.3) 11.1733: 0.2639 0 0.09649 0.006503
[2172] (10.3) 11.1769: 0.2638 0 0.09659 0.006505
[2173] (10.3) 11.1805: 0.2637 0 0.09667 0.006492
[2174] (10.31) 11.1841: 0.2637 0 0.09671 0.006465
[2175] (10.31) 11.1877: 0.2636 0 0.09672 0.006425
[2176] (10.32) 11.1913: 0.2636 0 0.0967 0.006372
[2177] (10.32) 11.1949: 0.2635 0 0.09664 0.006307
[2178] (10.33) 11.1986: 0.2635 0 0.09665 0.006232
[2179] (10.33) 11.2022: 0.2634 0 0.0968 0.006209
[2180] (10.33) 11.2058: 0.2633 0 0.0969 0.006238
[2181] (10.34) 11.2094: 0.2632 0 0.09697 0.006254
[2182] (10.34) 11.2130: 0.2631 0 0.09712 0.006308
[2183] (10.35) 11.2166: 0.2631 0 0.09724 0.006385
[2184] (10.35) 11.2202: 0.263 0 0.09731 0.006445
[2185] (10.35) 11.2238: 0.263 0 0.09734 0.006487
[2186] (10.36) 11.2274: 0.2629 0 0.09733 0.006513
[2187] (10.36) 11.2310: 0.2628 0 0.09727 0.006523
[2188] (10.37) 11.2347: 0.2628 0 0.09718 0.006517
[2189] (10.37) 11.2383: 0.2627 0 0.09714 0.006496
[2190] (10.37) 11.2419: 0.2626 0 0.09721 0.006461
[2191] (10.38) 11.2455: 0.2624 0 0.09738 0.006413
[2192] (10.38) 11.2491: 0.2624 0 0.09752 0.006352
[2193] (10.39) 11.2527: 0.2623 0 0.09761 0.006311
[2194] (10.39) 11.2563: 0.2623 0 0.09765 0.006337
[2195] (10.4) 11.2599: 0.2622 0 0.09765 0.006345
[2196] (10.4) 11.2635: 0.2621 0 0.0976 0.006331
[2197] (10.4) 11.2671: 0.262 0 0.09752 0.006296
[2198] (10.41) 11.2708: 0.2619 0 0.09739 0.006365
[2199] (10.41) 11.2744: 0.2618 0 0.09747 0.006433
[2200] (10.42) 11.2780: 0.2617 0 0.09762 0.006484
[2201] (10.42) 11.2816: 0.2616 0 0.09771 0.006518
[2202] (10.43) 11.2852: 0.2615 0 0.09777 0.006535
[2203] (10.43) 11.2888: 0.2615 0 0.09778 0.006537
[2204] (10.43) 11.2924: 0.2614 0 0.09776 0.006523
[2205] (10.44) 11.2960: 0.2613 0 0.0977 0.006494
[2206] (10.44) 11.2996: 0.2612 0 0.0976 0.006453
[2207] (10.45) 11.3032: 0.2611 0 0.09775 0.006449
[2208] (10.45) 11.3069: 0.261 0 0.09786 0.00644
[2209] (10.45) 11.3105: 0.2609 0 0.09793 0.006405
[2210] (10.46) 11.3141: 0.2608 0 0.09796 0.006341
[2211] (10.46) 11.3177: 0.2607 0 0.09798 0.006249
[2212] (10.47) 11.3213: 0.2606 0 0.09801 0.006205
[2213] (10.47) 11.3249: 0.2605 0 0.098 0.006303
[2214] (10.48) 11.3285: 0.2604 0 0.09808 0.006383
[2215] (10.48) 11.3321: 0.2603 0 0.09821 0.006447
[2216] (10.48) 11.3357: 0.2603 0 0.09829 0.006495
[2217] (10.49) 11.3394: 0.2602 0 0.09832 0.006525
[2218] (10.5) 11.3430: 0.26 0 0.09831 0.00654
[2219] (10.5) 11.3466: 0.2599 0 0.09828 0.006539
[2220] (10.51) 11.3502: 0.2598 0 0.09834 0.006524
[2221] (10.52) 11.3538: 0.2597 0 0.09835 0.006494
[2222] (10.52) 11.3574: 0.2596 0 0.09851 0.006451
[2223] (10.52) 11.3610: 0.2595 0 0.09864 0.006396
[2224] (10.53) 11.3646: 0.2594 0 0.09871 0.00633
[2225] (10.53) 11.3682: 0.2593 0 0.09873 0.006253
[2226] (10.54) 11.3718: 0.2592 0 0.09871 0.006231
[2227] (10.54) 11.3755: 0.2591 0 0.09866 0.00633
[2228] (10.55) 11.3791: 0.259 0 0.09858 0.006409
[2229] (10.56) 11.3827: 0.2589 0 0.09848 0.006466
[2230] (10.56) 11.3863: 0.2588 0 0.0986 0.0065
[2231] (10.56) 11.3899: 0.2587 0 0.09877 0.006508
[2232] (10.57) 11.3935: 0.2585 0 0.09889 0.00651
[2233] (10.57) 11.3971: 0.2584 0 0.09896 0.006535
[2234] (10.58) 11.4007: 0.2584 0 0.09898 0.006544
[2235] (10.58) 11.4043: 0.2583 0 0.09896 0.006538
[2236] (10.59) 11.4079: 0.2582 0 0.09892 0.006516
[2237] (10.59) 11.4116: 0.2581 0 0.09885 0.006481
[2238] (10.6) 11.4152: 0.258 0 0.09876 0.006432
[2239] (10.6) 11.4188: 0.2579 0 0.09867 0.006371
[2240] (10.61) 11.4224: 0.2578 0 0.09869 0.006392
[2241] (10.61) 11.4260: 0.2577 0 0.09881 0.006444
[2242] (10.62) 11.4296: 0.2576 0 0.09893 0.006472
[2243] (10.62) 11.4332: 0.2575 0 0.099 0.006476
[2244] (10.63) 11.4368: 0.2573 0 0.09905 0.006453
[2245] (10.63) 11.4404: 0.2572 0 0.0991 0.006404
[2246] (10.63) 11.4440: 0.2572 0 0.09913 0.006438
[2247] (10.64) 11.4477: 0.2571 0 0.09915 0.006493
[2248] (10.64) 11.4513: 0.257 0 0.09915 0.00653
[2249] (10.65) 11.4549: 0.2569 0 0.09913 0.00655
[2250] (10.65) 11.4585: 0.2568 0 0.09909 0.006554
[2251] (10.66) 11.4621: 0.2568 0 0.0992 0.006543
[2252] (10.66) 11.4657: 0.2567 0 0.09936 0.006517
[2253] (10.67) 11.4693: 0.2566 0 0.0995 0.006477
[2254] (10.67) 11.4729: 0.2565 0 0.09961 0.006431
[2255] (10.67) 11.4765: 0.2564 0 0.09968 0.006432
[2256] (10.68) 11.4801: 0.2563 0 0.09972 0.006407
[2257] (10.68) 11.4838: 0.2562 0 0.09973 0.006355
[2258] (10.69) 11.4874: 0.2562 0 0.09969 0.006276
[2259] (10.69) 11.4910: 0.2561 0 0.09962 0.006169
[2260] (10.7) 11.4946: 0.256 0 0.09964 0.006263
[2261] (10.7) 11.4982: 0.2559 0 0.09982 0.006346
[2262] (10.7) 11.5018: 0.2559 0 0.1 0.006413
[2263] (10.71) 11.5054: 0.2558 0 0.1001 0.006463
[2264] (10.71) 11.5090: 0.2558 0 0.1002 0.006496
[2265] (10.72) 11.5126: 0.2557 0 0.1003 0.006514
[2266] (10.72) 11.5162: 0.2557 0 0.1003 0.006516
[2267] (10.73) 11.5199: 0.2556 0 0.1002 0.006504
[2268] (10.73) 11.5235: 0.2556 0 0.1002 0.006478
[2269] (10.74) 11.5271: 0.2556 0 0.1003 0.00644
[2270] (10.74) 11.5307: 0.2555 0 0.1004 0.00639
[2271] (10.74) 11.5343: 0.2555 0 0.1006 0.00633
[2272] (10.75) 11.5379: 0.2554 0 0.1008 0.00626
[2273] (10.75) 11.5415: 0.2554 0 0.1009 0.006182
[2274] (10.76) 11.5451: 0.2553 0 0.1009 0.006218
[2275] (10.76) 11.5487: 0.2552 0 0.1009 0.006296
[2276] (10.76) 11.5523: 0.2552 0 0.1008 0.006353
[2277] (10.77) 11.5560: 0.2551 0 0.1008 0.006387
[2278] (10.77) 11.5596: 0.2551 0 0.1008 0.006402
[2279] (10.78) 11.5632: 0.2551 0 0.101 0.006449
[2280] (10.78) 11.5668: 0.2551 0 0.1012 0.00648
[2281] (10.78) 11.5704: 0.2551 0 0.1013 0.006497
[2282] (10.79) 11.5740: 0.2551 0 0.1014 0.006498
[2283] (10.79) 11.5776: 0.255 0 0.1015 0.006486
[2284] (10.8) 11.5812: 0.255 0 0.1014 0.00646
[2285] (10.8) 11.5848: 0.255 0 0.1014 0.006423
[2286] (10.81) 11.5884: 0.255 0 0.1014 0.006374
[2287] (10.81) 11.5921: 0.255 0 0.1016 0.006352
[2288] (10.81) 11.5957: 0.2549 0 0.1017 0.006388
[2289] (10.82) 11.5993: 0.2549 0 0.1018 0.006395
[2290] (10.82) 11.6029: 0.2549 0 0.1019 0.006371
[2291] (10.83) 11.6065: 0.2549 0 0.102 0.006314
[2292] (10.83) 11.6101: 0.2548 0 0.1021 0.006223
[2293] (10.83) 11.6137: 0.2548 0 0.1021 0.006306
[2294] (10.84) 11.6173: 0.2548 0 0.1022 0.006373
[2295] (10.84) 11.6209: 0.2548 0 0.1024 0.006425
[2296] (10.85) 11.6245: 0.2548 0 0.1025 0.006461
[2297] (10.85) 11.6282: 0.2548 0 0.1026 0.006482
[2298] (10.86) 11.6318: 0.2548 0 0.1027 0.006489
[2299] (10.86) 11.6354: 0.2548 0 0.1028 0.006483
[2300] (10.86) 11.6390: 0.2548 0 0.1031 0.006464
[2301] (10.87) 11.6426: 0.2548 0 0.1032 0.006433
[2302] (10.87) 11.6462: 0.2548 0 0.1034 0.006391
[2303] (10.88) 11.6498: 0.2548 0 0.1035 0.006339
[2304] (10.88) 11.6534: 0.2547 0 0.1035 0.006278
[2305] (10.89) 11.6570: 0.2547 0 0.1036 0.006209
[2306] (10.89) 11.6606: 0.2547 0 0.1036 0.006177
[2307] (10.89) 11.6643: 0.2547 0 0.1037 0.006265
[2308] (10.9) 11.6679: 0.2547 0 0.104 0.00633
[2309] (10.9) 11.6715: 0.2547 0 0.1042 0.006367
[2310] (10.91) 11.6751: 0.2547 0 0.1043 0.006373
[2311] (10.91) 11.6787: 0.2547 0 0.1045 0.006378
[2312] (10.91) 11.6823: 0.2547 0 0.1046 0.006419
[2313] (10.92) 11.6859: 0.2547 0 0.1046 0.006446
[2314] (10.92) 11.6895: 0.2547 0 0.1047 0.006461
[2315] (10.93) 11.6931: 0.2546 0 0.1047 0.006462
[2316] (10.93) 11.6968: 0.2546 0 0.1047 0.006452
[2317] (10.94) 11.7004: 0.2546 0 0.1047 0.00643
[2318] (10.94) 11.7040: 0.2546 0 0.1049 0.006397
[2319] (10.95) 11.7076: 0.2546 0 0.1051 0.006355
[2320] (10.95) 11.7112: 0.2546 0 0.1053 0.006353
[2321] (10.95) 11.7148: 0.2546 0 0.1055 0.00634
[2322] (10.96) 11.7184: 0.2546 0 0.1056 0.006295
[2323] (10.96) 11.7220: 0.2545 0 0.1057 0.006215
[2324] (10.97) 11.7256: 0.2545 0 0.1058 0.006148
[2325] (10.97) 11.7292: 0.2544 0 0.1059 0.006243
[2326] (10.98) 11.7329: 0.2545 0 0.106 0.006323
[2327] (10.98) 11.7365: 0.2545 0 0.106 0.00639
[2328] (10.98) 11.7401: 0.2545 0 0.1061 0.006442
[2329] (10.99) 11.7437: 0.2545 0 0.106 0.00648
[2330] (10.99) 11.7473: 0.2544 0 0.1062 0.006505
[2331] (11) 11.7509: 0.2544 0 0.1064 0.006516
[2332] (11) 11.7545: 0.2544 0 0.1066 0.006513
[2333] (11.01) 11.7581: 0.2543 0 0.1067 0.006498
[2334] (11.01) 11.7617: 0.2542 0 0.1069 0.00647
[2335] (11.02) 11.7653: 0.2542 0 0.1071 0.006431
[2336] (11.02) 11.7690: 0.2542 0 0.1072 0.006381
[2337] (11.02) 11.7726: 0.2542 0 0.1073 0.006321
[2338] (11.03) 11.7762: 0.2542 0 0.1073 0.006251
[2339] (11.03) 11.7798: 0.2542 0 0.1073 0.006248
[2340] (11.04) 11.7834: 0.2541 0 0.1073 0.00629
[2341] (11.04) 11.7870: 0.2541 0 0.1074 0.006303
[2342] (11.05) 11.7906: 0.254 0 0.1076 0.006313
[2343] (11.05) 11.7942: 0.2539 0 0.1078 0.00639
[2344] (11.05) 11.7978: 0.2539 0 0.108 0.006452
[2345] (11.06) 11.8014: 0.2539 0 0.1082 0.006499
[2346] (11.06) 11.8051: 0.2538 0 0.1084 0.006531
[2347] (11.07) 11.8087: 0.2538 0 0.1085 0.006549
[2348] (11.07) 11.8123: 0.2538 0 0.1086 0.006552
[2349] (11.07) 11.8159: 0.2537 0 0.1087 0.006541
[2350] (11.08) 11.8195: 0.2536 0 0.1087 0.006516
[2351] (11.08) 11.8231: 0.2536 0 0.1087 0.006479
[2352] (11.09) 11.8267: 0.2535 0 0.1086 0.006431
[2353] (11.09) 11.8303: 0.2534 0 0.1087 0.006371
[2354] (11.1) 11.8339: 0.2534 0 0.1091 0.006301
[2355] (11.1) 11.8375: 0.2533 0 0.1093 0.006223
[2356] (11.1) 11.8412: 0.2533 0 0.1095 0.006137
[2357] (11.11) 11.8448: 0.2533 0 0.1097 0.006235
[2358] (11.11) 11.8484: 0.2532 0 0.1098 0.00633
[2359] (11.12) 11.8520: 0.2531 0 0.1099 0.006409
[2360] (11.12) 11.8556: 0.253 0 0.11 0.006472
[2361] (11.13) 11.8592: 0.2529 0 0.11 0.006519
[2362] (11.13) 11.8628: 0.2528 0 0.1099 0.00655
[2363] (11.14) 11.8664: 0.2527 0 0.11 0.006566
[2364] (11.14) 11.8700: 0.2527 0 0.11 0.006567
[2365] (11.15) 11.8736: 0.2527 0 0.1102 0.006553
[2366] (11.15) 11.8773: 0.2526 0 0.1105 0.006525
[2367] (11.16) 11.8809: 0.2525 0 0.1106 0.006485
[2368] (11.16) 11.8845: 0.2525 0 0.1108 0.006433
[2369] (11.17) 11.8881: 0.2524 0 0.1109 0.00637
[2370] (11.17) 11.8917: 0.2523 0 0.1109 0.006298
[2371] (11.17) 11.8953: 0.2522 0 0.1109 0.006218
[2372] (11.18) 11.8989: 0.2521 0 0.1111 0.006176
[2373] (11.18) 11.9025: 0.2519 0 0.1112 0.006201
[2374] (11.19) 11.9061: 0.2519 0 0.1113 0.006301
[2375] (11.19) 11.9097: 0.2518 0 0.1114 0.006385
[2376] (11.19) 11.9134: 0.2518 0 0.1114 0.006454
[2377] (11.2) 11.9170: 0.2517 0 0.1114 0.006506
[2378] (11.2) 11.9206: 0.2516 0 0.1113 0.006542
[2379] (11.21) 11.9242: 0.2515 0 0.1114 0.006564
[2380] (11.21) 11.9278: 0.2515 0 0.1116 0.00657
[2381] (11.21) 11.9314: 0.2514 0 0.1118 0.006562
[2382] (11.22) 11.9350: 0.2512 0 0.112 0.006542
[2383] (11.22) 11.9386: 0.2511 0 0.1121 0.006508
[2384] (11.23) 11.9422: 0.251 0 0.1122 0.006464
[2385] (11.23) 11.9458: 0.251 0 0.1123 0.006409
[2386] (11.24) 11.9495: 0.2509 0 0.1123 0.006345
[2387] (11.24) 11.9531: 0.2508 0 0.1122 0.006273
[2388] (11.24) 11.9567: 0.2508 0 0.1123 0.006194
[2389] (11.25) 11.9603: 0.2507 0 0.1125 0.00611
[2390] (11.25) 11.9639: 0.2506 0 0.1127 0.006186
[2391] (11.26) 11.9675: 0.2505 0 0.1128 0.006273
[2392] (11.26) 11.9711: 0.2504 0 0.1129 0.006345
[2393] (11.26) 11.9747: 0.2503 0 0.1131 0.006403
[2394] (11.27) 11.9783: 0.2502 0 0.1133 0.006447
[2395] (11.27) 11.9819: 0.2501 0 0.1135 0.006478
[2396] (11.28) 11.9856: 0.25 0 0.1136 0.006495
[2397] (11.28) 11.9892: 0.2499 0 0.1138 0.0065
[2398] (11.29) 11.9928: 0.2499 0 0.1139 0.006493
[2399] (11.29) 11.9964: 0.2498 0 0.1141 0.006475
[2400] (11.29) 12.0000: 0.2497 0 0.1143 0.006446
*Write time: 0.0508849. Average write time: 0.0650753.
[2401] (11.35) 12.0036: 0.2496 0 0.1146 0.006408
[2402] (11.35) 12.0072: 0.2495 0 0.115 0.006361
[2403] (11.36) 12.0108: 0.2495 0 0.1152 0.006306
[2404] (11.36) 12.0144: 0.2494 0 0.1154 0.006244
[2405] (11.37) 12.0181: 0.2493 0 0.1156 0.006176
[2406] (11.37) 12.0217: 0.2492 0 0.1157 0.006102
[2407] (11.37) 12.0253: 0.249 0 0.1158 0.006199
[2408] (11.38) 12.0289: 0.249 0 0.1159 0.006285
[2409] (11.38) 12.0325: 0.2489 0 0.1161 0.006357
[2410] (11.39) 12.0361: 0.2489 0 0.1163 0.006417
[2411] (11.39) 12.0397: 0.2488 0 0.1164 0.006463
[2412] (11.4) 12.0433: 0.2487 0 0.1165 0.006496
[2413] (11.4) 12.0469: 0.2486 0 0.1166 0.006516
[2414] (11.4) 12.0505: 0.2486 0 0.1166 0.006525
[2415] (11.41) 12.0542: 0.2485 0 0.1167 0.006521
[2416] (11.41) 12.0578: 0.2484 0 0.1169 0.006506
[2417] (11.42) 12.0614: 0.2483 0 0.1171 0.006481
[2418] (11.42) 12.0650: 0.2482 0 0.1174 0.006445
[2419] (11.42) 12.0686: 0.2481 0 0.1178 0.006399
[2420] (11.43) 12.0722: 0.2481 0 0.1181 0.006345
[2421] (11.43) 12.0758: 0.248 0 0.1183 0.006282
[2422] (11.44) 12.0794: 0.2479 0 0.1185 0.006212
[2423] (11.44) 12.0830: 0.2479 0 0.1186 0.006136
[2424] (11.44) 12.0866: 0.2478 0 0.1187 0.006177
[2425] (11.45) 12.0903: 0.2477 0 0.1188 0.006273
[2426] (11.45) 12.0939: 0.2476 0 0.1191 0.006355
[2427] (11.46) 12.0975: 0.2475 0 0.1193 0.006424
[2428] (11.46) 12.1011: 0.2474 0 0.1194 0.00648
[2429] (11.46) 12.1047: 0.2473 0 0.1195 0.006522
[2430] (11.47) 12.1083: 0.2473 0 0.1196 0.006551
[2431] (11.47) 12.1119: 0.2472 0 0.1196 0.006566
[2432] (11.48) 12.1155: 0.2472 0 0.1196 0.006569
[2433] (11.48) 12.1191: 0.2471 0 0.1195 0.006559
[2434] (11.48) 12.1227: 0.247 0 0.1197 0.006536
[2435] (11.49) 12.1264: 0.2469 0 0.1198 0.006502
[2436] (11.49) 12.1300: 0.2468 0 0.1199 0.006458
[2437] (11.5) 12.1336: 0.2467 0 0.1199 0.006403
[2438] (11.5) 12.1372: 0.2466 0 0.12 0.006339
[2439] (11.5) 12.1408: 0.2465 0 0.1203 0.006266
[2440] (11.51) 12.1444: 0.2465 0 0.1206 0.006187
[2441] (11.51) 12.1480: 0.2464 0 0.1208 0.006204
[2442] (11.52) 12.1516: 0.2464 0 0.1209 0.006298
[2443] (11.52) 12.1552: 0.2463 0 0.121 0.006377
[2444] (11.53) 12.1588: 0.2462 0 0.1209 0.006442
[2445] (11.53) 12.1625: 0.2462 0 0.1213 0.006492
[2446] (11.53) 12.1661: 0.2461 0 0.1216 0.006528
[2447] (11.54) 12.1697: 0.246 0 0.1218 0.00655
[2448] (11.54) 12.1733: 0.2459 0 0.122 0.006558
[2449] (11.55) 12.1769: 0.2458 0 0.1221 0.006552
[2450] (11.55) 12.1805: 0.2457 0 0.1221 0.006534
[2451] (11.55) 12.1841: 0.2457 0 0.1221 0.006505
[2452] (11.56) 12.1877: 0.2456 0 0.122 0.006465
[2453] (11.56) 12.1913: 0.2455 0 0.1223 0.006414
[2454] (11.57) 12.1949: 0.2455 0 0.1226 0.006355
[2455] (11.57) 12.1986: 0.2454 0 0.1227 0.006288
[2456] (11.57) 12.2022: 0.2453 0 0.1228 0.006215
[2457] (11.58) 12.2058: 0.2452 0 0.1229 0.006136
[2458] (11.58) 12.2094: 0.2451 0 0.1229 0.006205
[2459] (11.59) 12.2130: 0.245 0 0.1228 0.0063
[2460] (11.59) 12.2166: 0.2449 0 0.1227 0.00638
[2461] (11.59) 12.2202: 0.2448 0 0.1227 0.006445
[2462] (11.6) 12.2238: 0.2448 0 0.1229 0.006497
[2463] (11.6) 12.2274: 0.2447 0 0.1231 0.006534
[2464] (11.61) 12.2310: 0.2446 0 0.1232 0.006558
[2465] (11.61) 12.2347: 0.2446 0 0.1233 0.006569
[2466] (11.61) 12.2383: 0.2445 0 0.1233 0.006567
[2467] (11.62) 12.2419: 0.2444 0 0.1233 0.006554
[2468] (11.62) 12.2455: 0.2443 0 0.1232 0.00653
[2469] (11.63) 12.2491: 0.2442 0 0.1231 0.006496
[2470] (11.63) 12.2527: 0.2441 0 0.1229 0.006452
[2471] (11.63) 12.2563: 0.244 0 0.123 0.006401
[2472] (11.64) 12.2599: 0.2439 0 0.123 0.006341
[2473] (11.64) 12.2635: 0.2439 0 0.1231 0.006276
[2474] (11.65) 12.2671: 0.2438 0 0.1232 0.006205
[2475] (11.65) 12.2708: 0.2437 0 0.1232 0.006129
[2476] (11.65) 12.2744: 0.2436 0 0.1235 0.006154
[2477] (11.66) 12.2780: 0.2435 0 0.1238 0.006239
[2478] (11.66) 12.2816: 0.2434 0 0.124 0.006313
[2479] (11.67) 12.2852: 0.2433 0 0.1241 0.006375
[2480] (11.67) 12.2888: 0.2432 0 0.1242 0.006425
[2481] (11.68) 12.2924: 0.2431 0 0.1242 0.006464
[2482] (11.68) 12.2960: 0.243 0 0.1241 0.006491
[2483] (11.68) 12.2996: 0.2429 0 0.124 0.006508
[2484] (11.69) 12.3032: 0.2428 0 0.1239 0.006514
[2485] (11.69) 12.3069: 0.2428 0 0.1242 0.00651
[2486] (11.7) 12.3105: 0.2427 0 0.1245 0.006496
[2487] (11.7) 12.3141: 0.2426 0 0.1247 0.006473
[2488] (11.7) 12.3177: 0.2425 0 0.1248 0.006441
[2489] (11.71) 12.3213: 0.2424 0 0.1249 0.0064
[2490] (11.71) 12.3249: 0.2423 0 0.125 0.006353
[2491] (11.72) 12.3285: 0.2422 0 0.125 0.006298
[2492] (11.72) 12.3321: 0.242 0 0.1249 0.006236
[2493] (11.73) 12.3357: 0.242 0 0.1247 0.006169
[2494] (11.73) 12.3394: 0.2419 0 0.1245 0.006189
[2495] (11.73) 12.3430: 0.2418 0 0.1245 0.006276
[2496] (11.74) 12.3466: 0.2417 0 0.1247 0.006351
[2497] (11.74) 12.3502: 0.2416 0 0.125 0.006414
[2498] (11.75) 12.3538: 0.2415 0 0.1251 0.006465
[2499] (11.75) 12.3574: 0.2414 0 0.1253 0.006504
[2500] (11.75) 12.3610: 0.2413 0 0.1253 0.006532
[2501] (11.76) 12.3646: 0.2412 0 0.1253 0.006548
[2502] (11.76) 12.3682: 0.2411 0 0.1253 0.006553
[2503] (11.76) 12.3718: 0.241 0 0.1252 0.006546
[2504] (11.77) 12.3755: 0.2409 0 0.125 0.006529
[2505] (11.77) 12.3791: 0.2408 0 0.1248 0.006502
[2506] (11.78) 12.3827: 0.2407 0 0.1245 0.006465
[2507] (11.78) 12.3863: 0.2406 0 0.1247 0.006419
[2508] (11.78) 12.3899: 0.2405 0 0.1249 0.006365
[2509] (11.79) 12.3935: 0.2404 0 0.1251 0.006303
[2510] (11.79) 12.3971: 0.2403 0 0.1252 0.006234
[2511] (11.8) 12.4007: 0.2401 0 0.1253 0.006159
[2512] (11.8) 12.4043: 0.24 0 0.1254 0.006194
[2513] (11.8) 12.4079: 0.2399 0 0.1254 0.006289
[2514] (11.81) 12.4116: 0.2398 0 0.1253 0.006371
[2515] (11.81) 12.4152: 0.2397 0 0.1252 0.006441
[2516] (11.82) 12.4188: 0.2396 0 0.125 0.006499
[2517] (11.82) 12.4224: 0.2395 0 0.1248 0.006543
[2518] (11.82) 12.4260: 0.2394 0 0.1246 0.006576
[2519] (11.83) 12.4296: 0.2392 0 0.1244 0.006596
[2520] (11.83) 12.4332: 0.2391 0 0.1246 0.006604
[2521] (11.84) 12.4368: 0.2389 0 0.1248 0.0066
[2522] (11.84) 12.4404: 0.2388 0 0.1249 0.006585
[2523] (11.84) 12.4440: 0.2387 0 0.125 0.00656
[2524] (11.85) 12.4477: 0.2386 0 0.1251 0.006525
[2525] (11.85) 12.4513: 0.2385 0 0.1251 0.006481
[2526] (11.86) 12.4549: 0.2384 0 0.1251 0.006428
[2527] (11.86) 12.4585: 0.2382 0 0.1251 0.006368
[2528] (11.86) 12.4621: 0.238 0 0.125 0.006301
[2529] (11.87) 12.4657: 0.2378 0 0.1248 0.006228
[2530] (11.87) 12.4693: 0.2377 0 0.1246 0.006151
[2531] (11.88) 12.4729: 0.2376 0 0.1244 0.006216
[2532] (11.88) 12.4765: 0.2375 0 0.1241 0.006292
[2533] (11.89) 12.4801: 0.2374 0 0.1239 0.006355
[2534] (11.89) 12.4838: 0.2372 0 0.1241 0.006407
[2535] (11.89) 12.4874: 0.237 0 0.1242 0.006447
[2536] (11.9) 12.4910: 0.2368 0 0.1244 0.006477
[2537] (11.9) 12.4946: 0.2366 0 0.1245 0.006495
[2538] (11.91) 12.4982: 0.2364 0 0.1246 0.006504
[2539] (11.91) 12.5018: 0.2363 0 0.1246 0.006503
[2540] (11.91) 12.5054: 0.2362 0 0.1246 0.006493
[2541] (11.92) 12.5090: 0.236 0 0.1245 0.006475
[2542] (11.92) 12.5126: 0.2358 0 0.1245 0.006448
[2543] (11.93) 12.5162: 0.2356 0 0.1244 0.006415
[2544] (11.93) 12.5199: 0.2354 0 0.1242 0.006375
[2545] (11.93) 12.5235: 0.2351 0 0.124 0.006329
[2546] (11.94) 12.5271: 0.235 0 0.1238 0.006279
[2547] (11.94) 12.5307: 0.2348 0 0.1235 0.006223
[2548] (11.95) 12.5343: 0.2346 0 0.1232 0.006163
[2549] (11.95) 12.5379: 0.2344 0 0.1229 0.006164
[2550] (11.95) 12.5415: 0.2342 0 0.1231 0.006248
[2551] (11.96) 12.5451: 0.2339 0 0.1232 0.006321
[2552] (11.96) 12.5487: 0.2337 0 0.1233 0.006383
[2553] (11.97) 12.5523: 0.2335 0 0.1234 0.006435
[2554] (11.97) 12.5560: 0.2333 0 0.1235 0.006476
[2555] (11.97) 12.5596: 0.2331 0 0.1235 0.006508
[2556] (11.98) 12.5632: 0.2329 0 0.1235 0.00653
[2557] (11.98) 12.5668: 0.2327 0 0.1234 0.006542
[2558] (11.99) 12.5704: 0.2324 0 0.1234 0.006546
[2559] (11.99) 12.5740: 0.2321 0 0.1233 0.00654
[2560] (11.99) 12.5776: 0.232 0 0.1231 0.006527
[2561] (12) 12.5812: 0.2318 0 0.123 0.006506
[2562] (12) 12.5848: 0.2315 0 0.1228 0.006477
[2563] (12.01) 12.5884: 0.2313 0 0.1226 0.006441
[2564] (12.01) 12.5921: 0.231 0 0.1223 0.006398
[2565] (12.01) 12.5957: 0.2307 0 0.122 0.006349
[2566] (12.02) 12.5993: 0.2305 0 0.1217 0.006294
[2567] (12.02) 12.6029: 0.2303 0 0.1214 0.006234
[2568] (12.03) 12.6065: 0.2301 0 0.1213 0.006169
[2569] (12.03) 12.6101: 0.2298 0 0.1214 0.006137
[2570] (12.04) 12.6137: 0.2295 0 0.1215 0.006224
[2571] (12.04) 12.6173: 0.2292 0 0.1215 0.006301
[2572] (12.04) 12.6209: 0.229 0 0.1216 0.006369
[2573] (12.05) 12.6245: 0.2288 0 0.1216 0.006428
[2574] (12.05) 12.6282: 0.2286 0 0.1215 0.006476
[2575] (12.06) 12.6318: 0.2283 0 0.1215 0.006514
[2576] (12.06) 12.6354: 0.228 0 0.1214 0.006543
[2577] (12.06) 12.6390: 0.2277 0 0.1213 0.006562
[2578] (12.07) 12.6426: 0.2273 0 0.1211 0.006572
[2579] (12.07) 12.6462: 0.2271 0 0.121 0.006572
[2580] (12.08) 12.6498: 0.2269 0 0.1208 0.006563
[2581] (12.08) 12.6534: 0.2267 0 0.1206 0.006546
[2582] (12.08) 12.6570: 0.2263 0 0.1204 0.00652
[2583] (12.09) 12.6606: 0.226 0 0.1201 0.006487
[2584] (12.09) 12.6643: 0.2256 0 0.1199 0.006446
[2585] (12.1) 12.6679: 0.2253 0 0.1196 0.006398
[2586] (12.1) 12.6715: 0.2251 0 0.1192 0.006344
[2587] (12.1) 12.6751: 0.2248 0 0.1189 0.006285
[2588] (12.11) 12.6787: 0.2245 0 0.1185 0.006221
[2589] (12.11) 12.6823: 0.2242 0 0.1181 0.006187
[2590] (12.12) 12.6859: 0.2238 0 0.1181 0.006264
[2591] (12.12) 12.6895: 0.2235 0 0.1181 0.006331
[2592] (12.12) 12.6931: 0.2232 0 0.118 0.006388
[2593] (12.13) 12.6968: 0.223 0 0.118 0.006435
[2594] (12.13) 12.7004: 0.2226 0 0.1179 0.006471
[2595] (12.14) 12.7040: 0.2223 0 0.1178 0.006497
[2596] (12.14) 12.7076: 0.2218 0 0.1177 0.006514
[2597] (12.14) 12.7112: 0.2216 0 0.1176 0.006521
[2598] (12.15) 12.7148: 0.2214 0 0.1174 0.00652
[2599] (12.15) 12.7184: 0.2211 0 0.1172 0.006511
[2600] (12.16) 12.7220: 0.2208 0 0.1171 0.006494
[2601] (12.16) 12.7256: 0.2204 0 0.1169 0.006469
[2602] (12.16) 12.7292: 0.2199 0 0.1166 0.006439
[2603] (12.17) 12.7329: 0.2197 0 0.1164 0.006402
[2604] (12.17) 12.7365: 0.2194 0 0.1161 0.00636
[2605] (12.18) 12.7401: 0.2191 0 0.1159 0.006314
[2606] (12.18) 12.7437: 0.2188 0 0.1156 0.006263
[2607] (12.19) 12.7473: 0.2184 0 0.1153 0.006209
[2608] (12.19) 12.7509: 0.218 0 0.1149 0.006152
[2609] (12.19) 12.7545: 0.2175 0 0.1146 0.006132
[2610] (12.2) 12.7581: 0.2173 0 0.1142 0.006217
[2611] (12.2) 12.7617: 0.2174 0 0.1139 0.006292
[2612] (12.21) 12.7653: 0.2175 0 0.1135 0.006358
[2613] (12.21) 12.7690: 0.2175 0 0.1131 0.006415
[2614] (12.21) 12.7726: 0.2175 0 0.1127 0.006463
[2615] (12.22) 12.7762: 0.2174 0 0.1123 0.006503
[2616] (12.22) 12.7798: 0.2174 0 0.1118 0.006534
[2617] (12.23) 12.7834: 0.2174 0 0.1114 0.006557
[2618] (12.23) 12.7870: 0.2175 0 0.111 0.006573
[2619] (12.23) 12.7906: 0.2175 0 0.111 0.00658
[2620] (12.24) 12.7942: 0.2175 0 0.111 0.006581
[2621] (12.24) 12.7978: 0.2174 0 0.111 0.006574
[2622] (12.25) 12.8014: 0.2173 0 0.1109 0.006561
[2623] (12.25) 12.8051: 0.2173 0 0.1109 0.006541
[2624] (12.25) 12.8087: 0.2174 0 0.1108 0.006515
[2625] (12.26) 12.8123: 0.2174 0 0.1107 0.006483
[2626] (12.26) 12.8159: 0.2173 0 0.1106 0.006446
[2627] (12.27) 12.8195: 0.2173 0 0.1105 0.006403
[2628] (12.27) 12.8231: 0.2172 0 0.1104 0.006356
[2629] (12.27) 12.8267: 0.217 0 0.1102 0.006304
[2630] (12.28) 12.8303: 0.217 0 0.11 0.006247
[2631] (12.28) 12.8339: 0.217 0 0.1099 0.006187
[2632] (12.29) 12.8375: 0.217 0 0.1097 0.006123
[2633] (12.29) 12.8412: 0.2169 0 0.1095 0.006187
[2634] (12.29) 12.8448: 0.2168 0 0.1093 0.006254
[2635] (12.3) 12.8484: 0.2167 0 0.1091 0.006314
[2636] (12.3) 12.8520: 0.2166 0 0.1088 0.006367
[2637] (12.31) 12.8556: 0.2166 0 0.1086 0.006412
[2638] (12.31) 12.8592: 0.2165 0 0.1083 0.00645
[2639] (12.31) 12.8628: 0.2165 0 0.108 0.006479
[2640] (12.32) 12.8664: 0.2163 0 0.1078 0.006502
[2641] (12.32) 12.8709: 0.2161 0 0.1074 0.006519
[2642] (12.33) 12.8752: 0.2161 0 0.107 0.006525
[2643] (12.33) 12.8793: 0.216 0 0.1067 0.006522
[2644] (12.33) 12.8834: 0.2159 0 0.1063 0.006511
[2645] (12.34) 12.8874: 0.2158 0 0.1059 0.006491
[2646] (12.34) 12.8914: 0.2156 0 0.1055 0.006465
[2647] (12.35) 12.8954: 0.2154 0 0.1051 0.006431
[2648] (12.35) 12.8995: 0.2154 0 0.1047 0.006392
[2649] (12.36) 12.9035: 0.2153 0 0.1043 0.006346
[2650] (12.36) 12.9075: 0.2152 0 0.1039 0.006295
[2651] (12.36) 12.9115: 0.215 0 0.1034 0.00624
[2652] (12.37) 12.9155: 0.2148 0 0.1031 0.006181
[2653] (12.37) 12.9196: 0.2146 0 0.1028 0.006215
[2654] (12.38) 12.9236: 0.2144 0 0.1025 0.00629
[2655] (12.38) 12.9276: 0.2143 0 0.1022 0.006355
[2656] (12.38) 12.9316: 0.2142 0 0.1018 0.006409
[2657] (12.39) 12.9356: 0.214 0 0.1015 0.006453
[2658] (12.39) 12.9397: 0.2138 0 0.1011 0.006488
[2659] (12.4) 12.9437: 0.2136 0 0.1007 0.006513
[2660] (12.4) 12.9477: 0.2133 0 0.1003 0.006529
[2661] (12.4) 12.9517: 0.2132 0 0.09991 0.006536
[2662] (12.41) 12.9558: 0.2131 0 0.09949 0.006535
[2663] (12.41) 12.9598: 0.2129 0 0.09906 0.006527
[2664] (12.42) 12.9638: 0.2127 0 0.09862 0.006511
[2665] (12.42) 12.9678: 0.2124 0 0.09817 0.006489
[2666] (12.43) 12.9718: 0.2123 0 0.09771 0.006461
[2667] (12.43) 12.9759: 0.2122 0 0.09724 0.006428
[2668] (12.43) 12.9799: 0.212 0 0.09676 0.00639
[2669] (12.44) 12.9839: 0.2118 0 0.09627 0.006348
[2670] (12.44) 12.9879: 0.2115 0 0.09595 0.006303
[2671] (12.45) 12.9920: 0.2113 0 0.09582 0.006391
[2672] (12.45) 12.9960: 0.2112 0 0.09567 0.006455
[2673] (12.45) 13.0000: 0.2111 0 0.0955 0.006495
*Write time: 0.0533598. Average write time: 0.0641741.
[2674] (12.51) 13.0040: 0.2109 0 0.09532 0.006507
[2675] (12.52) 13.0080: 0.2106 0 0.09513 0.006493
[2676] (12.52) 13.0120: 0.2104 0 0.09492 0.006452
[2677] (12.53) 13.0161: 0.2101 0 0.0947 0.006383
[2678] (12.53) 13.0201: 0.2099 0 0.09447 0.006297
[2679] (12.53) 13.0241: 0.2098 0 0.09422 0.006355
[2680] (12.54) 13.0281: 0.2096 0 0.09396 0.006406
[2681] (12.54) 13.0321: 0.2093 0 0.09369 0.00645
[2682] (12.55) 13.0361: 0.209 0 0.09341 0.006488
[2683] (12.55) 13.0402: 0.2087 0 0.09312 0.006519
[2684] (12.56) 13.0442: 0.2085 0 0.09282 0.006544
[2685] (12.56) 13.0482: 0.2083 0 0.0925 0.006563
[2686] (12.56) 13.0522: 0.2081 0 0.09218 0.006575
[2687] (12.57) 13.0562: 0.2078 0 0.09185 0.006581
[2688] (12.57) 13.0602: 0.2075 0 0.09152 0.006582
[2689] (12.58) 13.0643: 0.2072 0 0.09117 0.006577
[2690] (12.58) 13.0683: 0.207 0 0.09082 0.006566
[2691] (12.58) 13.0723: 0.2068 0 0.09046 0.00655
[2692] (12.59) 13.0763: 0.2066 0 0.0901 0.006528
[2693] (12.59) 13.0803: 0.2063 0 0.08973 0.006502
[2694] (12.6) 13.0843: 0.206 0 0.08935 0.00647
[2695] (12.6) 13.0884: 0.2056 0 0.08897 0.006435
[2696] (12.61) 13.0924: 0.2055 0 0.08859 0.006395
[2697] (12.61) 13.0964: 0.2053 0 0.0882 0.006351
[2698] (12.61) 13.1004: 0.205 0 0.0878 0.006303
[2699] (12.62) 13.1044: 0.2047 0 0.08741 0.00631
[2700] (12.62) 13.1084: 0.2044 0 0.08701 0.006362
[2701] (12.63) 13.1124: 0.204 0 0.08661 0.006391
[2702] (12.63) 13.1165: 0.2038 0 0.0862 0.006398
[2703] (12.63) 13.1205: 0.2036 0 0.08579 0.006383
[2704] (12.64) 13.1245: 0.2033 0 0.08538 0.006345
[2705] (12.64) 13.1285: 0.203 0 0.08496 0.006286
[2706] (12.65) 13.1325: 0.2027 0 0.08455 0.006287
[2707] (12.65) 13.1365: 0.2023 0 0.08413 0.006311
[2708] (12.66) 13.1406: 0.2019 0 0.0837 0.006329
[2709] (12.66) 13.1446: 0.2017 0 0.08328 0.006342
[2710] (12.66) 13.1486: 0.2015 0 0.08285 0.00635
[2711] (12.67) 13.1526: 0.2012 0 0.08242 0.006354
[2712] (12.67) 13.1566: 0.2008 0 0.08199 0.006354
[2713] (12.68) 13.1606: 0.2004 0 0.08194 0.00635
[2714] (12.68) 13.1647: 0.2 0 0.08201 0.006343
[2715] (12.68) 13.1687: 0.1998 0 0.08201 0.006333
[2716] (12.69) 13.1727: 0.1995 0 0.082 0.006332
[2717] (12.69) 13.1767: 0.1992 0 0.08209 0.006326
[2718] (12.69) 13.1807: 0.1988 0 0.08213 0.0063
[2719] (12.7) 13.1847: 0.1984 0 0.08245 0.006274
[2720] (12.7) 13.1888: 0.1981 0 0.08281 0.006256
[2721] (12.71) 13.1928: 0.1979 0 0.08314 0.006237
[2722] (12.71) 13.1968: 0.1976 0 0.08344 0.006217
[2723] (12.71) 13.2008: 0.1972 0 0.0837 0.006196
[2724] (12.72) 13.2048: 0.1969 0 0.08391 0.006174
[2725] (12.72) 13.2088: 0.1964 0 0.08412 0.006152
[2726] (12.73) 13.2129: 0.1962 0 0.08428 0.006131
[2727] (12.73) 13.2169: 0.1959 0 0.08443 0.006209
[2728] (12.73) 13.2209: 0.1956 0 0.08459 0.00627
[2729] (12.74) 13.2249: 0.1952 0 0.08469 0.006313
[2730] (12.74) 13.2289: 0.1948 0 0.08472 0.006337
[2731] (12.75) 13.2329: 0.1944 0 0.08466 0.006342
[2732] (12.75) 13.2379: 0.1941 0 0.08495 0.006322
[2733] (12.75) 13.2430: 0.1938 0 0.0854 0.006312
[2734] (12.76) 13.2480: 0.1933 0 0.08579 0.006358
[2735] (12.76) 13.2530: 0.1928 0 0.08618 0.006399
[2736] (12.77) 13.2580: 0.1924 0 0.08657 0.006434
[2737] (12.77) 13.2630: 0.1921 0 0.08688 0.006465
[2738] (12.78) 13.2680: 0.1917 0 0.0871 0.00649
[2739] (12.78) 13.2730: 0.1912 0 0.08722 0.00651
[2740] (12.78) 13.2781: 0.1908 0 0.08725 0.006524
[2741] (12.79) 13.2831: 0.1908 0 0.08747 0.006534
[2742] (12.79) 13.2881: 0.1907 0 0.08768 0.006538
[2743] (12.8) 13.2931: 0.1906 0 0.0879 0.006536
[2744] (12.8) 13.2981: 0.1906 0 0.08839 0.006529
[2745] (12.8) 13.3031: 0.1906 0 0.08881 0.006516
[2746] (12.81) 13.3081: 0.1905 0 0.08916 0.006498
[2747] (12.81) 13.3131: 0.1904 0 0.08941 0.006475
[2748] (12.81) 13.3182: 0.1903 0 0.08963 0.006447
[2749] (12.82) 13.3232: 0.1902 0 0.08996 0.006415
[2750] (12.82) 13.3282: 0.1901 0 0.09026 0.006379
[2751] (12.83) 13.3332: 0.19 0 0.09045 0.00634
[2752] (12.83) 13.3382: 0.1899 0 0.09052 0.006366
[2753] (12.83) 13.3432: 0.1899 0 0.09076 0.006407
[2754] (12.84) 13.3482: 0.1898 0 0.09099 0.006422
[2755] (12.84) 13.3533: 0.1897 0 0.09132 0.006412
[2756] (12.85) 13.3583: 0.1895 0 0.09182 0.006378
[2757] (12.85) 13.3633: 0.1894 0 0.09229 0.006321
[2758] (12.85) 13.3683: 0.1893 0 0.09267 0.006243
[2759] (12.86) 13.3733: 0.1892 0 0.09296 0.006146
[2760] (12.86) 13.3783: 0.1891 0 0.09314 0.006045
[2761] (12.87) 13.3833: 0.189 0 0.09353 0.006108
[2762] (12.87) 13.3884: 0.189 0 0.09383 0.00621
[2763] (12.87) 13.3934: 0.1889 0 0.094 0.00629
[2764] (12.88) 13.3984: 0.1888 0 0.09403 0.006349
[2765] (12.88) 13.4034: 0.1887 0 0.09446 0.006386
[2766] (12.89) 13.4084: 0.1886 0 0.09491 0.006401
[2767] (12.89) 13.4134: 0.1886 0 0.09528 0.006394
[2768] (12.89) 13.4184: 0.1885 0 0.09568 0.006366
[2769] (12.9) 13.4234: 0.1885 0 0.09615 0.006318
[2770] (12.9) 13.4285: 0.1884 0 0.0965 0.006252
[2771] (12.91) 13.4335: 0.1883 0 0.09674 0.006278
[2772] (12.91) 13.4385: 0.1882 0 0.09683 0.006307
[2773] (12.92) 13.4435: 0.1882 0 0.09692 0.006333
[2774] (12.92) 13.4485: 0.1881 0 0.09716 0.006356
[2775] (12.92) 13.4535: 0.188 0 0.09761 0.006378
[2776] (12.93) 13.4585: 0.1879 0 0.0981 0.006397
[2777] (12.93) 13.4636: 0.1879 0 0.09861 0.006413
[2778] (12.94) 13.4686: 0.1879 0 0.09903 0.006428
[2779] (12.94) 13.4736: 0.1879 0 0.09932 0.00644
[2780] (12.94) 13.4786: 0.188 0 0.09948 0.00645
[2781] (12.95) 13.4836: 0.188 0 0.09984 0.006458
[2782] (12.95) 13.4886: 0.1881 0 0.1004 0.006464
[2783] (12.96) 13.4936: 0.1881 0 0.1008 0.006469
[2784] (12.96) 13.4986: 0.1882 0 0.1012 0.006472
[2785] (12.96) 13.5037: 0.1882 0 0.1014 0.006473
[2786] (12.97) 13.5087: 0.1883 0 0.1015 0.006473
[2787] (12.97) 13.5137: 0.1884 0 0.1018 0.006473
[2788] (12.98) 13.5187: 0.1884 0 0.1023 0.006471
[2789] (12.98) 13.5237: 0.1885 0 0.1029 0.006468
[2790] (12.98) 13.5287: 0.1885 0 0.1035 0.006465
[2791] (12.99) 13.5337: 0.1886 0 0.1039 0.006462
[2792] (12.99) 13.5388: 0.1887 0 0.1042 0.006458
[2793] (13) 13.5438: 0.1887 0 0.1044 0.006454
[2794] (13) 13.5488: 0.1888 0 0.1045 0.00645
[2795] (13.01) 13.5538: 0.1889 0 0.1045 0.006445
[2796] (13.01) 13.5588: 0.1889 0 0.1052 0.006441
[2797] (13.01) 13.5638: 0.1889 0 0.1059 0.006436
[2798] (13.02) 13.5688: 0.189 0 0.1064 0.006432
[2799] (13.02) 13.5739: 0.189 0 0.1068 0.006427
[2800] (13.03) 13.5789: 0.1891 0 0.1072 0.006457
[2801] (13.03) 13.5839: 0.1891 0 0.1073 0.006473
[2802] (13.03) 13.5889: 0.1892 0 0.1074 0.006467
[2803] (13.04) 13.5939: 0.1892 0 0.1079 0.006438
[2804] (13.04) 13.5989: 0.1893 0 0.1082 0.006401
[2805] (13.04) 13.6039: 0.1893 0 0.1087 0.006395
[2806] (13.05) 13.6089: 0.1893 0 0.1092 0.006388
[2807] (13.05) 13.6140: 0.1893 0 0.1097 0.006381
[2808] (13.06) 13.6190: 0.1894 0 0.11 0.006374
[2809] (13.06) 13.6240: 0.1895 0 0.1103 0.00641
[2810] (13.06) 13.6290: 0.1895 0 0.1108 0.006471
[2811] (13.07) 13.6340: 0.1896 0 0.1112 0.00651
[2812] (13.07) 13.6390: 0.1897 0 0.1115 0.006526
[2813] (13.08) 13.6440: 0.1897 0 0.1117 0.006519
[2814] (13.08) 13.6491: 0.1898 0 0.1121 0.006488
[2815] (13.08) 13.6541: 0.1899 0 0.1124 0.006436
[2816] (13.09) 13.6591: 0.19 0 0.113 0.006362
[2817] (13.09) 13.6641: 0.19 0 0.1136 0.006283
[2818] (13.1) 13.6691: 0.1901 0 0.1141 0.006271
[2819] (13.1) 13.6741: 0.1902 0 0.1144 0.006337
[2820] (13.1) 13.6791: 0.1902 0 0.1148 0.006414
[2821] (13.11) 13.6841: 0.1903 0 0.1152 0.00647
[2822] (13.11) 13.6892: 0.1904 0 0.1156 0.006503
[2823] (13.12) 13.6942: 0.1904 0 0.1158 0.006514
[2824] (13.12) 13.6992: 0.1905 0 0.1162 0.006501
[2825] (13.12) 13.7042: 0.1906 0 0.1168 0.006465
[2826] (13.13) 13.7092: 0.1907 0 0.1173 0.006407
[2827] (13.13) 13.7142: 0.1907 0 0.1178 0.006329
[2828] (13.14) 13.7192: 0.1908 0 0.1183 0.006326
[2829] (13.14) 13.7243: 0.1908 0 0.1186 0.006318
[2830] (13.14) 13.7293: 0.1909 0 0.1189 0.006375
[2831] (13.15) 13.7343: 0.1909 0 0.1194 0.006447
[2832] (13.15) 13.7393: 0.191 0 0.1201 0.006491
[2833] (13.16) 13.7443: 0.1911 0 0.1207 0.006506
[2834] (13.16) 13.7493: 0.1911 0 0.1211 0.006493
[2835] (13.16) 13.7543: 0.1912 0 0.1215 0.006454
[2836] (13.17) 13.7594: 0.1912 0 0.1218 0.006483
[2837] (13.17) 13.7644: 0.1912 0 0.1222 0.006538
[2838] (13.17) 13.7694: 0.1913 0 0.123 0.006585
[2839] (13.18) 13.7744: 0.1913 0 0.1236 0.006623
[2840] (13.18) 13.7794: 0.1913 0 0.1242 0.006652
[2841] (13.19) 13.7844: 0.1914 0 0.1246 0.006671
[2842] (13.19) 13.7894: 0.1914 0 0.1249 0.00668
[2843] (13.19) 13.7944: 0.1915 0 0.1251 0.00668
[2844] (13.2) 13.7995: 0.1915 0 0.1257 0.006671
[2845] (13.2) 13.8045: 0.1915 0 0.1264 0.006651
[2846] (13.21) 13.8095: 0.1916 0 0.127 0.006621
[2847] (13.21) 13.8145: 0.1918 0 0.1276 0.006582
[2848] (13.21) 13.8195: 0.1919 0 0.1279 0.006532
[2849] (13.22) 13.8245: 0.192 0 0.1281 0.006516
[2850] (13.22) 13.8295: 0.192 0 0.1282 0.006529
[2851] (13.23) 13.8346: 0.192 0 0.129 0.006541
[2852] (13.23) 13.8396: 0.192 0 0.1297 0.006551
[2853] (13.23) 13.8446: 0.1922 0 0.1303 0.00656
[2854] (13.24) 13.8496: 0.1922 0 0.1307 0.006567
[2855] (13.24) 13.8546: 0.1923 0 0.131 0.006572
[2856] (13.25) 13.8596: 0.1923 0 0.1311 0.006576
[2857] (13.25) 13.8646: 0.1922 0 0.1318 0.006578
[2858] (13.25) 13.8696: 0.1923 0 0.1325 0.006578
[2859] (13.26) 13.8747: 0.1923 0 0.1331 0.006577
[2860] (13.26) 13.8797: 0.1924 0 0.1336 0.006574
[2861] (13.27) 13.8847: 0.1923 0 0.1341 0.006569
[2862] (13.27) 13.8897: 0.1923 0 0.1347 0.006563
[2863] (13.27) 13.8947: 0.1922 0 0.1354 0.006556
[2864] (13.28) 13.8997: 0.1922 0 0.1361 0.006547
[2865] (13.28) 13.9047: 0.1922 0 0.1367 0.006536
[2866] (13.29) 13.9098: 0.1922 0 0.1373 0.006524
[2867] (13.29) 13.9148: 0.1921 0 0.1377 0.006552
[2868] (13.29) 13.9198: 0.192 0 0.1382 0.00661
[2869] (13.3) 13.9248: 0.1919 0 0.139 0.006656
[2870] (13.3) 13.9298: 0.1918 0 0.1397 0.00669
[2871] (13.31) 13.9348: 0.1918 0 0.1403 0.006711
[2872] (13.31) 13.9398: 0.1918 0 0.1408 0.006719
[2873] (13.31) 13.9449: 0.1917 0 0.1412 0.006714
[2874] (13.32) 13.9499: 0.1916 0 0.1416 0.006694
[2875] (13.32) 13.9549: 0.1915 0 0.1424 0.006661
[2876] (13.33) 13.9599: 0.1913 0 0.143 0.006613
[2877] (13.33) 13.9649: 0.1912 0 0.1436 0.006552
[2878] (13.33) 13.9699: 0.1911 0 0.1441 0.006509
[2879] (13.34) 13.9749: 0.1913 0 0.1445 0.006485
[2880] (13.34) 13.9799: 0.1915 0 0.1449 0.006448
[2881] (13.35) 13.9850: 0.1916 0 0.1456 0.006535
[2882] (13.35) 13.9900: 0.1917 0 0.1463 0.006623
[2883] (13.35) 13.9950: 0.1918 0 0.1468 0.006703
[2884] (13.36) 14.0000: 0.1919 0 0.1473 0.006775
*Write time: 0.052055. Average write time: 0.0633085.
[2885] (13.42) 14.0050: 0.1921 0 0.1477 0.006838
[2886] (13.42) 14.0100: 0.1922 0 0.148 0.006891
[2887] (13.42) 14.0150: 0.1923 0 0.1487 0.006933
[2888] (13.43) 14.0199: 0.1924 0 0.1493 0.006965
[2889] (13.43) 14.0249: 0.1924 0 0.1499 0.006986
[2890] (13.44) 14.0299: 0.1925 0 0.1503 0.006996
[2891] (13.44) 14.0349: 0.1926 0 0.1508 0.006993
[2892] (13.44) 14.0398: 0.1927 0 0.1514 0.006978
[2893] (13.45) 14.0448: 0.1927 0 0.1521 0.006951
[2894] (13.45) 14.0498: 0.1927 0 0.1526 0.006912
[2895] (13.46) 14.0548: 0.1926 0 0.1535 0.006861
[2896] (13.46) 14.0597: 0.1927 0 0.1543 0.006797
[2897] (13.46) 14.0647: 0.1927 0 0.1551 0.006722
[2898] (13.47) 14.0697: 0.1927 0 0.1558 0.006651
[2899] (13.47) 14.0747: 0.1927 0 0.1564 0.006678
[2900] (13.48) 14.0796: 0.1926 0 0.1569 0.006703
[2901] (13.48) 14.0846: 0.1925 0 0.1577 0.006764
[2902] (13.48) 14.0896: 0.1925 0 0.1586 0.006837
[2903] (13.49) 14.0946: 0.1925 0 0.1594 0.006902
[2904] (13.49) 14.0995: 0.1925 0 0.16 0.006958
[2905] (13.49) 14.1045: 0.1924 0 0.1606 0.007006
[2906] (13.5) 14.1095: 0.1923 0 0.161 0.007043
[2907] (13.5) 14.1145: 0.1922 0 0.162 0.007071
[2908] (13.51) 14.1194: 0.1921 0 0.1628 0.007089
[2909] (13.51) 14.1244: 0.192 0 0.1635 0.007097
[2910] (13.51) 14.1294: 0.192 0 0.1641 0.007094
[2911] (13.52) 14.1344: 0.1918 0 0.1646 0.007081
[2912] (13.52) 14.1393: 0.1917 0 0.1652 0.007058
[2913] (13.53) 14.1443: 0.1916 0 0.1661 0.007025
[2914] (13.53) 14.1493: 0.1919 0 0.1669 0.006982
[2915] (13.53) 14.1543: 0.1922 0 0.1675 0.006929
[2916] (13.54) 14.1592: 0.1924 0 0.1681 0.006868
[2917] (13.54) 14.1642: 0.1925 0 0.1684 0.006798
[2918] (13.55) 14.1692: 0.1929 0 0.1692 0.006754
[2919] (13.55) 14.1742: 0.1935 0 0.17 0.006852
[2920] (13.55) 14.1791: 0.194 0 0.1707 0.006943
[2921] (13.56) 14.1841: 0.1944 0 0.1713 0.007025
[2922] (13.56) 14.1891: 0.1947 0 0.1717 0.007099
[2923] (13.57) 14.1941: 0.195 0 0.1721 0.007163
[2924] (13.57) 14.1990: 0.1955 0 0.1731 0.007216
[2925] (13.57) 14.2040: 0.1959 0 0.1738 0.007258
[2926] (13.58) 14.2090: 0.1964 0 0.1744 0.007287
[2927] (13.58) 14.2139: 0.1967 0 0.1749 0.007304
[2928] (13.59) 14.2188: 0.1969 0 0.1751 0.007308
[2929] (13.59) 14.2237: 0.1971 0 0.1759 0.007299
[2930] (13.59) 14.2286: 0.1976 0 0.1767 0.007276
[2931] (13.6) 14.2334: 0.198 0 0.1774 0.007239
[2932] (13.6) 14.2383: 0.1983 0 0.1778 0.007187
[2933] (13.61) 14.2431: 0.1984 0 0.1781 0.007122
[2934] (13.61) 14.2480: 0.1985 0 0.1786 0.007042
[2935] (13.61) 14.2528: 0.199 0 0.1794 0.006947
[2936] (13.62) 14.2577: 0.1993 0 0.1801 0.006966
[2937] (13.62) 14.2625: 0.1996 0 0.1807 0.006993
[2938] (13.63) 14.2674: 0.1997 0 0.181 0.007015
[2939] (13.63) 14.2722: 0.1997 0 0.1811 0.007034
[2940] (13.63) 14.2771: 0.2001 0 0.182 0.007048
[2941] (13.64) 14.2819: 0.2004 0 0.1828 0.007058
[2942] (13.64) 14.2868: 0.2006 0 0.1833 0.007064
[2943] (13.65) 14.2916: 0.2007 0 0.1837 0.007066
[2944] (13.65) 14.2965: 0.2007 0 0.1838 0.007064
[2945] (13.66) 14.3013: 0.201 0 0.1844 0.007058
[2946] (13.66) 14.3062: 0.2012 0 0.1852 0.007049
[2947] (13.66) 14.3110: 0.2014 0 0.1858 0.007036
[2948] (13.67) 14.3159: 0.2015 0 0.1862 0.007019
[2949] (13.67) 14.3207: 0.2014 0 0.1863 0.006999
[2950] (13.68) 14.3255: 0.2016 0 0.1865 0.006987
[2951] (13.68) 14.3303: 0.2019 0 0.1874 0.006986
[2952] (13.68) 14.3351: 0.202 0 0.188 0.006976
[2953] (13.69) 14.3400: 0.202 0 0.1884 0.006957
[2954] (13.69) 14.3448: 0.202 0 0.1886 0.006927
[2955] (13.7) 14.3496: 0.2022 0 0.1885 0.006887
[2956] (13.7) 14.3544: 0.2024 0 0.1893 0.006838
[2957] (13.7) 14.3592: 0.2025 0 0.19 0.006779
[2958] (13.71) 14.3640: 0.2025 0 0.1904 0.006741
[2959] (13.71) 14.3689: 0.2024 0 0.1906 0.006761
[2960] (13.72) 14.3737: 0.2024 0 0.1906 0.006774
[2961] (13.72) 14.3785: 0.2025 0 0.1911 0.006782
[2962] (13.72) 14.3833: 0.2026 0 0.1918 0.006784
[2963] (13.73) 14.3881: 0.2027 0 0.1922 0.006804
[2964] (13.73) 14.3929: 0.2026 0 0.1924 0.006831
[2965] (13.74) 14.3978: 0.2025 0 0.1924 0.006849
[2966] (13.74) 14.4026: 0.2023 0 0.1926 0.006858
[2967] (13.74) 14.4074: 0.2024 0 0.1933 0.006858
[2968] (13.75) 14.4122: 0.2024 0 0.1938 0.006849
[2969] (13.75) 14.4170: 0.2024 0 0.194 0.006831
[2970] (13.75) 14.4219: 0.2023 0 0.194 0.006803
[2971] (13.76) 14.4267: 0.2021 0 0.1938 0.006765
[2972] (13.76) 14.4315: 0.2019 0 0.1946 0.006717
[2973] (13.77) 14.4363: 0.2019 0 0.1951 0.006661
[2974] (13.77) 14.4411: 0.2019 0 0.1954 0.006595
[2975] (13.78) 14.4459: 0.2018 0 0.1953 0.00652
[2976] (13.78) 14.4508: 0.2016 0 0.195 0.006456
[2977] (13.78) 14.4556: 0.2015 0 0.1956 0.0064
[2978] (13.79) 14.4604: 0.2013 0 0.1962 0.006449
[2979] (13.79) 14.4652: 0.2012 0 0.1965 0.00654
[2980] (13.8) 14.4700: 0.2011 0 0.1964 0.006623
[2981] (13.8) 14.4749: 0.201 0 0.1961 0.006697
[2982] (13.8) 14.4797: 0.2008 0 0.1963 0.006761
[2983] (13.81) 14.4845: 0.2007 0 0.1969 0.006816
[2984] (13.81) 14.4893: 0.2005 0 0.1972 0.006859
[2985] (13.82) 14.4941: 0.2004 0 0.1973 0.006892
[2986] (13.82) 14.4989: 0.2003 0 0.197 0.006913
[2987] (13.82) 14.5038: 0.2001 0 0.1965 0.006922
[2988] (13.83) 14.5086: 0.2 0 0.1973 0.006918
[2989] (13.83) 14.5134: 0.1999 0 0.1977 0.006903
[2990] (13.84) 14.5182: 0.1998 0 0.1978 0.006876
[2991] (13.84) 14.5230: 0.1997 0 0.1975 0.006837
[2992] (13.84) 14.5278: 0.1996 0 0.1969 0.006786
[2993] (13.85) 14.5327: 0.1995 0 0.1973 0.006723
[2994] (13.85) 14.5375: 0.1994 0 0.1978 0.00665
[2995] (13.86) 14.5423: 0.1993 0 0.1979 0.006567
[2996] (13.86) 14.5471: 0.1992 0 0.1977 0.006474
[2997] (13.86) 14.5519: 0.1991 0 0.1972 0.006526
[2998] (13.87) 14.5568: 0.199 0 0.1969 0.006591
[2999] (13.87) 14.5616: 0.1988 0 0.1975 0.006643
[3000] (13.88) 14.5664: 0.1986 0 0.1977 0.006683
[3001] (13.88) 14.5712: 0.1985 0 0.1976 0.006708
[3002] (13.88) 14.5760: 0.1984 0 0.1972 0.006719
[3003] (13.89) 14.5808: 0.1983 0 0.1964 0.006717
[3004] (13.89) 14.5857: 0.1982 0 0.1968 0.0067
[3005] (13.9) 14.5905: 0.198 0 0.1971 0.00667
[3006] (13.9) 14.5953: 0.1977 0 0.1971 0.006626
[3007] (13.9) 14.6001: 0.1975 0 0.1968 0.006569
[3008] (13.91) 14.6049: 0.1974 0 0.1961 0.0065
[3009] (13.91) 14.6098: 0.1972 0 0.1956 0.00642
[3010] (13.92) 14.6146: 0.197 0 0.1961 0.006329
[3011] (13.92) 14.6194: 0.1968 0 0.1963 0.006229
[3012] (13.92) 14.6242: 0.1965 0 0.196 0.00626
[3013] (13.93) 14.6290: 0.1962 0 0.1954 0.00631
[3014] (13.93) 14.6338: 0.1959 0 0.1945 0.006344
[3015] (13.94) 14.6387: 0.1957 0 0.1946 0.00636
[3016] (13.94) 14.6435: 0.1955 0 0.1949 0.00636
[3017] (13.94) 14.6483: 0.1952 0 0.1949 0.006342
[3018] (13.95) 14.6531: 0.1949 0 0.1944 0.006307
[3019] (13.95) 14.6579: 0.1945 0 0.1937 0.006256
[3020] (13.96) 14.6627: 0.1942 0 0.1926 0.006188
[3021] (13.96) 14.6676: 0.194 0 0.1931 0.006191
[3022] (13.96) 14.6724: 0.1937 0 0.1933 0.006228
[3023] (13.97) 14.6772: 0.1934 0 0.193 0.00625
[3024] (13.97) 14.6820: 0.193 0 0.1924 0.006257
[3025] (13.98) 14.6868: 0.1927 0 0.1915 0.006249
[3026] (13.98) 14.6917: 0.1923 0 0.1908 0.006226
[3027] (13.98) 14.6965: 0.1918 0 0.1912 0.006189
[3028] (13.99) 14.7013: 0.1915 0 0.1912 0.006141
[3029] (13.99) 14.7061: 0.1912 0 0.1908 0.006088
[3030] (14) 14.7109: 0.1909 0 0.1901 0.006168
[3031] (14) 14.7157: 0.1905 0 0.189 0.00626
[3032] (14) 14.7206: 0.1901 0 0.1886 0.006334
[3033] (14.01) 14.7254: 0.1897 0 0.1889 0.00639
[3034] (14.01) 14.7302: 0.1893 0 0.1887 0.006425
[3035] (14.02) 14.7350: 0.1889 0 0.1882 0.00644
[3036] (14.02) 14.7398: 0.1885 0 0.1874 0.006434
[3037] (14.02) 14.7447: 0.1881 0 0.1862 0.006408
[3038] (14.03) 14.7495: 0.1877 0 0.186 0.006361
[3039] (14.03) 14.7543: 0.1873 0 0.1862 0.006295
[3040] (14.04) 14.7591: 0.187 0 0.1859 0.00621
[3041] (14.04) 14.7639: 0.1867 0 0.1853 0.006108
[3042] (14.04) 14.7687: 0.1863 0 0.1844 0.00616
[3043] (14.05) 14.7736: 0.1859 0 0.1832 0.006246
[3044] (14.05) 14.7784: 0.1856 0 0.183 0.006313
[3045] (14.06) 14.7832: 0.1852 0 0.1831 0.006359
[3046] (14.06) 14.7880: 0.1848 0 0.1828 0.006386
[3047] (14.06) 14.7928: 0.1843 0 0.1822 0.006392
[3048] (14.07) 14.7976: 0.1839 0 0.1813 0.006379
[3049] (14.07) 14.8025: 0.1836 0 0.18 0.006346
[3050] (14.08) 14.8073: 0.1834 0 0.1797 0.006295
[3051] (14.08) 14.8121: 0.1831 0 0.1798 0.006382
[3052] (14.09) 14.8169: 0.1829 0 0.1795 0.006502
[3053] (14.09) 14.8217: 0.1825 0 0.1789 0.006583
[3054] (14.09) 14.8266: 0.1822 0 0.1779 0.006625
[3055] (14.1) 14.8314: 0.1818 0 0.1768 0.006627
[3056] (14.1) 14.8362: 0.1814 0 0.1762 0.006589
[3057] (14.11) 14.8410: 0.1811 0 0.1762 0.006512
[3058] (14.11) 14.8458: 0.1808 0 0.176 0.006398
[3059] (14.11) 14.8506: 0.1805 0 0.1754 0.006279
[3060] (14.12) 14.8555: 0.1801 0 0.1745 0.006229
[3061] (14.12) 14.8603: 0.1797 0 0.1734 0.006302
[3062] (14.13) 14.8651: 0.1794 0 0.1723 0.006391
[3063] (14.13) 14.8699: 0.179 0 0.1724 0.006461
[3064] (14.13) 14.8747: 0.1788 0 0.1722 0.00651
[3065] (14.14) 14.8796: 0.1786 0 0.1717 0.00654
[3066] (14.14) 14.8844: 0.1784 0 0.1709 0.00655
[3067] (14.15) 14.8892: 0.1783 0 0.1699 0.006706
[3068] (14.15) 14.8940: 0.1782 0 0.1686 0.00684
[3069] (14.15) 14.8988: 0.178 0 0.1684 0.006936
[3070] (14.16) 14.9036: 0.1779 0 0.1683 0.006995
[3071] (14.16) 14.9085: 0.1777 0 0.1679 0.007015
[3072] (14.17) 14.9133: 0.1774 0 0.1672 0.006997
[3073] (14.17) 14.9181: 0.1772 0 0.1663 0.006942
[3074] (14.17) 14.9229: 0.1771 0 0.1652 0.006852
[3075] (14.18) 14.9277: 0.1769 0 0.1642 0.006729
[3076] (14.18) 14.9325: 0.1767 0 0.1642 0.006576
[3077] (14.18) 14.9374: 0.1765 0 0.1639 0.006424
[3078] (14.19) 14.9422: 0.1762 0 0.1634 0.006379
[3079] (14.19) 14.9470: 0.1761 0 0.1626 0.00632
[3080] (14.2) 14.9518: 0.1759 0 0.1616 0.006347
[3081] (14.2) 14.9566: 0.1757 0 0.1605 0.00655
[3082] (14.21) 14.9615: 0.1755 0 0.1599 0.006723
[3083] (14.21) 14.9663: 0.1752 0 0.1597 0.006863
[3084] (14.21) 14.9711: 0.1749 0 0.1594 0.006968
[3085] (14.22) 14.9759: 0.1748 0 0.1588 0.007038
[3086] (14.22) 14.9807: 0.1746 0 0.158 0.007072
[3087] (14.23) 14.9855: 0.1745 0 0.157 0.00707
[3088] (14.23) 14.9904: 0.1744 0 0.1559 0.007033
[3089] (14.23) 14.9952: 0.1743 0 0.1554 0.006962
[3090] (14.24) 15.0000: 0.1742 0 0.1552 0.006858
*Write time: 0.0529616. Average write time: 0.0626187.
[3091] (14.3) 15.0048: 0.174 0 0.1548 0.006725
[3092] (14.3) 15.0096: 0.1738 0 0.1542 0.006565
[3093] (14.31) 15.0144: 0.1735 0 0.1534 0.006571
[3094] (14.31) 15.0191: 0.1732 0 0.1526 0.006654
[3095] (14.31) 15.0238: 0.1731 0 0.1516 0.006705
[3096] (14.32) 15.0286: 0.173 0 0.1508 0.006725
[3097] (14.32) 15.0333: 0.1728 0 0.1506 0.006714
[3098] (14.33) 15.0380: 0.1726 0 0.1503 0.006674
[3099] (14.33) 15.0428: 0.1724 0 0.1497 0.006607
[3100] (14.33) 15.0475: 0.1721 0 0.1491 0.006515
[3101] (14.34) 15.0523: 0.172 0 0.1483 0.0064
[3102] (14.34) 15.0570: 0.172 0 0.1474 0.006266
[3103] (14.35) 15.0617: 0.1719 0 0.1465 0.006172
[3104] (14.35) 15.0665: 0.1718 0 0.1461 0.006102
[3105] (14.36) 15.0712: 0.1716 0 0.1458 0.006116
[3106] (14.36) 15.0760: 0.1713 0 0.1453 0.006303
[3107] (14.36) 15.0807: 0.171 0 0.1448 0.006465
[3108] (14.37) 15.0854: 0.171 0 0.1441 0.006599
[3109] (14.37) 15.0902: 0.1709 0 0.1433 0.006705
[3110] (14.38) 15.0949: 0.1708 0 0.1426 0.006782
[3111] (14.38) 15.0997: 0.1705 0 0.1417 0.00683
[3112] (14.38) 15.1044: 0.1702 0 0.1413 0.006849
[3113] (14.39) 15.1091: 0.1699 0 0.1409 0.006841
[3114] (14.39) 15.1139: 0.1697 0 0.1405 0.006806
[3115] (14.4) 15.1186: 0.1696 0 0.14 0.006746
[3116] (14.4) 15.1233: 0.1694 0 0.1394 0.006662
[3117] (14.41) 15.1281: 0.1692 0 0.1387 0.006556
[3118] (14.41) 15.1328: 0.1689 0 0.138 0.006431
[3119] (14.41) 15.1376: 0.1685 0 0.1373 0.006287
[3120] (14.42) 15.1423: 0.1681 0 0.1367 0.006186
[3121] (14.42) 15.1470: 0.1679 0 0.1363 0.006184
[3122] (14.43) 15.1518: 0.1677 0 0.1359 0.006169
[3123] (14.43) 15.1565: 0.1675 0 0.1354 0.006143
[3124] (14.44) 15.1613: 0.1672 0 0.1349 0.006105
[3125] (14.44) 15.1660: 0.1668 0 0.1343 0.006056
[3126] (14.44) 15.1707: 0.1664 0 0.1338 0.006064
[3127] (14.45) 15.1755: 0.1659 0 0.1337 0.006098
[3128] (14.45) 15.1802: 0.1657 0 0.1335 0.006196
[3129] (14.46) 15.1849: 0.1655 0 0.1335 0.006285
[3130] (14.46) 15.1897: 0.1652 0 0.1334 0.006365
[3131] (14.47) 15.1944: 0.1648 0 0.1333 0.006434
[3132] (14.47) 15.2003: 0.1643 0 0.1333 0.006503
[3133] (14.47) 15.2063: 0.1637 0 0.1331 0.006552
[3134] (14.48) 15.2122: 0.1632 0 0.133 0.006579
[3135] (14.48) 15.2181: 0.1629 0 0.1328 0.006585
[3136] (14.49) 15.2240: 0.1624 0 0.1328 0.00657
[3137] (14.49) 15.2300: 0.1619 0 0.1327 0.006534
[3138] (14.5) 15.2359: 0.1613 0 0.1326 0.006479
[3139] (14.5) 15.2418: 0.1607 0 0.1324 0.006477
[3140] (14.5) 15.2477: 0.1601 0 0.1323 0.006551
[3141] (14.51) 15.2537: 0.1597 0 0.1321 0.006603
[3142] (14.51) 15.2596: 0.1592 0 0.132 0.006632
[3143] (14.52) 15.2655: 0.1591 0 0.1319 0.006637
[3144] (14.52) 15.2714: 0.1588 0 0.1318 0.006621
[3145] (14.52) 15.2774: 0.1585 0 0.1317 0.006582
[3146] (14.53) 15.2833: 0.1583 0 0.1315 0.006524
[3147] (14.53) 15.2892: 0.1582 0 0.1314 0.006446
[3148] (14.54) 15.2951: 0.1579 0 0.1313 0.006353
[3149] (14.54) 15.3010: 0.1576 0 0.1311 0.006443
[3150] (14.55) 15.3070: 0.1572 0 0.131 0.006517
[3151] (14.55) 15.3129: 0.157 0 0.1308 0.006568
[3152] (14.55) 15.3188: 0.1567 0 0.1307 0.006595
[3153] (14.56) 15.3247: 0.1564 0 0.1305 0.006598
[3154] (14.56) 15.3307: 0.156 0 0.1304 0.006575
[3155] (14.57) 15.3366: 0.1556 0 0.1303 0.006528
[3156] (14.57) 15.3425: 0.1551 0 0.1302 0.006458
[3157] (14.57) 15.3484: 0.1548 0 0.13 0.006364
[3158] (14.58) 15.3544: 0.1545 0 0.1299 0.00632
[3159] (14.58) 15.3603: 0.154 0 0.1297 0.006424
[3160] (14.59) 15.3662: 0.1535 0 0.1295 0.006506
[3161] (14.59) 15.3721: 0.1529 0 0.1294 0.006565
[3162] (14.6) 15.3780: 0.1526 0 0.1295 0.006601
[3163] (14.6) 15.3840: 0.1522 0 0.1296 0.006612
[3164] (14.6) 15.3899: 0.1517 0 0.1296 0.0066
[3165] (14.61) 15.3958: 0.1511 0 0.1298 0.006563
[3166] (14.61) 15.4017: 0.1505 0 0.13 0.006503
[3167] (14.62) 15.4077: 0.15 0 0.1301 0.00642
[3168] (14.62) 15.4136: 0.1496 0 0.1301 0.006316
[3169] (14.63) 15.4195: 0.1491 0 0.1301 0.006193
[3170] (14.63) 15.4254: 0.1486 0 0.1301 0.006052
[3171] (14.63) 15.4314: 0.148 0 0.13 0.005941
[3172] (14.64) 15.4373: 0.1473 0 0.1302 0.005982
[3173] (14.64) 15.4432: 0.1468 0 0.1302 0.006054
[3174] (14.65) 15.4491: 0.1463 0 0.1304 0.006112
[3175] (14.65) 15.4551: 0.1458 0 0.1306 0.006139
[3176] (14.66) 15.4610: 0.1457 0 0.1307 0.006119
[3177] (14.66) 15.4669: 0.146 0 0.1308 0.006094
[3178] (14.66) 15.4728: 0.1462 0 0.1309 0.006047
[3179] (14.67) 15.4787: 0.1464 0 0.1311 0.006048
[3180] (14.67) 15.4847: 0.1464 0 0.1312 0.006047
[3181] (14.68) 15.4906: 0.1465 0 0.1313 0.006038
[3182] (14.68) 15.4965: 0.1464 0 0.1317 0.006022
[3183] (14.69) 15.5024: 0.1464 0 0.1319 0.006042
[3184] (14.69) 15.5084: 0.1465 0 0.1321 0.006035
[3185] (14.69) 15.5143: 0.1466 0 0.1321 0.006002
[3186] (14.7) 15.5202: 0.1467 0 0.1323 0.006012
[3187] (14.7) 15.5261: 0.1468 0 0.1327 0.006
[3188] (14.71) 15.5321: 0.1467 0 0.1329 0.005989
[3189] (14.71) 15.5380: 0.1467 0 0.1331 0.006045
[3190] (14.72) 15.5439: 0.1465 0 0.1331 0.006068
[3191] (14.72) 15.5498: 0.147 0 0.133 0.006059
[3192] (14.73) 15.5557: 0.1475 0 0.133 0.006019
[3193] (14.73) 15.5617: 0.148 0 0.1333 0.006042
[3194] (14.74) 15.5676: 0.1483 0 0.1335 0.006065
[3195] (14.74) 15.5735: 0.1485 0 0.1335 0.00608
[3196] (14.75) 15.5794: 0.1488 0 0.1335 0.006179
[3197] (14.75) 15.5854: 0.1493 0 0.1333 0.006327
[3198] (14.75) 15.5913: 0.1497 0 0.1331 0.006438
[3199] (14.76) 15.5972: 0.1499 0 0.1333 0.006511
[3200] (14.76) 15.6031: 0.1501 0 0.1334 0.006548
[3201] (14.77) 15.6091: 0.1502 0 0.1337 0.006548
[3202] (14.77) 15.6150: 0.1503 0 0.1338 0.006515
[3203] (14.77) 15.6209: 0.1502 0 0.1339 0.006451
[3204] (14.78) 15.6268: 0.1503 0 0.1338 0.006359
[3205] (14.78) 15.6328: 0.1504 0 0.1336 0.006242
[3206] (14.79) 15.6387: 0.1505 0 0.1337 0.00615
[3207] (14.79) 15.6446: 0.1505 0 0.1339 0.006297
[3208] (14.8) 15.6505: 0.1504 0 0.1341 0.006407
[3209] (14.8) 15.6564: 0.1503 0 0.1341 0.006478
[3210] (14.8) 15.6624: 0.1502 0 0.134 0.006513
[3211] (14.81) 15.6683: 0.15 0 0.1338 0.006511
[3212] (14.81) 15.6742: 0.1501 0 0.1335 0.006477
[3213] (14.82) 15.6801: 0.1505 0 0.1336 0.006411
[3214] (14.82) 15.6861: 0.1509 0 0.1338 0.006319
[3215] (14.83) 15.6920: 0.1511 0 0.1339 0.006202
[3216] (14.83) 15.6979: 0.1511 0 0.1338 0.006066
[3217] (14.83) 15.7038: 0.1511 0 0.1337 0.006
[3218] (14.84) 15.7098: 0.1511 0 0.1335 0.005978
[3219] (14.84) 15.7157: 0.1514 0 0.1338 0.006072
[3220] (14.85) 15.7216: 0.1516 0 0.134 0.006221
[3221] (14.85) 15.7275: 0.1517 0 0.134 0.006336
[3222] (14.86) 15.7334: 0.1517 0 0.1339 0.006413
[3223] (14.86) 15.7394: 0.1515 0 0.1337 0.006454
[3224] (14.86) 15.7453: 0.1513 0 0.1335 0.006459
[3225] (14.87) 15.7512: 0.1516 0 0.1334 0.00643
[3226] (14.87) 15.7571: 0.1517 0 0.1336 0.006367
[3227] (14.88) 15.7631: 0.1516 0 0.1336 0.006274
[3228] (14.88) 15.7690: 0.1515 0 0.1335 0.006155
[3229] (14.88) 15.7749: 0.1512 0 0.1334 0.006276
[3230] (14.89) 15.7808: 0.1509 0 0.1332 0.006408
[3231] (14.89) 15.7868: 0.151 0 0.1334 0.006501
[3232] (14.9) 15.7927: 0.151 0 0.1336 0.006555
[3233] (14.9) 15.7986: 0.1509 0 0.1338 0.006569
[3234] (14.9) 15.8045: 0.1506 0 0.134 0.006547
[3235] (14.91) 15.8105: 0.1502 0 0.1342 0.00649
[3236] (14.91) 15.8164: 0.1498 0 0.1344 0.006401
[3237] (14.92) 15.8223: 0.1499 0 0.1346 0.006283
[3238] (14.92) 15.8282: 0.1497 0 0.1348 0.006142
[3239] (14.93) 15.8341: 0.1495 0 0.1352 0.006043
[3240] (14.93) 15.8401: 0.1491 0 0.1356 0.006141
[3241] (14.93) 15.8460: 0.1486 0 0.1359 0.0062
[3242] (14.94) 15.8519: 0.1482 0 0.1362 0.00622
[3243] (14.94) 15.8578: 0.1481 0 0.1364 0.006203
[3244] (14.95) 15.8638: 0.1479 0 0.1367 0.006152
[3245] (14.95) 15.8697: 0.1476 0 0.1371 0.006145
[3246] (14.95) 15.8756: 0.1471 0 0.1374 0.006149
[3247] (14.96) 15.8815: 0.1465 0 0.1376 0.006147
[3248] (14.96) 15.8875: 0.1458 0 0.1377 0.006138
[3249] (14.97) 15.8934: 0.1457 0 0.1379 0.006124
[3250] (14.97) 15.8993: 0.1454 0 0.1384 0.006103
[3251] (14.97) 15.9052: 0.145 0 0.1389 0.006078
[3252] (14.98) 15.9111: 0.1445 0 0.1393 0.006047
[3253] (14.98) 15.9171: 0.1438 0 0.1396 0.00607
[3254] (14.99) 15.9230: 0.143 0 0.1397 0.006099
[3255] (14.99) 15.9289: 0.1426 0 0.1402 0.006122
[3256] (14.99) 15.9348: 0.1423 0 0.1406 0.00614
[3257] (15) 15.9408: 0.1418 0 0.1409 0.006153
[3258] (15) 15.9467: 0.1412 0 0.1411 0.006161
[3259] (15.01) 15.9526: 0.1404 0 0.1411 0.006164
[3260] (15.01) 15.9585: 0.14 0 0.1415 0.006162
[3261] (15.01) 15.9645: 0.1397 0 0.1419 0.006156
[3262] (15.02) 15.9704: 0.1392 0 0.1421 0.006146
[3263] (15.02) 15.9763: 0.1385 0 0.1422 0.006132
[3264] (15.02) 15.9822: 0.1383 0 0.1422 0.006114
[3265] (15.03) 15.9882: 0.1381 0 0.1426 0.006092
[3266] (15.03) 15.9941: 0.1378 0 0.143 0.006114
[3267] (15.04) 16.0000: 0.1373 0 0.1433 0.006107
*Write time: 0.0503056. Average write time: 0.0618491.
[3268] (15.09) 16.0059: 0.137 0 0.1434 0.006067
[3269] (15.1) 16.0118: 0.1367 0 0.1438 0.006004
[3270] (15.1) 16.0178: 0.1363 0 0.1442 0.006052
[3271] (15.1) 16.0237: 0.1361 0 0.1445 0.00609
[3272] (15.11) 16.0296: 0.1361 0 0.1447 0.006119
[3273] (15.11) 16.0355: 0.1362 0 0.1448 0.006139
[3274] (15.12) 16.0414: 0.1361 0 0.145 0.006149
[3275] (15.12) 16.0473: 0.1359 0 0.1454 0.00615
[3276] (15.13) 16.0533: 0.1357 0 0.1456 0.006141
[3277] (15.13) 16.0592: 0.1358 0 0.1457 0.006122
[3278] (15.13) 16.0651: 0.1358 0 0.1458 0.006095
[3279] (15.14) 16.0710: 0.1357 0 0.1458 0.006059
[3280] (15.14) 16.0769: 0.1355 0 0.1462 0.006014
[3281] (15.15) 16.0828: 0.1352 0 0.1467 0.005984
[3282] (15.15) 16.0888: 0.1351 0 0.147 0.006013
[3283] (15.16) 16.0947: 0.1351 0 0.1473 0.006035
[3284] (15.16) 16.1006: 0.1349 0 0.1475 0.006049
[3285] (15.16) 16.1065: 0.1347 0 0.1478 0.006056
[3286] (15.17) 16.1124: 0.1344 0 0.1482 0.006055
[3287] (15.17) 16.1183: 0.1342 0 0.1485 0.006049
[3288] (15.18) 16.1243: 0.1341 0 0.1488 0.006054
[3289] (15.18) 16.1302: 0.1338 0 0.1489 0.006138
[3290] (15.18) 16.1361: 0.1335 0 0.149 0.006187
[3291] (15.19) 16.1420: 0.1333 0 0.1494 0.006196
[3292] (15.19) 16.1479: 0.1332 0 0.1496 0.006164
[3293] (15.2) 16.1538: 0.1329 0 0.1498 0.006092
[3294] (15.2) 16.1598: 0.1327 0 0.15 0.005979
[3295] (15.2) 16.1657: 0.1325 0 0.15 0.006033
[3296] (15.21) 16.1716: 0.1323 0 0.1502 0.006127
[3297] (15.21) 16.1775: 0.1322 0 0.1504 0.006189
[3298] (15.22) 16.1834: 0.132 0 0.1506 0.006218
[3299] (15.22) 16.1893: 0.1317 0 0.1507 0.006212
[3300] (15.23) 16.1953: 0.1319 0 0.1508 0.006171
[3301] (15.23) 16.2012: 0.1319 0 0.1512 0.006093
[3302] (15.23) 16.2071: 0.1319 0 0.1514 0.00598
[3303] (15.24) 16.2130: 0.1318 0 0.1517 0.005842
[3304] (15.24) 16.2189: 0.1316 0 0.1518 0.005884
[3305] (15.25) 16.2249: 0.1313 0 0.152 0.005914
[3306] (15.25) 16.2308: 0.1314 0 0.1524 0.005935
[3307] (15.26) 16.2367: 0.1315 0 0.1527 0.005946
[3308] (15.26) 16.2426: 0.1314 0 0.1529 0.005983
[3309] (15.26) 16.2485: 0.1313 0 0.153 0.006003
[3310] (15.27) 16.2544: 0.131 0 0.1531 0.005995
[3311] (15.27) 16.2604: 0.1307 0 0.1532 0.00596
[3312] (15.28) 16.2663: 0.1308 0 0.1535 0.005904
[3313] (15.28) 16.2722: 0.1308 0 0.1538 0.005883
[3314] (15.29) 16.2781: 0.1307 0 0.1539 0.005949
[3315] (15.29) 16.2840: 0.1306 0 0.1539 0.00598
[3316] (15.3) 16.2899: 0.1303 0 0.1539 0.005961
[3317] (15.3) 16.2959: 0.13 0 0.1541 0.005892
[3318] (15.31) 16.3018: 0.1297 0 0.1543 0.005835
[3319] (15.31) 16.3077: 0.1298 0 0.1544 0.005852
[3320] (15.31) 16.3136: 0.1297 0 0.1545 0.005936
[3321] (15.32) 16.3195: 0.1296 0 0.1547 0.006037
[3322] (15.32) 16.3254: 0.1294 0 0.155 0.006094
[3323] (15.33) 16.3314: 0.1291 0 0.1552 0.006103
[3324] (15.33) 16.3373: 0.1286 0 0.1554 0.006064
[3325] (15.34) 16.3432: 0.1283 0 0.1555 0.005978
[3326] (15.34) 16.3491: 0.1283 0 0.1555 0.005872
[3327] (15.35) 16.3550: 0.1282 0 0.1556 0.005929
[3328] (15.35) 16.3609: 0.1281 0 0.1558 0.005998
[3329] (15.35) 16.3669: 0.1278 0 0.156 0.006052
[3330] (15.36) 16.3728: 0.1275 0 0.1561 0.006091
[3331] (15.36) 16.3787: 0.1271 0 0.1561 0.006116
[3332] (15.37) 16.3846: 0.1266 0 0.1561 0.006126
[3333] (15.37) 16.3905: 0.1265 0 0.1561 0.006122
[3334] (15.38) 16.3964: 0.1264 0 0.1563 0.006106
[3335] (15.38) 16.4024: 0.1263 0 0.1564 0.006076
[3336] (15.38) 16.4083: 0.1261 0 0.1564 0.006034
[3337] (15.39) 16.4142: 0.1259 0 0.1563 0.00598
[3338] (15.39) 16.4201: 0.1255 0 0.1562 0.005914
[3339] (15.4) 16.4260: 0.125 0 0.1562 0.005898
[3340] (15.4) 16.4320: 0.1244 0 0.1563 0.005933
[3341] (15.4) 16.4379: 0.1245 0 0.1564 0.005958
[3342] (15.41) 16.4438: 0.1244 0 0.1563 0.005974
[3343] (15.41) 16.4497: 0.1243 0 0.1561 0.00598
[3344] (15.42) 16.4556: 0.1241 0 0.1559 0.005976
[3345] (15.42) 16.4615: 0.1238 0 0.156 0.005963
[3346] (15.42) 16.4675: 0.1234 0 0.156 0.005941
[3347] (15.43) 16.4734: 0.1229 0 0.156 0.005909
[3348] (15.43) 16.4793: 0.1223 0 0.1558 0.00593
[3349] (15.44) 16.4852: 0.1223 0 0.1556 0.006024
[3350] (15.44) 16.4911: 0.1223 0 0.1554 0.006088
[3351] (15.45) 16.4970: 0.1222 0 0.1554 0.006121
[3352] (15.45) 16.5030: 0.122 0 0.1554 0.006123
[3353] (15.45) 16.5089: 0.1217 0 0.1553 0.006096
[3354] (15.46) 16.5148: 0.1213 0 0.155 0.006041
[3355] (15.46) 16.5207: 0.1207 0 0.1547 0.005961
[3356] (15.47) 16.5266: 0.12 0 0.1546 0.005874
[3357] (15.47) 16.5325: 0.12 0 0.1545 0.005948
[3358] (15.47) 16.5385: 0.12 0 0.1544 0.006075
[3359] (15.48) 16.5444: 0.1199 0 0.1545 0.006173
[3360] (15.48) 16.5503: 0.1197 0 0.1546 0.006243
[3361] (15.49) 16.5562: 0.1194 0 0.1547 0.006284
[3362] (15.49) 16.5621: 0.1189 0 0.155 0.006297
[3363] (15.49) 16.5680: 0.1182 0 0.1552 0.006282
[3364] (15.5) 16.5740: 0.1175 0 0.1554 0.00624
[3365] (15.5) 16.5799: 0.1172 0 0.1554 0.006175
[3366] (15.51) 16.5858: 0.1171 0 0.1554 0.006086
[3367] (15.51) 16.5917: 0.117 0 0.1557 0.006097
[3368] (15.51) 16.5976: 0.1168 0 0.1559 0.006206
[3369] (15.52) 16.6036: 0.1164 0 0.1565 0.006292
[3370] (15.52) 16.6095: 0.1159 0 0.157 0.006352
[3371] (15.53) 16.6154: 0.1153 0 0.1576 0.006386
[3372] (15.53) 16.6213: 0.1147 0 0.1583 0.006392
[3373] (15.54) 16.6272: 0.1142 0 0.1589 0.00637
[3374] (15.54) 16.6331: 0.1142 0 0.1592 0.00632
[3375] (15.54) 16.6391: 0.1141 0 0.1594 0.006245
[3376] (15.55) 16.6450: 0.114 0 0.1601 0.006144
[3377] (15.55) 16.6509: 0.1137 0 0.1607 0.006225
[3378] (15.56) 16.6568: 0.1133 0 0.1609 0.006324
[3379] (15.56) 16.6627: 0.113 0 0.161 0.006398
[3380] (15.57) 16.6686: 0.1129 0 0.1615 0.006447
[3381] (15.57) 16.6746: 0.1128 0 0.162 0.00647
[3382] (15.57) 16.6805: 0.1127 0 0.1622 0.006466
[3383] (15.58) 16.6864: 0.1126 0 0.1622 0.006435
[3384] (15.58) 16.6923: 0.1125 0 0.1624 0.006379
[3385] (15.59) 16.6982: 0.1125 0 0.1629 0.006299
[3386] (15.59) 16.7041: 0.1124 0 0.1632 0.006207
[3387] (15.59) 16.7101: 0.1124 0 0.1632 0.006315
[3388] (15.6) 16.7160: 0.1125 0 0.1631 0.006401
[3389] (15.6) 16.7219: 0.1128 0 0.1636 0.006464
[3390] (15.61) 16.7278: 0.113 0 0.1639 0.006503
[3391] (15.61) 16.7337: 0.1131 0 0.164 0.006517
[3392] (15.62) 16.7396: 0.113 0 0.1637 0.006506
[3393] (15.62) 16.7456: 0.1128 0 0.1641 0.006471
[3394] (15.62) 16.7515: 0.1126 0 0.1645 0.006413
[3395] (15.63) 16.7574: 0.1128 0 0.1648 0.006334
[3396] (15.63) 16.7633: 0.1131 0 0.1649 0.006234
[3397] (15.64) 16.7692: 0.1133 0 0.1649 0.006288
[3398] (15.64) 16.7751: 0.1133 0 0.1654 0.00636
[3399] (15.65) 16.7809: 0.1132 0 0.1657 0.006409
[3400] (15.65) 16.7867: 0.1131 0 0.1658 0.006437
[3401] (15.65) 16.7924: 0.1128 0 0.1656 0.006443
[3402] (15.66) 16.7982: 0.1127 0 0.1658 0.006427
[3403] (15.66) 16.8040: 0.1129 0 0.1662 0.006391
[3404] (15.67) 16.8097: 0.113 0 0.1663 0.006334
[3405] (15.67) 16.8155: 0.1131 0 0.1662 0.006258
[3406] (15.67) 16.8213: 0.113 0 0.1659 0.006165
[3407] (15.68) 16.8270: 0.1129 0 0.1663 0.006236
[3408] (15.68) 16.8328: 0.1127 0 0.1665 0.006308
[3409] (15.69) 16.8386: 0.1125 0 0.1665 0.006362
[3410] (15.69) 16.8443: 0.1122 0 0.1663 0.006395
[3411] (15.69) 16.8501: 0.1123 0 0.1659 0.006409
[3412] (15.7) 16.8559: 0.1123 0 0.1663 0.006402
[3413] (15.7) 16.8616: 0.1123 0 0.1664 0.006376
[3414] (15.71) 16.8674: 0.1122 0 0.1663 0.00633
[3415] (15.71) 16.8732: 0.1121 0 0.1659 0.006266
[3416] (15.72) 16.8789: 0.1119 0 0.1656 0.006185
[3417] (15.72) 16.8847: 0.1117 0 0.1658 0.006247
[3418] (15.72) 16.8905: 0.1116 0 0.1659 0.00633
[3419] (15.73) 16.8962: 0.1114 0 0.1657 0.006397
[3420] (15.73) 16.9020: 0.1112 0 0.1653 0.006445
[3421] (15.74) 16.9078: 0.1111 0 0.1648 0.006475
[3422] (15.74) 16.9135: 0.1109 0 0.165 0.006487
[3423] (15.74) 16.9193: 0.1108 0 0.165 0.006479
[3424] (15.75) 16.9250: 0.1107 0 0.1648 0.006454
[3425] (15.75) 16.9308: 0.1107 0 0.1644 0.00641
[3426] (15.76) 16.9366: 0.1106 0 0.1638 0.00635
[3427] (15.78) 16.9423: 0.1106 0 0.1638 0.006274
[3428] (15.79) 16.9481: 0.1106 0 0.1638 0.006203
[3429] (15.79) 16.9539: 0.1106 0 0.1635 0.00621
[3430] (15.8) 16.9596: 0.1107 0 0.1632 0.006262
[3431] (15.8) 16.9654: 0.1111 0 0.1626 0.006311
[3432] (15.81) 16.9712: 0.1113 0 0.1623 0.006343
[3433] (15.81) 16.9769: 0.1114 0 0.1622 0.006359
[3434] (15.81) 16.9827: 0.1113 0 0.1621 0.006357
[3435] (15.82) 16.9885: 0.111 0 0.1617 0.006339
[3436] (15.82) 16.9942: 0.1107 0 0.1612 0.006305
[3437] (15.83) 17.0000: 0.1109 0 0.1606 0.006256
*Write time: 0.0499183. Average write time: 0.0611473.
[3438] (15.88) 17.0057: 0.1114 0 0.1605 0.006193
[3439] (15.89) 17.0115: 0.1116 0 0.1603 0.006181
[3440] (15.89) 17.0171: 0.1117 0 0.1601 0.006212
[3441] (15.89) 17.0228: 0.1116 0 0.1597 0.006216
[3442] (15.9) 17.0285: 0.1115 0 0.1591 0.006211
[3443] (15.9) 17.0342: 0.1112 0 0.1585 0.006251
[3444] (15.91) 17.0399: 0.1109 0 0.1584 0.006277
[3445] (15.91) 17.0455: 0.1108 0 0.1582 0.006288
[3446] (15.92) 17.0512: 0.111 0 0.1578 0.006284
[3447] (15.92) 17.0569: 0.1111 0 0.1574 0.006265
[3448] (15.93) 17.0626: 0.1111 0 0.1569 0.006233
[3449] (15.93) 17.0683: 0.111 0 0.1563 0.006186
[3450] (15.93) 17.0740: 0.1108 0 0.156 0.006127
[3451] (15.94) 17.0796: 0.1105 0 0.1557 0.006077
[3452] (15.94) 17.0853: 0.1102 0 0.1554 0.006149
[3453] (15.95) 17.0910: 0.1099 0 0.155 0.006214
[3454] (15.95) 17.0967: 0.1099 0 0.1545 0.006267
[3455] (15.95) 17.1024: 0.1098 0 0.154 0.006307
[3456] (15.96) 17.1080: 0.1097 0 0.1535 0.006334
[3457] (15.96) 17.1137: 0.1095 0 0.1531 0.006347
[3458] (15.97) 17.1194: 0.1093 0 0.1528 0.006346
[3459] (15.97) 17.1251: 0.1091 0 0.1524 0.006331
[3460] (15.98) 17.1308: 0.1092 0 0.152 0.006301
[3461] (15.98) 17.1364: 0.1092 0 0.1516 0.006258
[3462] (15.98) 17.1421: 0.1091 0 0.1519 0.006201
[3463] (15.99) 17.1478: 0.1088 0 0.1523 0.006131
[3464] (15.99) 17.1535: 0.1086 0 0.1526 0.006071
[3465] (16) 17.1592: 0.1086 0 0.1527 0.006146
[3466] (16) 17.1649: 0.1087 0 0.1526 0.00621
[3467] (16.01) 17.1705: 0.1089 0 0.153 0.006261
[3468] (16.01) 17.1762: 0.109 0 0.1534 0.006299
[3469] (16.01) 17.1819: 0.1089 0 0.1535 0.006325
[3470] (16.02) 17.1876: 0.1087 0 0.1535 0.006336
[3471] (16.02) 17.1933: 0.1085 0 0.1533 0.006333
[3472] (16.03) 17.1989: 0.1082 0 0.1537 0.006316
[3473] (16.03) 17.2046: 0.1087 0 0.1539 0.006286
[3474] (16.04) 17.2103: 0.1092 0 0.154 0.006242
[3475] (16.04) 17.2160: 0.1095 0 0.1538 0.006185
[3476] (16.04) 17.2217: 0.1097 0 0.1535 0.006116
[3477] (16.05) 17.2273: 0.1096 0 0.1539 0.006036
[3478] (16.05) 17.2330: 0.1095 0 0.154 0.005953
[3479] (16.06) 17.2387: 0.1092 0 0.154 0.006029
[3480] (16.06) 17.2444: 0.1092 0 0.1544 0.006092
[3481] (16.07) 17.2501: 0.1096 0 0.1547 0.006141
[3482] (16.07) 17.2558: 0.1099 0 0.1549 0.006175
[3483] (16.07) 17.2614: 0.11 0 0.155 0.006195
[3484] (16.08) 17.2671: 0.11 0 0.1551 0.0062
[3485] (16.08) 17.2728: 0.1099 0 0.1554 0.006189
[3486] (16.09) 17.2785: 0.1096 0 0.1556 0.006165
[3487] (16.09) 17.2842: 0.1092 0 0.1557 0.006126
[3488] (16.1) 17.2898: 0.1095 0 0.1557 0.006074
[3489] (16.1) 17.2955: 0.1098 0 0.1557 0.00601
[3490] (16.1) 17.3012: 0.1099 0 0.1559 0.005935
[3491] (16.11) 17.3069: 0.1099 0 0.156 0.00585
[3492] (16.11) 17.3126: 0.1097 0 0.1561 0.005758
[3493] (16.12) 17.3182: 0.1094 0 0.156 0.005818
[3494] (16.12) 17.3239: 0.1091 0 0.156 0.005875
[3495] (16.12) 17.3296: 0.109 0 0.1562 0.005927
[3496] (16.13) 17.3353: 0.1092 0 0.1562 0.005972
[3497] (16.13) 17.3410: 0.1093 0 0.1562 0.00601
[3498] (16.14) 17.3467: 0.1092 0 0.1561 0.006041
[3499] (16.14) 17.3523: 0.109 0 0.1561 0.006063
[3500] (16.15) 17.3580: 0.1087 0 0.1562 0.006078
[3501] (16.15) 17.3637: 0.1083 0 0.1562 0.006083
[3502] (16.15) 17.3694: 0.1081 0 0.1562 0.006081
[3503] (16.16) 17.3751: 0.1082 0 0.1561 0.006069
[3504] (16.16) 17.3807: 0.1082 0 0.1562 0.006049
[3505] (16.17) 17.3864: 0.108 0 0.1562 0.006021
[3506] (16.17) 17.3921: 0.1077 0 0.1563 0.005986
[3507] (16.17) 17.3978: 0.1074 0 0.1566 0.005943
[3508] (16.18) 17.4035: 0.107 0 0.1567 0.005921
[3509] (16.18) 17.4091: 0.1069 0 0.1568 0.00599
[3510] (16.19) 17.4148: 0.1069 0 0.1568 0.006049
[3511] (16.19) 17.4205: 0.1068 0 0.1566 0.0061
[3512] (16.2) 17.4262: 0.1065 0 0.1567 0.00614
[3513] (16.2) 17.4319: 0.1063 0 0.1569 0.006171
[3514] (16.2) 17.4376: 0.1061 0 0.1569 0.006192
[3515] (16.21) 17.4432: 0.1058 0 0.1568 0.006202
[3516] (16.21) 17.4489: 0.1055 0 0.1566 0.006203
[3517] (16.22) 17.4546: 0.1054 0 0.1564 0.006194
[3518] (16.22) 17.4603: 0.1053 0 0.1566 0.006175
[3519] (16.22) 17.4660: 0.1055 0 0.1566 0.006146
[3520] (16.23) 17.4716: 0.1056 0 0.1565 0.006109
[3521] (16.23) 17.4773: 0.1055 0 0.1563 0.006062
[3522] (16.24) 17.4830: 0.1056 0 0.156 0.006007
[3523] (16.24) 17.4887: 0.1055 0 0.1559 0.005943
[3524] (16.24) 17.4944: 0.1054 0 0.1559 0.005872
[3525] (16.25) 17.5000: 0.1051 0 0.1558 0.005794
[3526] (16.25) 17.5057: 0.1046 0 0.1556 0.00571
[3527] (16.26) 17.5114: 0.1047 0 0.1552 0.00562
[3528] (16.26) 17.5171: 0.1048 0 0.1549 0.005525
[3529] (16.27) 17.5228: 0.1051 0 0.1548 0.005505
[3530] (16.27) 17.5285: 0.1053 0 0.1547 0.005557
[3531] (16.27) 17.5341: 0.1054 0 0.1545 0.005613
[3532] (16.28) 17.5398: 0.1053 0 0.1542 0.005664
[3533] (16.28) 17.5455: 0.1051 0 0.1537 0.005709
[3534] (16.29) 17.5512: 0.1048 0 0.1534 0.005746
[3535] (16.29) 17.5569: 0.1042 0 0.1533 0.005776
[3536] (16.29) 17.5625: 0.1036 0 0.153 0.005797
[3537] (16.3) 17.5682: 0.1039 0 0.1527 0.005809
[3538] (16.3) 17.5739: 0.1042 0 0.1523 0.005813
[3539] (16.31) 17.5796: 0.1044 0 0.1518 0.005806
[3540] (16.31) 17.5853: 0.1045 0 0.1514 0.00579
[3541] (16.32) 17.5909: 0.1044 0 0.1512 0.005765
[3542] (16.32) 17.5966: 0.1041 0 0.1509 0.005732
[3543] (16.32) 17.6023: 0.1036 0 0.1505 0.00572
[3544] (16.33) 17.6080: 0.1029 0 0.1501 0.005763
[3545] (16.33) 17.6137: 0.1027 0 0.1497 0.005795
[3546] (16.34) 17.6194: 0.1026 0 0.1492 0.005818
[3547] (16.34) 17.6250: 0.1029 0 0.1488 0.00583
[3548] (16.34) 17.6307: 0.1031 0 0.1488 0.005831
[3549] (16.35) 17.6364: 0.103 0 0.1486 0.005821
[3550] (16.35) 17.6421: 0.1028 0 0.1483 0.005802
[3551] (16.36) 17.6478: 0.1024 0 0.1479 0.005774
[3552] (16.36) 17.6534: 0.1018 0 0.1474 0.005737
[3553] (16.36) 17.6591: 0.1019 0 0.147 0.005692
[3554] (16.37) 17.6648: 0.1018 0 0.1469 0.005641
[3555] (16.37) 17.6705: 0.1015 0 0.1467 0.005619
[3556] (16.38) 17.6762: 0.1011 0 0.1463 0.005608
[3557] (16.38) 17.6818: 0.1011 0 0.1459 0.005591
[3558] (16.39) 17.6875: 0.1009 0 0.1454 0.005668
[3559] (16.39) 17.6932: 0.1011 0 0.145 0.005747
[3560] (16.39) 17.6989: 0.1014 0 0.1448 0.005808
[3561] (16.4) 17.7046: 0.1014 0 0.1445 0.005852
[3562] (16.4) 17.7103: 0.1013 0 0.1446 0.005879
[3563] (16.41) 17.7159: 0.1011 0 0.1446 0.00589
[3564] (16.41) 17.7216: 0.1007 0 0.1444 0.005886
[3565] (16.41) 17.7273: 0.1002 0 0.1446 0.005867
[3566] (16.42) 17.7330: 0.09982 0 0.1447 0.005835
[3567] (16.42) 17.7387: 0.1003 0 0.1448 0.005791
[3568] (16.43) 17.7443: 0.1006 0 0.1448 0.005793
[3569] (16.43) 17.7500: 0.1007 0 0.1447 0.005798
[3570] (16.44) 17.7557: 0.1006 0 0.1446 0.005795
[3571] (16.44) 17.7614: 0.1004 0 0.1447 0.005785
[3572] (16.44) 17.7671: 0.1 0 0.1448 0.005768
[3573] (16.45) 17.7727: 0.09954 0 0.1449 0.005745
[3574] (16.45) 17.7784: 0.09896 0 0.1448 0.00572
[3575] (16.46) 17.7841: 0.0991 0 0.1447 0.005723
[3576] (16.46) 17.7898: 0.09939 0 0.1445 0.005742
[3577] (16.46) 17.7955: 0.09951 0 0.1446 0.00576
[3578] (16.47) 17.8012: 0.09946 0 0.1446 0.005806
[3579] (16.47) 17.8068: 0.09927 0 0.1446 0.005839
[3580] (16.48) 17.8125: 0.09895 0 0.1446 0.005861
[3581] (16.48) 17.8182: 0.09851 0 0.1444 0.005952
[3582] (16.48) 17.8239: 0.098 0 0.1442 0.006052
[3583] (16.49) 17.8296: 0.09825 0 0.1439 0.006131
[3584] (16.49) 17.8352: 0.09841 0 0.144 0.00619
[3585] (16.5) 17.8409: 0.09839 0 0.144 0.006229
[3586] (16.5) 17.8466: 0.09857 0 0.1439 0.006249
[3587] (16.51) 17.8523: 0.09869 0 0.1437 0.006251
[3588] (16.51) 17.8580: 0.09867 0 0.1435 0.006235
[3589] (16.51) 17.8636: 0.09888 0 0.1431 0.006203
[3590] (16.52) 17.8693: 0.0992 0 0.1428 0.006156
[3591] (16.52) 17.8750: 0.09937 0 0.1428 0.006096
[3592] (16.53) 17.8807: 0.09937 0 0.1427 0.006024
[3593] (16.53) 17.8864: 0.09922 0 0.1426 0.005943
[3594] (16.54) 17.8921: 0.09898 0 0.1424 0.005996
[3595] (16.54) 17.8977: 0.09932 0 0.1423 0.006046
[3596] (16.54) 17.9034: 0.09951 0 0.1426 0.006077
[3597] (16.55) 17.9091: 0.09954 0 0.1427 0.006088
[3598] (16.55) 17.9148: 0.09942 0 0.1427 0.006082
[3599] (16.56) 17.9205: 0.09916 0 0.1428 0.006059
[3600] (16.56) 17.9261: 0.09878 0 0.1432 0.00602
[3601] (16.56) 17.9318: 0.099 0 0.1435 0.005967
[3602] (16.57) 17.9375: 0.09916 0 0.1436 0.005902
[3603] (16.57) 17.9432: 0.0994 0 0.1436 0.005827
[3604] (16.58) 17.9489: 0.09956 0 0.1435 0.00577
[3605] (16.58) 17.9545: 0.0996 0 0.1438 0.005736
[3606] (16.59) 17.9602: 0.09951 0 0.1441 0.005698
[3607] (16.59) 17.9659: 0.09931 0 0.1443 0.005726
[3608] (16.59) 17.9716: 0.09962 0 0.1443 0.005747
[3609] (16.6) 17.9773: 0.09982 0 0.1442 0.00575
[3610] (16.6) 17.9830: 0.09987 0 0.1442 0.005738
[3611] (16.61) 17.9886: 0.0998 0 0.1445 0.00571
[3612] (16.61) 17.9943: 0.0996 0 0.1447 0.005751
[3613] (16.61) 18.0000: 0.09929 0 0.1448 0.005805
*Write time: 0.0544865. Average write time: 0.0607772.
[3614] (16.67) 18.0056: 0.09949 0 0.1447 0.005841
[3615] (16.68) 18.0113: 0.09967 0 0.1445 0.005859
[3616] (16.68) 18.0169: 0.09972 0 0.1447 0.005886
[3617] (16.69) 18.0226: 0.09964 0 0.145 0.005933
[3618] (16.69) 18.0282: 0.09944 0 0.1451 0.005959
[3619] (16.7) 18.0339: 0.09913 0 0.145 0.005963
[3620] (16.7) 18.0395: 0.09899 0 0.1449 0.005947
[3621] (16.7) 18.0452: 0.09924 0 0.1446 0.005913
[3622] (16.71) 18.0508: 0.09936 0 0.1449 0.005862
[3623] (16.71) 18.0565: 0.09936 0 0.1451 0.005795
[3624] (16.72) 18.0621: 0.09924 0 0.1451 0.005793
[3625] (16.72) 18.0678: 0.099 0 0.145 0.005855
[3626] (16.73) 18.0734: 0.09897 0 0.1448 0.005958
[3627] (16.73) 18.0791: 0.09889 0 0.1446 0.006038
[3628] (16.73) 18.0847: 0.09873 0 0.1448 0.006094
[3629] (16.74) 18.0904: 0.09885 0 0.145 0.006127
[3630] (16.74) 18.0960: 0.09888 0 0.1449 0.006138
[3631] (16.75) 18.1017: 0.0989 0 0.1448 0.006126
[3632] (16.75) 18.1073: 0.0989 0 0.1445 0.006095
[3633] (16.75) 18.1130: 0.09881 0 0.1442 0.006045
[3634] (16.76) 18.1186: 0.09864 0 0.1444 0.005978
[3635] (16.76) 18.1243: 0.09839 0 0.1445 0.005896
[3636] (16.77) 18.1299: 0.09823 0 0.1445 0.005831
[3637] (16.77) 18.1356: 0.09843 0 0.1443 0.005955
[3638] (16.78) 18.1412: 0.09853 0 0.1441 0.006054
[3639] (16.78) 18.1469: 0.09853 0 0.1437 0.00613
[3640] (16.79) 18.1525: 0.09844 0 0.1438 0.006182
[3641] (16.79) 18.1582: 0.09828 0 0.1439 0.006211
[3642] (16.79) 18.1638: 0.09824 0 0.1438 0.006218
[3643] (16.8) 18.1695: 0.0982 0 0.1437 0.006203
[3644] (16.8) 18.1751: 0.0983 0 0.1434 0.006168
[3645] (16.81) 18.1808: 0.09835 0 0.1431 0.006114
[3646] (16.81) 18.1864: 0.09835 0 0.1428 0.006044
[3647] (16.82) 18.1921: 0.0983 0 0.143 0.005994
[3648] (16.82) 18.1977: 0.09821 0 0.143 0.005996
[3649] (16.82) 18.2034: 0.0981 0 0.1428 0.005985
[3650] (16.83) 18.2090: 0.09812 0 0.1426 0.006052
[3651] (16.83) 18.2147: 0.09821 0 0.1423 0.006125
[3652] (16.84) 18.2203: 0.09823 0 0.1419 0.006174
[3653] (16.84) 18.2260: 0.09821 0 0.1418 0.006199
[3654] (16.84) 18.2316: 0.09814 0 0.1419 0.006201
[3655] (16.85) 18.2373: 0.09803 0 0.1418 0.006181
[3656] (16.85) 18.2429: 0.09788 0 0.1416 0.006141
[3657] (16.86) 18.2486: 0.09794 0 0.1414 0.006082
[3658] (16.86) 18.2542: 0.098 0 0.1412 0.006105
[3659] (16.87) 18.2599: 0.09801 0 0.1412 0.006128
[3660] (16.87) 18.2655: 0.09797 0 0.1412 0.006135
[3661] (16.87) 18.2712: 0.0979 0 0.1412 0.006128
[3662] (16.88) 18.2768: 0.09797 0 0.1411 0.006106
[3663] (16.88) 18.2825: 0.09805 0 0.1409 0.006071
[3664] (16.89) 18.2881: 0.09809 0 0.141 0.006022
[3665] (16.89) 18.2938: 0.0981 0 0.141 0.006002
[3666] (16.89) 18.2994: 0.09806 0 0.1409 0.006002
[3667] (16.9) 18.3051: 0.09798 0 0.1408 0.00598
[3668] (16.9) 18.3107: 0.09787 0 0.1406 0.005996
[3669] (16.91) 18.3164: 0.0978 0 0.1406 0.00605
[3670] (16.91) 18.3220: 0.09785 0 0.1406 0.006086
[3671] (16.91) 18.3277: 0.09787 0 0.1405 0.006104
[3672] (16.92) 18.3333: 0.09784 0 0.1404 0.006106
[3673] (16.92) 18.3390: 0.09778 0 0.1402 0.006091
[3674] (16.93) 18.3446: 0.09768 0 0.1401 0.00606
[3675] (16.93) 18.3503: 0.09755 0 0.1401 0.006013
[3676] (16.94) 18.3559: 0.09738 0 0.14 0.005951
[3677] (16.94) 18.3616: 0.09737 0 0.1399 0.005876
[3678] (16.94) 18.3672: 0.09739 0 0.1397 0.005799
[3679] (16.95) 18.3729: 0.09737 0 0.1396 0.005953
[3680] (16.95) 18.3785: 0.09732 0 0.1396 0.006079
[3681] (16.96) 18.3842: 0.09722 0 0.1394 0.006176
[3682] (16.96) 18.3898: 0.0971 0 0.1392 0.006244
[3683] (16.96) 18.3955: 0.09694 0 0.1391 0.006283
[3684] (16.97) 18.4011: 0.09675 0 0.139 0.006294
[3685] (16.97) 18.4068: 0.09661 0 0.1389 0.006277
[3686] (16.98) 18.4124: 0.09664 0 0.1387 0.006234
[3687] (16.98) 18.4181: 0.09663 0 0.1385 0.006166
[3688] (16.98) 18.4237: 0.09658 0 0.1383 0.006076
[3689] (16.99) 18.4294: 0.09649 0 0.1382 0.005966
[3690] (16.99) 18.4364: 0.09632 0 0.138 0.00603
[3691] (17) 18.4434: 0.0961 0 0.1377 0.006199
[3692] (17) 18.4503: 0.09585 0 0.1374 0.006322
[3693] (17) 18.4573: 0.09555 0 0.1372 0.006399
[3694] (17.01) 18.4643: 0.09557 0 0.1368 0.00643
[3695] (17.01) 18.4712: 0.09553 0 0.1364 0.006417
[3696] (17.02) 18.4782: 0.09543 0 0.136 0.006363
[3697] (17.02) 18.4851: 0.09526 0 0.1357 0.006269
[3698] (17.03) 18.4921: 0.09504 0 0.1353 0.006141
[3699] (17.03) 18.4990: 0.09478 0 0.1347 0.005999
[3700] (17.03) 18.5060: 0.09448 0 0.1343 0.00618
[3701] (17.04) 18.5130: 0.09418 0 0.1338 0.006315
[3702] (17.04) 18.5199: 0.09416 0 0.1333 0.006403
[3703] (17.05) 18.5269: 0.09409 0 0.1327 0.006445
[3704] (17.05) 18.5338: 0.09396 0 0.1329 0.006442
[3705] (17.05) 18.5408: 0.09377 0 0.133 0.006397
[3706] (17.06) 18.5477: 0.09353 0 0.1331 0.006311
[3707] (17.06) 18.5547: 0.09324 0 0.1331 0.006189
[3708] (17.07) 18.5617: 0.09373 0 0.1331 0.006036
[3709] (17.07) 18.5686: 0.09414 0 0.1332 0.006131
[3710] (17.07) 18.5756: 0.09448 0 0.1333 0.006275
[3711] (17.08) 18.5825: 0.09474 0 0.1334 0.006374
[3712] (17.08) 18.5895: 0.09494 0 0.1335 0.006426
[3713] (17.09) 18.5965: 0.09508 0 0.1335 0.006434
[3714] (17.09) 18.6034: 0.09517 0 0.1335 0.006398
[3715] (17.09) 18.6104: 0.0953 0 0.1335 0.006321
[3716] (17.1) 18.6173: 0.09557 0 0.1336 0.006206
[3717] (17.1) 18.6243: 0.09578 0 0.1337 0.006059
[3718] (17.11) 18.6312: 0.09593 0 0.1338 0.005959
[3719] (17.11) 18.6382: 0.09604 0 0.1338 0.0061
[3720] (17.11) 18.6452: 0.09612 0 0.1338 0.0062
[3721] (17.12) 18.6521: 0.09616 0 0.1338 0.006257
[3722] (17.12) 18.6591: 0.09619 0 0.1338 0.006272
[3723] (17.13) 18.6660: 0.0962 0 0.1338 0.006246
[3724] (17.13) 18.6730: 0.09634 0 0.1338 0.006181
[3725] (17.14) 18.6799: 0.09657 0 0.1339 0.00608
[3726] (17.14) 18.6869: 0.09675 0 0.1339 0.005947
[3727] (17.14) 18.6939: 0.0969 0 0.1338 0.005947
[3728] (17.15) 18.7008: 0.09701 0 0.1338 0.00599
[3729] (17.15) 18.7078: 0.0971 0 0.1338 0.006087
[3730] (17.16) 18.7147: 0.09717 0 0.1337 0.006142
[3731] (17.16) 18.7217: 0.09722 0 0.1337 0.006157
[3732] (17.16) 18.7286: 0.09749 0 0.1337 0.006133
[3733] (17.17) 18.7356: 0.09777 0 0.1336 0.00607
[3734] (17.17) 18.7426: 0.09821 0 0.1336 0.005972
[3735] (17.18) 18.7495: 0.09862 0 0.1335 0.005842
[3736] (17.18) 18.7565: 0.09899 0 0.1335 0.005747
[3737] (17.18) 18.7634: 0.09931 0 0.1334 0.005858
[3738] (17.19) 18.7704: 0.09957 0 0.1333 0.005955
[3739] (17.19) 18.7774: 0.09978 0 0.1332 0.006014
[3740] (17.2) 18.7843: 0.09992 0 0.1331 0.006033
[3741] (17.2) 18.7913: 0.1 0 0.133 0.006013
[3742] (17.21) 18.7982: 0.1 0 0.1329 0.005955
[3743] (17.21) 18.8052: 0.1002 0 0.1328 0.005959
[3744] (17.21) 18.8121: 0.1005 0 0.1327 0.005952
[3745] (17.22) 18.8191: 0.1007 0 0.1326 0.00593
[3746] (17.22) 18.8261: 0.1008 0 0.1325 0.005892
[3747] (17.23) 18.8330: 0.101 0 0.1324 0.005897
[3748] (17.23) 18.8400: 0.1011 0 0.1323 0.005947
[3749] (17.23) 18.8469: 0.1012 0 0.1322 0.005957
[3750] (17.24) 18.8539: 0.1013 0 0.1321 0.005928
[3751] (17.24) 18.8608: 0.1015 0 0.1319 0.005878
[3752] (17.25) 18.8678: 0.1017 0 0.1318 0.005964
[3753] (17.25) 18.8748: 0.1019 0 0.1316 0.006028
[3754] (17.25) 18.8817: 0.102 0 0.1315 0.006072
[3755] (17.26) 18.8887: 0.1021 0 0.1314 0.006097
[3756] (17.26) 18.8956: 0.1021 0 0.1313 0.006103
[3757] (17.27) 18.9026: 0.1021 0 0.1311 0.006091
[3758] (17.27) 18.9095: 0.1021 0 0.1309 0.006062
[3759] (17.28) 18.9165: 0.1021 0 0.1307 0.006018
[3760] (17.28) 18.9235: 0.1021 0 0.1306 0.00596
[3761] (17.28) 18.9304: 0.1021 0 0.1305 0.005889
[3762] (17.29) 18.9374: 0.1022 0 0.1304 0.0059
[3763] (17.29) 18.9443: 0.1022 0 0.1307 0.006058
[3764] (17.3) 18.9513: 0.1023 0 0.1309 0.006173
[3765] (17.3) 18.9583: 0.1025 0 0.131 0.006241
[3766] (17.3) 18.9652: 0.1027 0 0.1311 0.006261
[3767] (17.31) 18.9722: 0.1029 0 0.1311 0.006232
[3768] (17.31) 18.9791: 0.1031 0 0.1311 0.006195
[3769] (17.32) 18.9861: 0.1032 0 0.131 0.006185
[3770] (17.32) 18.9930: 0.1033 0 0.1309 0.006157
[3771] (17.32) 19.0000: 0.1034 0 0.1311 0.006112
*Write time: 0.0501987. Average write time: 0.0602205.
[3772] (17.38) 19.0069: 0.1036 0 0.1312 0.00625
[3773] (17.38) 19.0138: 0.1037 0 0.1313 0.00635
[3774] (17.39) 19.0207: 0.1038 0 0.1314 0.006397
[3775] (17.39) 19.0275: 0.1038 0 0.1314 0.006392
[3776] (17.4) 19.0344: 0.1037 0 0.1314 0.006337
[3777] (17.4) 19.0412: 0.1036 0 0.1313 0.006236
[3778] (17.4) 19.0481: 0.1035 0 0.1312 0.006093
[3779] (17.41) 19.0549: 0.1036 0 0.1311 0.006049
[3780] (17.41) 19.0618: 0.1037 0 0.1309 0.006075
[3781] (17.42) 19.0686: 0.1037 0 0.1311 0.006201
[3782] (17.42) 19.0755: 0.1038 0 0.1311 0.006304
[3783] (17.42) 19.0823: 0.1037 0 0.1312 0.006385
[3784] (17.43) 19.0892: 0.1036 0 0.1311 0.006437
[3785] (17.43) 19.0960: 0.1038 0 0.1311 0.006459
[3786] (17.44) 19.1029: 0.1039 0 0.131 0.00645
[3787] (17.44) 19.1097: 0.104 0 0.1309 0.00641
[3788] (17.45) 19.1166: 0.104 0 0.1308 0.00634
[3789] (17.45) 19.1234: 0.1039 0 0.1307 0.006242
[3790] (17.46) 19.1303: 0.1038 0 0.1305 0.006115
[3791] (17.46) 19.1371: 0.1036 0 0.1304 0.006014
[3792] (17.46) 19.1440: 0.1034 0 0.1304 0.006113
[3793] (17.47) 19.1508: 0.1034 0 0.1305 0.006239
[3794] (17.47) 19.1577: 0.1034 0 0.1305 0.006337
[3795] (17.48) 19.1645: 0.1033 0 0.1306 0.006405
[3796] (17.48) 19.1714: 0.1032 0 0.1308 0.006443
[3797] (17.48) 19.1782: 0.103 0 0.1309 0.006451
[3798] (17.49) 19.1850: 0.1028 0 0.1311 0.006427
[3799] (17.49) 19.1919: 0.1025 0 0.1315 0.006375
[3800] (17.5) 19.1987: 0.1022 0 0.1318 0.006294
[3801] (17.5) 19.2056: 0.1019 0 0.1322 0.006187
[3802] (17.51) 19.2124: 0.1018 0 0.1327 0.006055
[3803] (17.51) 19.2193: 0.1017 0 0.1331 0.005974
[3804] (17.51) 19.2261: 0.1015 0 0.1335 0.005968
[3805] (17.52) 19.2330: 0.1013 0 0.1339 0.005931
[3806] (17.52) 19.2398: 0.101 0 0.1342 0.006083
[3807] (17.53) 19.2467: 0.1007 0 0.1344 0.00618
[3808] (17.53) 19.2535: 0.1003 0 0.1346 0.006222
[3809] (17.54) 19.2604: 0.09997 0 0.1348 0.006212
[3810] (17.54) 19.2672: 0.09958 0 0.1349 0.006156
[3811] (17.55) 19.2741: 0.09966 0 0.1348 0.006061
[3812] (17.55) 19.2809: 0.1001 0 0.1347 0.006135
[3813] (17.55) 19.2878: 0.1005 0 0.1347 0.006172
[3814] (17.56) 19.2946: 0.1008 0 0.1353 0.006173
[3815] (17.56) 19.3015: 0.1011 0 0.1358 0.006137
[3816] (17.57) 19.3083: 0.1012 0 0.1363 0.006066
[3817] (17.57) 19.3152: 0.1013 0 0.1366 0.005962
[3818] (17.58) 19.3220: 0.1014 0 0.1369 0.005849
[3819] (17.58) 19.3289: 0.1018 0 0.1371 0.005782
[3820] (17.58) 19.3357: 0.102 0 0.1372 0.005731
[3821] (17.59) 19.3426: 0.1023 0 0.1372 0.005852
[3822] (17.59) 19.3494: 0.1024 0 0.1371 0.005948
[3823] (17.6) 19.3563: 0.1028 0 0.1369 0.006014
[3824] (17.6) 19.3631: 0.1033 0 0.1366 0.006049
[3825] (17.6) 19.3700: 0.1036 0 0.1364 0.006054
[3826] (17.61) 19.3768: 0.1039 0 0.1371 0.006028
[3827] (17.61) 19.3837: 0.1041 0 0.1376 0.005975
[3828] (17.62) 19.3905: 0.1042 0 0.138 0.005895
[3829] (17.62) 19.3973: 0.1042 0 0.1383 0.005834
[3830] (17.63) 19.4042: 0.1042 0 0.1384 0.005839
[3831] (17.63) 19.4110: 0.1042 0 0.1384 0.005842
[3832] (17.63) 19.4179: 0.1045 0 0.1383 0.005842
[3833] (17.64) 19.4247: 0.1046 0 0.138 0.005838
[3834] (17.64) 19.4316: 0.1047 0 0.1376 0.005836
[3835] (17.65) 19.4384: 0.1047 0 0.137 0.005878
[3836] (17.65) 19.4453: 0.1047 0 0.1369 0.005897
[3837] (17.66) 19.4521: 0.1046 0 0.1373 0.005892
[3838] (17.66) 19.4590: 0.1045 0 0.1376 0.005866
[3839] (17.67) 19.4658: 0.1043 0 0.1379 0.005822
[3840] (17.67) 19.4727: 0.1042 0 0.1379 0.005766
[3841] (17.67) 19.4795: 0.1042 0 0.1379 0.005798
[3842] (17.68) 19.4864: 0.1042 0 0.1378 0.005827
[3843] (17.68) 19.4932: 0.1041 0 0.1375 0.005853
[3844] (17.69) 19.5001: 0.104 0 0.1371 0.005874
[3845] (17.69) 19.5069: 0.1039 0 0.1366 0.005892
[3846] (17.69) 19.5138: 0.1039 0 0.1359 0.005904
[3847] (17.7) 19.5206: 0.1039 0 0.1363 0.005912
[3848] (17.7) 19.5275: 0.1038 0 0.1367 0.005915
[3849] (17.71) 19.5343: 0.1042 0 0.1369 0.005913
[3850] (17.71) 19.5412: 0.1046 0 0.137 0.005905
[3851] (17.71) 19.5480: 0.1049 0 0.1368 0.005892
[3852] (17.72) 19.5549: 0.1052 0 0.1364 0.005874
[3853] (17.72) 19.5617: 0.1055 0 0.1358 0.005851
[3854] (17.73) 19.5686: 0.1057 0 0.135 0.005823
[3855] (17.73) 19.5754: 0.1061 0 0.1345 0.00579
[3856] (17.74) 19.5823: 0.1065 0 0.1342 0.005752
[3857] (17.74) 19.5891: 0.1068 0 0.1346 0.005736
[3858] (17.74) 19.5959: 0.1071 0 0.1349 0.005742
[3859] (17.75) 19.6028: 0.1073 0 0.1349 0.005748
[3860] (17.75) 19.6096: 0.1075 0 0.1348 0.005752
[3861] (17.76) 19.6165: 0.1076 0 0.1344 0.005755
[3862] (17.76) 19.6233: 0.1076 0 0.1338 0.005757
[3863] (17.76) 19.6302: 0.1076 0 0.133 0.005758
[3864] (17.77) 19.6370: 0.1077 0 0.1321 0.005758
[3865] (17.77) 19.6439: 0.1079 0 0.1314 0.005757
[3866] (17.78) 19.6507: 0.108 0 0.1319 0.005755
[3867] (17.78) 19.6576: 0.1081 0 0.1323 0.005752
[3868] (17.79) 19.6644: 0.1081 0 0.1324 0.005747
[3869] (17.79) 19.6713: 0.108 0 0.1324 0.005741
[3870] (17.79) 19.6781: 0.1081 0 0.1321 0.005733
[3871] (17.8) 19.6850: 0.1082 0 0.1315 0.005724
[3872] (17.8) 19.6918: 0.1083 0 0.1308 0.005712
[3873] (17.81) 19.6987: 0.1084 0 0.1299 0.005699
[3874] (17.81) 19.7055: 0.1085 0 0.1288 0.005683
[3875] (17.81) 19.7124: 0.1085 0 0.1275 0.005666
[3876] (17.82) 19.7192: 0.1085 0 0.128 0.005646
[3877] (17.82) 19.7261: 0.1086 0 0.1283 0.005624
[3878] (17.83) 19.7329: 0.1087 0 0.1284 0.005615
[3879] (17.83) 19.7398: 0.1087 0 0.1283 0.005608
[3880] (17.84) 19.7466: 0.1087 0 0.1279 0.005609
[3881] (17.84) 19.7535: 0.1087 0 0.1273 0.005619
[3882] (17.84) 19.7603: 0.1086 0 0.1264 0.005613
[3883] (17.85) 19.7672: 0.1085 0 0.1254 0.005589
[3884] (17.85) 19.7740: 0.1084 0 0.1243 0.005558
[3885] (17.86) 19.7809: 0.1083 0 0.1236 0.00557
[3886] (17.86) 19.7877: 0.1082 0 0.1241 0.005586
[3887] (17.86) 19.7946: 0.1082 0 0.1243 0.005599
[3888] (17.87) 19.8014: 0.1081 0 0.1243 0.00561
[3889] (17.87) 19.8082: 0.108 0 0.124 0.005618
[3890] (17.88) 19.8151: 0.1079 0 0.1236 0.005624
[3891] (17.88) 19.8219: 0.1077 0 0.1229 0.00563
[3892] (17.88) 19.8288: 0.1076 0 0.122 0.005634
[3893] (17.89) 19.8356: 0.1074 0 0.121 0.005635
[3894] (17.89) 19.8425: 0.1072 0 0.1198 0.005632
[3895] (17.9) 19.8493: 0.107 0 0.1189 0.005625
[3896] (17.9) 19.8562: 0.1068 0 0.1192 0.005614
[3897] (17.9) 19.8630: 0.1066 0 0.1193 0.005602
[3898] (17.91) 19.8699: 0.1064 0 0.1192 0.005631
[3899] (17.91) 19.8767: 0.1061 0 0.1189 0.005658
[3900] (17.92) 19.8836: 0.1059 0 0.1184 0.005682
[3901] (17.92) 19.8904: 0.1058 0 0.1176 0.00571
[3902] (17.93) 19.8973: 0.1056 0 0.1168 0.00573
[3903] (17.93) 19.9041: 0.1054 0 0.1157 0.005753
[3904] (17.93) 19.9110: 0.1052 0 0.1145 0.005825
[3905] (17.94) 19.9178: 0.105 0 0.1139 0.005894
[3906] (17.94) 19.9260: 0.1047 0 0.1141 0.005971
[3907] (17.95) 19.9334: 0.1045 0 0.1141 0.006034
[3908] (17.95) 19.9408: 0.1042 0 0.1138 0.00609
[3909] (17.95) 19.9482: 0.1039 0 0.1133 0.006139
[3910] (17.96) 19.9556: 0.1036 0 0.1126 0.006181
[3911] (17.96) 19.9630: 0.1032 0 0.1117 0.006213
[3912] (17.97) 19.9704: 0.1029 0 0.1114 0.006237
[3913] (17.97) 19.9778: 0.103 0 0.111 0.006251
[3914] (17.97) 19.9852: 0.1035 0 0.1106 0.006256
[3915] (17.98) 19.9926: 0.1041 0 0.1103 0.006251
[3916] (17.98) 20.0000: 0.1047 0 0.1103 0.006237
*Write time: 0.0485679. Average write time: 0.0596379.
[3917] (18.04) 20.0074: 0.1052 0 0.1105 0.006213
[3918] (18.04) 20.0147: 0.1057 0 0.1106 0.006182
[3919] (18.04) 20.0221: 0.1062 0 0.1108 0.006142
[3920] (18.05) 20.0294: 0.1067 0 0.111 0.006096
[3921] (18.05) 20.0368: 0.1072 0 0.1112 0.006135
[3922] (18.06) 20.0441: 0.1076 0 0.1114 0.006175
[3923] (18.06) 20.0515: 0.1079 0 0.1115 0.006206
[3924] (18.07) 20.0588: 0.1084 0 0.1117 0.006228
[3925] (18.07) 20.0662: 0.109 0 0.1118 0.00624
[3926] (18.07) 20.0735: 0.1095 0 0.1119 0.006243
[3927] (18.08) 20.0809: 0.11 0 0.112 0.006237
[3928] (18.08) 20.0882: 0.1104 0 0.1122 0.006222
[3929] (18.09) 20.0956: 0.1108 0 0.1123 0.006198
[3930] (18.09) 20.1029: 0.1111 0 0.1125 0.006166
[3931] (18.1) 20.1103: 0.1114 0 0.1126 0.006126
[3932] (18.1) 20.1176: 0.1116 0 0.1126 0.00608
[3933] (18.1) 20.1250: 0.1117 0 0.1126 0.006028
[3934] (18.11) 20.1324: 0.112 0 0.1126 0.005971
[3935] (18.11) 20.1397: 0.1124 0 0.1126 0.005937
[3936] (18.12) 20.1471: 0.1127 0 0.1127 0.005909
[3937] (18.12) 20.1544: 0.113 0 0.1128 0.005875
[3938] (18.12) 20.1618: 0.1132 0 0.1129 0.005935
[3939] (18.13) 20.1691: 0.1133 0 0.1129 0.005989
[3940] (18.13) 20.1765: 0.1134 0 0.1128 0.006034
[3941] (18.14) 20.1838: 0.1135 0 0.1127 0.006071
[3942] (18.14) 20.1912: 0.1134 0 0.1127 0.006098
[3943] (18.15) 20.1985: 0.1136 0 0.1128 0.006115
[3944] (18.15) 20.2059: 0.1138 0 0.1128 0.006124
[3945] (18.15) 20.2132: 0.1139 0 0.1129 0.006123
[3946] (18.16) 20.2206: 0.1139 0 0.1129 0.006114
[3947] (18.16) 20.2279: 0.1139 0 0.1129 0.006097
[3948] (18.17) 20.2353: 0.1137 0 0.1128 0.006073
[3949] (18.17) 20.2426: 0.1136 0 0.1126 0.006043
[3950] (18.17) 20.2500: 0.1137 0 0.1125 0.006008
[3951] (18.18) 20.2574: 0.1142 0 0.1124 0.005968
[3952] (18.18) 20.2647: 0.1145 0 0.1123 0.005924
[3953] (18.19) 20.2721: 0.1149 0 0.1123 0.005878
[3954] (18.19) 20.2794: 0.1152 0 0.1124 0.005831
[3955] (18.19) 20.2868: 0.1154 0 0.1123 0.005806
[3956] (18.2) 20.2941: 0.1156 0 0.1122 0.005838
[3957] (18.2) 20.3015: 0.1158 0 0.1121 0.005864
[3958] (18.21) 20.3088: 0.1159 0 0.1119 0.005882
[3959] (18.21) 20.3162: 0.1162 0 0.1117 0.005892
[3960] (18.21) 20.3235: 0.1165 0 0.1116 0.005895
[3961] (18.22) 20.3309: 0.1166 0 0.1114 0.005891
[3962] (18.22) 20.3382: 0.1167 0 0.1112 0.00588
[3963] (18.23) 20.3456: 0.1167 0 0.111 0.005863
[3964] (18.23) 20.3529: 0.1167 0 0.1107 0.00584
[3965] (18.23) 20.3603: 0.1166 0 0.1105 0.005811
[3966] (18.24) 20.3676: 0.1165 0 0.1104 0.005778
[3967] (18.24) 20.3750: 0.1163 0 0.1102 0.005809
[3968] (18.25) 20.3824: 0.1163 0 0.11 0.005839
[3969] (18.25) 20.3897: 0.1165 0 0.1099 0.005862
[3970] (18.26) 20.3971: 0.1167 0 0.1098 0.005878
[3971] (18.26) 20.4044: 0.1168 0 0.1096 0.005887
[3972] (18.26) 20.4118: 0.117 0 0.1093 0.005888
[3973] (18.27) 20.4191: 0.1171 0 0.109 0.005882
[3974] (18.27) 20.4265: 0.1174 0 0.1087 0.005869
[3975] (18.27) 20.4338: 0.1177 0 0.1086 0.005849
[3976] (18.28) 20.4412: 0.1179 0 0.1087 0.00587
[3977] (18.28) 20.4485: 0.1182 0 0.1087 0.005912
[3978] (18.29) 20.4559: 0.1186 0 0.1089 0.005949
[3979] (18.29) 20.4632: 0.119 0 0.1091 0.005977
[3980] (18.29) 20.4706: 0.1194 0 0.1092 0.005998
[3981] (18.3) 20.4779: 0.1197 0 0.1093 0.00601
[3982] (18.3) 20.4853: 0.12 0 0.1093 0.006013
[3983] (18.31) 20.4926: 0.1203 0 0.1093 0.006006
[3984] (18.31) 20.5000: 0.1206 0 0.1093 0.005991
[3985] (18.31) 20.5074: 0.1208 0 0.1094 0.005966
[3986] (18.32) 20.5147: 0.1209 0 0.1095 0.005933
[3987] (18.32) 20.5221: 0.121 0 0.1096 0.005891
[3988] (18.33) 20.5294: 0.1211 0 0.1096 0.005842
[3989] (18.33) 20.5368: 0.1211 0 0.1099 0.005804
[3990] (18.33) 20.5441: 0.1211 0 0.1103 0.005833
[3991] (18.34) 20.5515: 0.121 0 0.1107 0.005856
[3992] (18.34) 20.5588: 0.1214 0 0.1108 0.00587
[3993] (18.35) 20.5662: 0.1218 0 0.111 0.005877
[3994] (18.35) 20.5735: 0.1221 0 0.1116 0.005874
[3995] (18.35) 20.5809: 0.1224 0 0.112 0.005862
[3996] (18.36) 20.5882: 0.1226 0 0.1123 0.005841
[3997] (18.36) 20.5956: 0.1227 0 0.1125 0.00582
[3998] (18.37) 20.6029: 0.1228 0 0.1125 0.005834
[3999] (18.37) 20.6103: 0.1229 0 0.1128 0.005839
[4000] (18.37) 20.6176: 0.1229 0 0.1132 0.005834
[4001] (18.38) 20.6250: 0.1228 0 0.1135 0.005861
[4002] (18.38) 20.6324: 0.1228 0 0.1137 0.005902
[4003] (18.39) 20.6397: 0.1233 0 0.1137 0.005937
[4004] (18.39) 20.6471: 0.1237 0 0.1137 0.005966
[4005] (18.39) 20.6544: 0.124 0 0.1141 0.005987
[4006] (18.4) 20.6618: 0.1242 0 0.1145 0.006001
[4007] (18.4) 20.6691: 0.1244 0 0.1147 0.006007
[4008] (18.41) 20.6765: 0.1245 0 0.1148 0.006004
[4009] (18.41) 20.6838: 0.1246 0 0.1147 0.005992
[4010] (18.41) 20.6912: 0.1245 0 0.115 0.005971
[4011] (18.42) 20.6985: 0.1245 0 0.1154 0.005941
[4012] (18.42) 20.7059: 0.1247 0 0.1156 0.005982
[4013] (18.43) 20.7132: 0.1251 0 0.1157 0.006017
[4014] (18.43) 20.7206: 0.1254 0 0.1157 0.006044
[4015] (18.43) 20.7279: 0.1257 0 0.1155 0.006064
[4016] (18.44) 20.7353: 0.1258 0 0.1159 0.006077
[4017] (18.44) 20.7426: 0.1259 0 0.1162 0.006082
[4018] (18.45) 20.7500: 0.1259 0 0.1163 0.006079
[4019] (18.45) 20.7574: 0.1259 0 0.1164 0.006069
[4020] (18.45) 20.7647: 0.1258 0 0.1162 0.00605
[4021] (18.46) 20.7721: 0.1262 0 0.116 0.006024
[4022] (18.46) 20.7794: 0.1264 0 0.1164 0.005989
[4023] (18.47) 20.7868: 0.1266 0 0.1166 0.005947
[4024] (18.47) 20.7941: 0.1268 0 0.1167 0.005935
[4025] (18.47) 20.8015: 0.1269 0 0.1166 0.005933
[4026] (18.48) 20.8088: 0.1269 0 0.1163 0.005916
[4027] (18.48) 20.8162: 0.1269 0 0.116 0.005883
[4028] (18.49) 20.8235: 0.1268 0 0.1162 0.005904
[4029] (18.49) 20.8309: 0.127 0 0.1164 0.005969
[4030] (18.49) 20.8382: 0.1272 0 0.1164 0.006026
[4031] (18.5) 20.8456: 0.1273 0 0.1162 0.006073
[4032] (18.5) 20.8529: 0.1274 0 0.1159 0.006111
[4033] (18.51) 20.8603: 0.1275 0 0.1157 0.006139
[4034] (18.51) 20.8676: 0.1275 0 0.1157 0.006155
[4035] (18.51) 20.8750: 0.1274 0 0.1156 0.00616
[4036] (18.52) 20.8824: 0.1275 0 0.1157 0.006153
[4037] (18.52) 20.8897: 0.1277 0 0.1158 0.006133
[4038] (18.53) 20.8971: 0.1278 0 0.1159 0.006102
[4039] (18.53) 20.9044: 0.128 0 0.1161 0.006058
[4040] (18.54) 20.9118: 0.1281 0 0.1163 0.006003
[4041] (18.54) 20.9191: 0.1283 0 0.1164 0.005937
[4042] (18.54) 20.9265: 0.1284 0 0.1166 0.005862
[4043] (18.55) 20.9338: 0.1285 0 0.1166 0.005851
[4044] (18.55) 20.9412: 0.1285 0 0.1167 0.005884
[4045] (18.56) 20.9485: 0.1286 0 0.1167 0.005898
[4046] (18.56) 20.9559: 0.1286 0 0.1169 0.005914
[4047] (18.56) 20.9632: 0.1286 0 0.117 0.00592
[4048] (18.57) 20.9706: 0.1286 0 0.1171 0.005916
[4049] (18.57) 20.9779: 0.1286 0 0.1172 0.005902
[4050] (18.58) 20.9853: 0.1286 0 0.1172 0.005896
[4051] (18.58) 20.9926: 0.1286 0 0.1173 0.005898
[4052] (18.58) 21.0000: 0.1286 0 0.1172 0.005886
*Write time: 0.0509604. Average write time: 0.0592246.
[4053] (18.64) 21.0074: 0.1286 0 0.1172 0.005963
[4054] (18.65) 21.0147: 0.1286 0 0.1172 0.00603
[4055] (18.65) 21.0221: 0.1286 0 0.1173 0.006075
[4056] (18.65) 21.0294: 0.1286 0 0.1173 0.006097
[4057] (18.66) 21.0368: 0.1285 0 0.1173 0.006097
[4058] (18.66) 21.0441: 0.1285 0 0.1173 0.006075
[4059] (18.67) 21.0515: 0.1286 0 0.1173 0.006033
[4060] (18.67) 21.0588: 0.1286 0 0.1172 0.006023
[4061] (18.67) 21.0662: 0.1285 0 0.1171 0.00601
[4062] (18.68) 21.0735: 0.1285 0 0.117 0.005978
[4063] (18.68) 21.0809: 0.1285 0 0.117 0.006059
[4064] (18.69) 21.0882: 0.1284 0 0.117 0.006171
[4065] (18.69) 21.0956: 0.1283 0 0.117 0.006258
[4066] (18.69) 21.1029: 0.1282 0 0.1169 0.006317
[4067] (18.7) 21.1103: 0.1281 0 0.1168 0.00635
[4068] (18.7) 21.1176: 0.128 0 0.1166 0.006357
[4069] (18.71) 21.1250: 0.1279 0 0.1165 0.006337
[4070] (18.71) 21.1324: 0.1278 0 0.1163 0.006292
[4071] (18.71) 21.1397: 0.1277 0 0.1163 0.006223
[4072] (18.72) 21.1471: 0.1275 0 0.1165 0.006153
[4073] (18.72) 21.1544: 0.1274 0 0.1166 0.006103
[4074] (18.73) 21.1618: 0.1273 0 0.1173 0.00613
[4075] (18.73) 21.1691: 0.1271 0 0.1179 0.006268
[4076] (18.74) 21.1765: 0.127 0 0.1183 0.006376
[4077] (18.74) 21.1838: 0.1268 0 0.1185 0.006454
[4078] (18.74) 21.1912: 0.1266 0 0.1186 0.006502
[4079] (18.75) 21.1985: 0.1265 0 0.1189 0.00652
[4080] (18.75) 21.2059: 0.1263 0 0.1194 0.006508
[4081] (18.76) 21.2132: 0.1261 0 0.1198 0.006467
[4082] (18.76) 21.2206: 0.1259 0 0.1201 0.006397
[4083] (18.76) 21.2279: 0.1258 0 0.1201 0.0063
[4084] (18.77) 21.2353: 0.1256 0 0.1201 0.006177
[4085] (18.77) 21.2426: 0.1254 0 0.1206 0.006157
[4086] (18.78) 21.2500: 0.1253 0 0.121 0.006323
[4087] (18.78) 21.2574: 0.1251 0 0.1212 0.006459
[4088] (18.79) 21.2647: 0.1249 0 0.1213 0.006562
[4089] (18.79) 21.2721: 0.1247 0 0.1212 0.006632
[4090] (18.79) 21.2794: 0.1245 0 0.1213 0.006668
[4091] (18.8) 21.2868: 0.1243 0 0.1217 0.006672
[4092] (18.8) 21.2941: 0.1241 0 0.1219 0.006642
[4093] (18.81) 21.3015: 0.1239 0 0.1219 0.00658
[4094] (18.81) 21.3088: 0.124 0 0.1219 0.006487
[4095] (18.81) 21.3162: 0.124 0 0.1216 0.006364
[4096] (18.82) 21.3235: 0.1241 0 0.122 0.006213
[4097] (18.82) 21.3309: 0.1242 0 0.1222 0.006165
[4098] (18.83) 21.3382: 0.1244 0 0.1222 0.006322
[4099] (18.83) 21.3456: 0.1244 0 0.1222 0.006447
[4100] (18.84) 21.3529: 0.1245 0 0.122 0.006537
[4101] (18.84) 21.3603: 0.1244 0 0.1218 0.006592
[4102] (18.84) 21.3676: 0.1244 0 0.122 0.006613
[4103] (18.85) 21.3750: 0.1243 0 0.1221 0.006598
[4104] (18.85) 21.3824: 0.1243 0 0.122 0.006548
[4105] (18.86) 21.3897: 0.1244 0 0.1218 0.006465
[4106] (18.86) 21.3971: 0.1244 0 0.1215 0.006349
[4107] (18.86) 21.4044: 0.1243 0 0.1214 0.006201
[4108] (18.87) 21.4118: 0.1242 0 0.1215 0.006025
[4109] (18.87) 21.4191: 0.124 0 0.1215 0.00611
[4110] (18.88) 21.4265: 0.1239 0 0.1213 0.006263
[4111] (18.88) 21.4338: 0.1239 0 0.121 0.006382
[4112] (18.88) 21.4412: 0.1238 0 0.1207 0.006466
[4113] (18.89) 21.4485: 0.1237 0 0.1205 0.006515
[4114] (18.89) 21.4559: 0.1236 0 0.1205 0.006527
[4115] (18.9) 21.4632: 0.1234 0 0.1204 0.006504
[4116] (18.9) 21.4706: 0.1232 0 0.1201 0.006444
[4117] (18.9) 21.4779: 0.123 0 0.1198 0.00635
[4118] (18.91) 21.4853: 0.1228 0 0.1194 0.006223
[4119] (18.91) 21.4926: 0.1226 0 0.119 0.006064
[4120] (18.92) 21.5000: 0.1225 0 0.1189 0.005876
[4121] (18.92) 21.5074: 0.1223 0 0.1187 0.005952
[4122] (18.93) 21.5147: 0.1221 0 0.1184 0.006092
[4123] (18.93) 21.5221: 0.1219 0 0.118 0.0062
[4124] (18.93) 21.5294: 0.1218 0 0.1176 0.006273
[4125] (18.94) 21.5368: 0.1217 0 0.1171 0.006312
[4126] (18.94) 21.5441: 0.1215 0 0.1169 0.006315
[4127] (18.95) 21.5515: 0.1214 0 0.1167 0.006284
[4128] (18.95) 21.5588: 0.1212 0 0.1163 0.006218
[4129] (18.95) 21.5662: 0.1211 0 0.1159 0.006118
[4130] (18.96) 21.5735: 0.1209 0 0.1155 0.005985
[4131] (18.96) 21.5809: 0.1207 0 0.115 0.005869
[4132] (18.97) 21.5882: 0.1205 0 0.1145 0.005831
[4133] (18.97) 21.5956: 0.1204 0 0.1141 0.00578
[4134] (18.98) 21.6029: 0.1202 0 0.1138 0.005764
[4135] (18.98) 21.6103: 0.12 0 0.1133 0.005873
[4136] (18.98) 21.6176: 0.1198 0 0.1129 0.00595
[4137] (18.99) 21.6250: 0.1196 0 0.1124 0.005996
[4138] (18.99) 21.6324: 0.1193 0 0.112 0.006009
[4139] (19) 21.6397: 0.1191 0 0.1115 0.005989
[4140] (19) 21.6471: 0.1188 0 0.1112 0.005938
[4141] (19) 21.6544: 0.1185 0 0.1112 0.005854
[4142] (19.01) 21.6618: 0.1182 0 0.1111 0.00574
[4143] (19.01) 21.6691: 0.1179 0 0.1111 0.005597
[4144] (19.02) 21.6765: 0.1177 0 0.1111 0.005592
[4145] (19.02) 21.6838: 0.1175 0 0.1111 0.005578
[4146] (19.02) 21.6912: 0.1174 0 0.1111 0.005562
[4147] (19.03) 21.6985: 0.1172 0 0.1111 0.005585
[4148] (19.03) 21.7059: 0.1171 0 0.1111 0.005667
[4149] (19.04) 21.7132: 0.1169 0 0.1115 0.005722
[4150] (19.04) 21.7206: 0.1168 0 0.1119 0.005749
[4151] (19.05) 21.7279: 0.1166 0 0.1121 0.005748
[4152] (19.05) 21.7353: 0.1165 0 0.1123 0.005719
[4153] (19.05) 21.7426: 0.1163 0 0.113 0.005677
[4154] (19.06) 21.7500: 0.1162 0 0.1138 0.005691
[4155] (19.06) 21.7574: 0.116 0 0.1144 0.005773
[4156] (19.07) 21.7647: 0.1158 0 0.115 0.005834
[4157] (19.07) 21.7721: 0.1156 0 0.1154 0.00586
[4158] (19.07) 21.7794: 0.1154 0 0.1157 0.005851
[4159] (19.08) 21.7868: 0.1152 0 0.116 0.005813
[4160] (19.08) 21.7941: 0.1149 0 0.1161 0.00575
[4161] (19.09) 21.8015: 0.1147 0 0.1162 0.005733
[4162] (19.09) 21.8088: 0.1145 0 0.1163 0.005881
[4163] (19.09) 21.8162: 0.1142 0 0.1163 0.00599
[4164] (19.1) 21.8235: 0.114 0 0.1166 0.00606
[4165] (19.1) 21.8309: 0.114 0 0.117 0.006093
[4166] (19.11) 21.8382: 0.114 0 0.1174 0.006091
[4167] (19.11) 21.8456: 0.114 0 0.1176 0.006057
[4168] (19.12) 21.8529: 0.1139 0 0.1177 0.005996
[4169] (19.12) 21.8603: 0.1139 0 0.1178 0.005914
[4170] (19.12) 21.8676: 0.1139 0 0.1178 0.005816
[4171] (19.13) 21.8750: 0.1138 0 0.1178 0.005865
[4172] (19.13) 21.8824: 0.1138 0 0.1177 0.005936
[4173] (19.14) 21.8897: 0.1137 0 0.1175 0.005973
[4174] (19.14) 21.8971: 0.1137 0 0.1174 0.005979
[4175] (19.14) 21.9044: 0.1136 0 0.1172 0.005956
[4176] (19.15) 21.9118: 0.1135 0 0.1171 0.005909
[4177] (19.15) 21.9191: 0.1135 0 0.1172 0.005884
[4178] (19.16) 21.9265: 0.1134 0 0.1171 0.005911
[4179] (19.16) 21.9338: 0.1134 0 0.117 0.00588
[4180] (19.17) 21.9412: 0.1133 0 0.1168 0.005798
[4181] (19.17) 21.9485: 0.1132 0 0.1166 0.00576
[4182] (19.17) 21.9559: 0.1131 0 0.1163 0.005797
[4183] (19.18) 21.9632: 0.113 0 0.1159 0.005916
[4184] (19.18) 21.9706: 0.1129 0 0.1161 0.006006
[4185] (19.19) 21.9779: 0.1128 0 0.1166 0.006041
[4186] (19.19) 21.9853: 0.1127 0 0.117 0.006021
[4187] (19.19) 21.9926: 0.1126 0 0.1175 0.005952
[4188] (19.2) 22.0000: 0.1125 0 0.1179 0.005839
*Write time: 0.0553035. Average write time: 0.0590464.
[4189] (19.26) 22.0074: 0.1123 0 0.1183 0.005851
[4190] (19.26) 22.0147: 0.1122 0 0.1187 0.005972
[4191] (19.27) 22.0221: 0.112 0 0.1191 0.006045
[4192] (19.27) 22.0294: 0.1119 0 0.1194 0.006069
[4193] (19.27) 22.0368: 0.1117 0 0.1198 0.006046
[4194] (19.28) 22.0441: 0.1116 0 0.1201 0.005979
[4195] (19.28) 22.0515: 0.1115 0 0.1203 0.005875
[4196] (19.29) 22.0588: 0.1114 0 0.1205 0.005867
[4197] (19.29) 22.0662: 0.1113 0 0.1207 0.00595
[4198] (19.3) 22.0735: 0.1112 0 0.1207 0.005991
[4199] (19.3) 22.0809: 0.1111 0 0.1207 0.005991
[4200] (19.3) 22.0882: 0.1109 0 0.1208 0.005952
[4201] (19.31) 22.0956: 0.1108 0 0.1209 0.005878
[4202] (19.31) 22.1029: 0.1106 0 0.121 0.005775
[4203] (19.32) 22.1103: 0.1105 0 0.1211 0.005789
[4204] (19.32) 22.1176: 0.1103 0 0.121 0.005835
[4205] (19.32) 22.1250: 0.1102 0 0.121 0.005845
[4206] (19.33) 22.1324: 0.11 0 0.1208 0.00582
[4207] (19.33) 22.1397: 0.11 0 0.1206 0.005764
[4208] (19.34) 22.1471: 0.1102 0 0.1203 0.005793
[4209] (19.34) 22.1544: 0.1104 0 0.1201 0.005952
[4210] (19.35) 22.1618: 0.1105 0 0.12 0.006053
[4211] (19.35) 22.1691: 0.1107 0 0.1199 0.006089
[4212] (19.35) 22.1765: 0.1109 0 0.1197 0.006057
[4213] (19.36) 22.1838: 0.1111 0 0.1194 0.005958
[4214] (19.36) 22.1912: 0.1112 0 0.1191 0.005793
[4215] (19.37) 22.1985: 0.1114 0 0.1187 0.005765
[4216] (19.37) 22.2059: 0.1115 0 0.1183 0.005967
[4217] (19.37) 22.2132: 0.1116 0 0.118 0.006106
[4218] (19.38) 22.2206: 0.1117 0 0.1178 0.006178
[4219] (19.38) 22.2279: 0.1117 0 0.1175 0.006178
[4220] (19.39) 22.2353: 0.1118 0 0.1172 0.006107
[4221] (19.39) 22.2426: 0.1117 0 0.1171 0.005968
[4222] (19.4) 22.2500: 0.1117 0 0.1174 0.005765
[4223] (19.4) 22.2574: 0.1117 0 0.1176 0.005741
[4224] (19.4) 22.2647: 0.1117 0 0.1178 0.005834
[4225] (19.41) 22.2721: 0.1117 0 0.118 0.005982
[4226] (19.41) 22.2794: 0.1117 0 0.1181 0.00606
[4227] (19.42) 22.2868: 0.1116 0 0.1182 0.006065
[4228] (19.42) 22.2941: 0.1115 0 0.1182 0.005999
[4229] (19.42) 22.3015: 0.1114 0 0.1182 0.005866
[4230] (19.43) 22.3088: 0.1112 0 0.1182 0.00567
[4231] (19.43) 22.3162: 0.1111 0 0.1181 0.005601
[4232] (19.44) 22.3235: 0.1111 0 0.118 0.005667
[4233] (19.44) 22.3309: 0.111 0 0.1179 0.00569
[4234] (19.45) 22.3382: 0.1109 0 0.1179 0.005739
[4235] (19.45) 22.3456: 0.1107 0 0.1179 0.005783
[4236] (19.45) 22.3529: 0.1105 0 0.1179 0.00577
[4237] (19.46) 22.3603: 0.1103 0 0.1178 0.005798
[4238] (19.46) 22.3676: 0.1099 0 0.1177 0.005795
[4239] (19.47) 22.3750: 0.1098 0 0.1176 0.005801
[4240] (19.47) 22.3824: 0.1097 0 0.1174 0.005814
[4241] (19.47) 22.3897: 0.1095 0 0.1171 0.005781
[4242] (19.48) 22.3971: 0.1093 0 0.1168 0.005703
[4243] (19.48) 22.4044: 0.109 0 0.1165 0.005645
[4244] (19.49) 22.4118: 0.1087 0 0.1164 0.005723
[4245] (19.49) 22.4191: 0.1084 0 0.1163 0.005767
[4246] (19.5) 22.4265: 0.108 0 0.1161 0.005775
[4247] (19.5) 22.4338: 0.1075 0 0.1158 0.005748
[4248] (19.5) 22.4412: 0.1073 0 0.1155 0.005685
[4249] (19.51) 22.4485: 0.1071 0 0.1151 0.00559
[4250] (19.51) 22.4559: 0.1068 0 0.1147 0.005584
[4251] (19.52) 22.4632: 0.1065 0 0.1142 0.005552
[4252] (19.52) 22.4706: 0.1064 0 0.1141 0.00554
[4253] (19.52) 22.4779: 0.1065 0 0.1139 0.005514
[4254] (19.53) 22.4853: 0.1067 0 0.1137 0.005515
[4255] (19.53) 22.4926: 0.1071 0 0.1139 0.005634
[4256] (19.54) 22.5000: 0.1076 0 0.114 0.00572
[4257] (19.54) 22.5074: 0.108 0 0.1141 0.005768
[4258] (19.54) 22.5147: 0.1083 0 0.1142 0.005776
[4259] (19.55) 22.5221: 0.1087 0 0.1142 0.005743
[4260] (19.55) 22.5294: 0.109 0 0.1141 0.005671
[4261] (19.56) 22.5368: 0.1093 0 0.114 0.005562
[4262] (19.56) 22.5441: 0.1096 0 0.1141 0.005525
[4263] (19.57) 22.5515: 0.1098 0 0.1142 0.005525
[4264] (19.57) 22.5588: 0.11 0 0.1143 0.00563
[4265] (19.57) 22.5662: 0.1101 0 0.1143 0.005696
[4266] (19.58) 22.5735: 0.1102 0 0.1143 0.005722
[4267] (19.58) 22.5809: 0.1103 0 0.1143 0.005709
[4268] (19.59) 22.5882: 0.1102 0 0.1142 0.005659
[4269] (19.59) 22.5956: 0.1102 0 0.1141 0.005574
[4270] (19.59) 22.6029: 0.1101 0 0.1139 0.005514
[4271] (19.6) 22.6103: 0.11 0 0.1137 0.005523
[4272] (19.6) 22.6176: 0.1099 0 0.1134 0.005525
[4273] (19.61) 22.6250: 0.1098 0 0.1134 0.005528
[4274] (19.61) 22.6324: 0.1099 0 0.1134 0.005553
[4275] (19.61) 22.6397: 0.1102 0 0.1133 0.005588
[4276] (19.62) 22.6471: 0.1105 0 0.1132 0.005592
[4277] (19.62) 22.6544: 0.1107 0 0.113 0.005585
[4278] (19.63) 22.6618: 0.1108 0 0.1127 0.005584
[4279] (19.63) 22.6691: 0.1111 0 0.1124 0.005578
[4280] (19.64) 22.6765: 0.1114 0 0.112 0.005568
[4281] (19.64) 22.6838: 0.1116 0 0.112 0.00556
[4282] (19.64) 22.6912: 0.1118 0 0.1119 0.005565
[4283] (19.65) 22.6985: 0.1119 0 0.1117 0.005559
[4284] (19.65) 22.7059: 0.112 0 0.1115 0.005561
[4285] (19.66) 22.7132: 0.1121 0 0.1111 0.005588
[4286] (19.66) 22.7206: 0.1121 0 0.1107 0.005602
[4287] (19.66) 22.7279: 0.112 0 0.1103 0.005605
[4288] (19.67) 22.7353: 0.1122 0 0.1101 0.005598
[4289] (19.67) 22.7426: 0.1123 0 0.11 0.005625
[4290] (19.68) 22.7500: 0.1123 0 0.1098 0.005654
[4291] (19.68) 22.7574: 0.1123 0 0.1095 0.005674
[4292] (19.69) 22.7647: 0.1123 0 0.1091 0.005685
[4293] (19.69) 22.7721: 0.1122 0 0.1087 0.005685
[4294] (19.69) 22.7794: 0.1121 0 0.1082 0.005675
[4295] (19.7) 22.7868: 0.112 0 0.1082 0.005661
[4296] (19.7) 22.7941: 0.1121 0 0.1083 0.00572
[4297] (19.71) 22.8015: 0.112 0 0.1086 0.00576
[4298] (19.71) 22.8088: 0.112 0 0.1088 0.005779
[4299] (19.71) 22.8162: 0.1119 0 0.109 0.005779
[4300] (19.72) 22.8235: 0.1118 0 0.1091 0.005758
[4301] (19.72) 22.8309: 0.1116 0 0.1092 0.005721
[4302] (19.73) 22.8382: 0.1114 0 0.1093 0.00567
[4303] (19.73) 22.8456: 0.1113 0 0.1093 0.005684
[4304] (19.74) 22.8529: 0.1112 0 0.1092 0.005677
[4305] (19.74) 22.8603: 0.1111 0 0.1093 0.005652
[4306] (19.74) 22.8676: 0.111 0 0.1093 0.00566
[4307] (19.75) 22.8750: 0.1108 0 0.1094 0.005769
[4308] (19.75) 22.8824: 0.1107 0 0.1093 0.005857
[4309] (19.76) 22.8897: 0.1104 0 0.1093 0.00592
[4310] (19.76) 22.8971: 0.1102 0 0.1091 0.005955
[4311] (19.76) 22.9044: 0.1101 0 0.109 0.005961
[4312] (19.77) 22.9118: 0.11 0 0.1089 0.005938
[4313] (19.77) 22.9191: 0.1099 0 0.1089 0.005889
[4314] (19.78) 22.9265: 0.1097 0 0.1088 0.005816
[4315] (19.78) 22.9338: 0.1095 0 0.1089 0.00579
[4316] (19.78) 22.9412: 0.1093 0 0.109 0.005788
[4317] (19.79) 22.9485: 0.109 0 0.109 0.005758
[4318] (19.79) 22.9559: 0.1088 0 0.1089 0.005703
[4319] (19.8) 22.9632: 0.1085 0 0.1088 0.005628
[4320] (19.8) 22.9706: 0.1082 0 0.1086 0.00571
[4321] (19.8) 22.9779: 0.108 0 0.1085 0.005799
[4322] (19.81) 22.9853: 0.1078 0 0.1086 0.005858
[4323] (19.81) 22.9926: 0.1075 0 0.1087 0.005885
[4324] (19.82) 23.0000: 0.1072 0 0.1087 0.005878
*Write time: 0.0497258. Average write time: 0.0586412.
[4325] (19.87) 23.0074: 0.1069 0 0.1088 0.005838
[4326] (19.88) 23.0147: 0.1066 0 0.1089 0.005767
[4327] (19.88) 23.0221: 0.1062 0 0.109 0.00567
[4328] (19.88) 23.0294: 0.1059 0 0.109 0.005727
[4329] (19.89) 23.0368: 0.1055 0 0.109 0.005787
[4330] (19.89) 23.0441: 0.1053 0 0.109 0.00582
[4331] (19.9) 23.0515: 0.1056 0 0.1089 0.005821
[4332] (19.9) 23.0588: 0.1059 0 0.1088 0.00579
[4333] (19.91) 23.0662: 0.1061 0 0.1088 0.005858
[4334] (19.91) 23.0735: 0.1064 0 0.1088 0.005913
[4335] (19.91) 23.0809: 0.1066 0 0.1088 0.005937
[4336] (19.92) 23.0882: 0.1068 0 0.1087 0.005928
[4337] (19.92) 23.0956: 0.1069 0 0.1087 0.005885
[4338] (19.93) 23.1029: 0.1071 0 0.1088 0.005808
[4339] (19.93) 23.1103: 0.1073 0 0.109 0.005716
[4340] (19.93) 23.1176: 0.1076 0 0.1092 0.005729
[4341] (19.94) 23.1250: 0.108 0 0.1093 0.005806
[4342] (19.94) 23.1324: 0.1083 0 0.1094 0.005863
[4343] (19.95) 23.1397: 0.1086 0 0.1095 0.005896
[4344] (19.95) 23.1471: 0.1088 0 0.1096 0.0059
[4345] (19.95) 23.1544: 0.109 0 0.1096 0.005872
[4346] (19.96) 23.1618: 0.1091 0 0.1096 0.005811
[4347] (19.96) 23.1691: 0.1092 0 0.1096 0.005717
[4348] (19.97) 23.1765: 0.1094 0 0.1096 0.005701
[4349] (19.97) 23.1838: 0.1095 0 0.1097 0.005768
[4350] (19.98) 23.1912: 0.1096 0 0.1097 0.005818
[4351] (19.98) 23.1985: 0.1097 0 0.1097 0.005845
[4352] (19.98) 23.2059: 0.1097 0 0.11 0.005844
[4353] (19.99) 23.2132: 0.1097 0 0.1103 0.005812
[4354] (19.99) 23.2206: 0.1097 0 0.1105 0.005748
[4355] (20) 23.2279: 0.1099 0 0.1107 0.00565
[4356] (20) 23.2353: 0.1101 0 0.1109 0.005712
[4357] (20) 23.2426: 0.1103 0 0.1111 0.005814
[4358] (20.01) 23.2500: 0.1103 0 0.1113 0.00588
[4359] (20.01) 23.2574: 0.1104 0 0.1116 0.005908
[4360] (20.02) 23.2647: 0.1104 0 0.112 0.005895
[4361] (20.02) 23.2721: 0.1103 0 0.1124 0.0059
[4362] (20.02) 23.2794: 0.1102 0 0.1127 0.005885
[4363] (20.03) 23.2868: 0.1101 0 0.1129 0.00585
[4364] (20.03) 23.2941: 0.11 0 0.1132 0.005791
[4365] (20.04) 23.3015: 0.1099 0 0.1134 0.005833
[4366] (20.04) 23.3088: 0.1099 0 0.1135 0.005887
[4367] (20.05) 23.3162: 0.1099 0 0.1138 0.005967
[4368] (20.05) 23.3235: 0.11 0 0.1141 0.006025
[4369] (20.05) 23.3309: 0.11 0 0.1143 0.00606
[4370] (20.06) 23.3382: 0.1099 0 0.1145 0.006072
[4371] (20.06) 23.3456: 0.1098 0 0.1146 0.00606
[4372] (20.07) 23.3529: 0.1097 0 0.1149 0.006025
[4373] (20.07) 23.3603: 0.1096 0 0.1156 0.006018
[4374] (20.08) 23.3676: 0.1094 0 0.1163 0.006
[4375] (20.08) 23.3750: 0.1092 0 0.1169 0.005953
[4376] (20.08) 23.3824: 0.1089 0 0.1175 0.005879
[4377] (20.09) 23.3897: 0.1087 0 0.118 0.005852
[4378] (20.09) 23.3971: 0.1086 0 0.1185 0.005823
[4379] (20.1) 23.4044: 0.1085 0 0.1189 0.005774
[4380] (20.1) 23.4118: 0.1083 0 0.1194 0.005814
[4381] (20.1) 23.4191: 0.1081 0 0.1199 0.005862
[4382] (20.11) 23.4265: 0.1079 0 0.1204 0.005879
[4383] (20.11) 23.4338: 0.1076 0 0.1208 0.005891
[4384] (20.12) 23.4412: 0.1074 0 0.1212 0.005995
[4385] (20.12) 23.4485: 0.1071 0 0.1215 0.006057
[4386] (20.12) 23.4559: 0.1068 0 0.1217 0.006079
[4387] (20.13) 23.4632: 0.1065 0 0.1221 0.006061
[4388] (20.13) 23.4706: 0.1062 0 0.1225 0.006008
[4389] (20.14) 23.4779: 0.1065 0 0.1228 0.006019
[4390] (20.14) 23.4853: 0.1066 0 0.123 0.006082
[4391] (20.15) 23.4926: 0.1067 0 0.1232 0.006097
[4392] (20.15) 23.5000: 0.1067 0 0.1234 0.006066
[4393] (20.15) 23.5074: 0.1065 0 0.1237 0.005993
[4394] (20.16) 23.5147: 0.1069 0 0.1239 0.005883
[4395] (20.16) 23.5221: 0.1072 0 0.1242 0.005922
[4396] (20.17) 23.5294: 0.1074 0 0.1244 0.005957
[4397] (20.17) 23.5368: 0.1074 0 0.1245 0.005942
[4398] (20.18) 23.5441: 0.1074 0 0.1247 0.005878
[4399] (20.18) 23.5515: 0.1072 0 0.125 0.005796
[4400] (20.18) 23.5588: 0.1074 0 0.1252 0.005841
[4401] (20.19) 23.5662: 0.1078 0 0.1254 0.005867
[4402] (20.19) 23.5735: 0.108 0 0.1255 0.005854
[4403] (20.2) 23.5809: 0.1081 0 0.1256 0.005805
[4404] (20.2) 23.5882: 0.1081 0 0.1258 0.005899
[4405] (20.21) 23.5956: 0.1079 0 0.126 0.005984
[4406] (20.21) 23.6029: 0.1084 0 0.1261 0.00602
[4407] (20.21) 23.6103: 0.1088 0 0.1262 0.00601
[4408] (20.22) 23.6176: 0.109 0 0.1262 0.005956
[4409] (20.22) 23.6250: 0.1091 0 0.1262 0.005942
[4410] (20.23) 23.6324: 0.109 0 0.1263 0.006011
[4411] (20.23) 23.6397: 0.1088 0 0.1263 0.006079
[4412] (20.23) 23.6471: 0.1093 0 0.1264 0.006096
[4413] (20.24) 23.6544: 0.1096 0 0.1264 0.006063
[4414] (20.24) 23.6618: 0.1099 0 0.1265 0.005985
[4415] (20.25) 23.6691: 0.11 0 0.1265 0.005886
[4416] (20.25) 23.6765: 0.1099 0 0.1266 0.006015
[4417] (20.25) 23.6838: 0.1097 0 0.1266 0.006089
[4418] (20.26) 23.6912: 0.1101 0 0.1266 0.006109
[4419] (20.26) 23.6985: 0.1104 0 0.1267 0.006075
[4420] (20.27) 23.7059: 0.1107 0 0.1266 0.005992
[4421] (20.27) 23.7132: 0.1108 0 0.1267 0.005864
[4422] (20.28) 23.7206: 0.1108 0 0.1267 0.006001
[4423] (20.28) 23.7279: 0.1106 0 0.1267 0.006097
[4424] (20.28) 23.7353: 0.1106 0 0.1267 0.006139
[4425] (20.29) 23.7426: 0.1111 0 0.1266 0.006125
[4426] (20.29) 23.7500: 0.1113 0 0.1266 0.00606
[4427] (20.3) 23.7574: 0.1115 0 0.1266 0.005947
[4428] (20.3) 23.7647: 0.1115 0 0.1266 0.005934
[4429] (20.3) 23.7721: 0.1113 0 0.1265 0.006069
[4430] (20.31) 23.7794: 0.1111 0 0.1265 0.006151
[4431] (20.31) 23.7868: 0.1114 0 0.1264 0.006177
[4432] (20.32) 23.7941: 0.1117 0 0.1262 0.006151
[4433] (20.32) 23.8015: 0.1118 0 0.126 0.006073
[4434] (20.32) 23.8088: 0.1119 0 0.1259 0.00595
[4435] (20.33) 23.8162: 0.1118 0 0.1259 0.005844
[4436] (20.33) 23.8235: 0.1116 0 0.1257 0.005974
[4437] (20.34) 23.8309: 0.1113 0 0.1256 0.006056
[4438] (20.34) 23.8382: 0.1117 0 0.1254 0.006086
[4439] (20.35) 23.8456: 0.1119 0 0.1252 0.006067
[4440] (20.35) 23.8529: 0.112 0 0.125 0.006001
[4441] (20.35) 23.8603: 0.112 0 0.1247 0.005891
[4442] (20.36) 23.8676: 0.1119 0 0.1243 0.005852
[4443] (20.36) 23.8750: 0.1117 0 0.124 0.005856
[4444] (20.37) 23.8824: 0.1114 0 0.1238 0.005944
[4445] (20.37) 23.8897: 0.1117 0 0.1236 0.005985
[4446] (20.37) 23.8971: 0.1119 0 0.1233 0.005982
[4447] (20.38) 23.9044: 0.112 0 0.123 0.005935
[4448] (20.38) 23.9118: 0.112 0 0.1226 0.005878
[4449] (20.39) 23.9191: 0.1118 0 0.1222 0.005958
[4450] (20.39) 23.9265: 0.1116 0 0.1218 0.005989
[4451] (20.39) 23.9338: 0.1112 0 0.1213 0.005973
[4452] (20.4) 23.9412: 0.1115 0 0.1209 0.005911
[4453] (20.4) 23.9485: 0.1117 0 0.1205 0.00587
[4454] (20.41) 23.9559: 0.1118 0 0.1202 0.005863
[4455] (20.41) 23.9632: 0.1118 0 0.1197 0.005819
[4456] (20.42) 23.9706: 0.1117 0 0.1193 0.005836
[4457] (20.42) 23.9779: 0.1114 0 0.1188 0.005895
[4458] (20.42) 23.9853: 0.1116 0 0.1183 0.005914
[4459] (20.43) 23.9926: 0.1117 0 0.1181 0.005893
[4460] (20.43) 24.0000: 0.1118 0 0.1179 0.005834
*Write time: 0.0484307. Average write time: 0.0582157.
[4461] (20.49) 24.0074: 0.1118 0 0.1177 0.005738
[4462] (20.49) 24.0147: 0.1117 0 0.1173 0.00561
[4463] (20.49) 24.0221: 0.1114 0 0.117 0.005605
[4464] (20.5) 24.0294: 0.1116 0 0.1168 0.005656
[4465] (20.5) 24.0368: 0.1119 0 0.1167 0.005717
[4466] (20.51) 24.0441: 0.1121 0 0.1164 0.00576
[4467] (20.51) 24.0515: 0.1121 0 0.1162 0.005769
[4468] (20.52) 24.0588: 0.1121 0 0.1159 0.005751
[4469] (20.52) 24.0662: 0.112 0 0.1156 0.005752
[4470] (20.52) 24.0735: 0.1118 0 0.1152 0.005746
[4471] (20.53) 24.0809: 0.1115 0 0.1149 0.005733
[4472] (20.53) 24.0882: 0.1118 0 0.1151 0.005738
[4473] (20.54) 24.0956: 0.112 0 0.1153 0.005748
[4474] (20.54) 24.1029: 0.1122 0 0.1154 0.005725
[4475] (20.54) 24.1103: 0.1122 0 0.1154 0.00567
[4476] (20.55) 24.1176: 0.1121 0 0.1154 0.005602
[4477] (20.55) 24.1250: 0.1119 0 0.1153 0.005614
[4478] (20.56) 24.1324: 0.1115 0 0.1152 0.005662
[4479] (20.56) 24.1397: 0.1115 0 0.1151 0.005725
[4480] (20.56) 24.1471: 0.1118 0 0.1149 0.005771
[4481] (20.57) 24.1544: 0.1119 0 0.1147 0.005803
[4482] (20.57) 24.1618: 0.112 0 0.1144 0.005819
[4483] (20.58) 24.1691: 0.1119 0 0.1143 0.005821
[4484] (20.58) 24.1765: 0.1117 0 0.1143 0.005809
[4485] (20.59) 24.1838: 0.1113 0 0.1144 0.005783
[4486] (20.59) 24.1912: 0.111 0 0.1144 0.005745
[4487] (20.59) 24.1985: 0.1113 0 0.1144 0.005694
[4488] (20.6) 24.2059: 0.1115 0 0.1144 0.005633
[4489] (20.6) 24.2132: 0.1116 0 0.1144 0.005691
[4490] (20.61) 24.2206: 0.1115 0 0.1143 0.005765
[4491] (20.61) 24.2279: 0.1113 0 0.1142 0.005826
[4492] (20.61) 24.2353: 0.111 0 0.1141 0.005872
[4493] (20.62) 24.2426: 0.1109 0 0.1142 0.005904
[4494] (20.62) 24.2500: 0.1108 0 0.1143 0.005921
[4495] (20.63) 24.2574: 0.111 0 0.1144 0.005923
[4496] (20.63) 24.2647: 0.111 0 0.1144 0.005913
[4497] (20.63) 24.2721: 0.1111 0 0.1144 0.005889
[4498] (20.64) 24.2794: 0.1113 0 0.1144 0.005854
[4499] (20.64) 24.2868: 0.1113 0 0.1144 0.005809
[4500] (20.65) 24.2941: 0.1112 0 0.1144 0.005756
[4501] (20.65) 24.3015: 0.111 0 0.1146 0.005752
[4502] (20.66) 24.3088: 0.1107 0 0.1148 0.005726
[4503] (20.66) 24.3162: 0.1112 0 0.115 0.005675
[4504] (20.66) 24.3235: 0.1115 0 0.1151 0.005695
[4505] (20.67) 24.3309: 0.1117 0 0.1151 0.005726
[4506] (20.67) 24.3382: 0.1117 0 0.1152 0.005747
[4507] (20.68) 24.3456: 0.1116 0 0.1152 0.005758
[4508] (20.68) 24.3529: 0.1114 0 0.1151 0.005761
[4509] (20.68) 24.3603: 0.1111 0 0.1151 0.005756
[4510] (20.69) 24.3676: 0.1116 0 0.115 0.005744
[4511] (20.69) 24.3750: 0.1119 0 0.1149 0.005727
[4512] (20.7) 24.3824: 0.112 0 0.1148 0.005703
[4513] (20.7) 24.3897: 0.112 0 0.1148 0.005674
[4514] (20.7) 24.3971: 0.1119 0 0.1149 0.005648
[4515] (20.71) 24.4044: 0.1115 0 0.115 0.005682
[4516] (20.71) 24.4118: 0.1115 0 0.115 0.005715
[4517] (20.72) 24.4191: 0.1119 0 0.115 0.005703
[4518] (20.72) 24.4265: 0.1121 0 0.1149 0.005675
[4519] (20.73) 24.4338: 0.1122 0 0.1149 0.005652
[4520] (20.73) 24.4412: 0.1121 0 0.1148 0.005641
[4521] (20.73) 24.4485: 0.1118 0 0.1147 0.005669
[4522] (20.74) 24.4559: 0.1115 0 0.1146 0.005688
[4523] (20.74) 24.4632: 0.1116 0 0.1146 0.005696
[4524] (20.75) 24.4706: 0.1118 0 0.1145 0.005692
[4525] (20.75) 24.4779: 0.112 0 0.1145 0.005688
[4526] (20.75) 24.4853: 0.112 0 0.1144 0.005668
[4527] (20.76) 24.4926: 0.1119 0 0.1144 0.005653
[4528] (20.76) 24.5000: 0.1116 0 0.1145 0.005742
[4529] (20.77) 24.5074: 0.1112 0 0.1146 0.005813
[4530] (20.77) 24.5147: 0.1112 0 0.1147 0.005865
[4531] (20.77) 24.5221: 0.1115 0 0.1148 0.005897
[4532] (20.78) 24.5294: 0.1115 0 0.1149 0.00591
[4533] (20.78) 24.5368: 0.1115 0 0.1149 0.005904
[4534] (20.79) 24.5441: 0.1114 0 0.115 0.005881
[4535] (20.79) 24.5515: 0.1111 0 0.1151 0.005842
[4536] (20.8) 24.5588: 0.1108 0 0.1151 0.00579
[4537] (20.8) 24.5662: 0.1105 0 0.1151 0.005799
[4538] (20.8) 24.5735: 0.1107 0 0.1152 0.005791
[4539] (20.81) 24.5809: 0.1108 0 0.1152 0.005763
[4540] (20.81) 24.5882: 0.1108 0 0.1152 0.005789
[4541] (20.82) 24.5956: 0.1108 0 0.1152 0.00581
[4542] (20.82) 24.6029: 0.1107 0 0.1154 0.005813
[4543] (20.82) 24.6103: 0.1105 0 0.1155 0.0058
[4544] (20.83) 24.6176: 0.1102 0 0.1156 0.005771
[4545] (20.83) 24.6250: 0.1104 0 0.1156 0.00573
[4546] (20.84) 24.6324: 0.1107 0 0.1157 0.005679
[4547] (20.84) 24.6397: 0.1108 0 0.1157 0.005709
[4548] (20.84) 24.6471: 0.1108 0 0.1157 0.005745
[4549] (20.85) 24.6544: 0.1107 0 0.1157 0.005762
[4550] (20.85) 24.6618: 0.1105 0 0.1157 0.005759
[4551] (20.86) 24.6691: 0.1102 0 0.1157 0.005736
[4552] (20.86) 24.6765: 0.1102 0 0.1163 0.00572
[4553] (20.87) 24.6838: 0.1104 0 0.1168 0.005697
[4554] (20.87) 24.6912: 0.1105 0 0.1173 0.005666
[4555] (20.87) 24.6985: 0.1105 0 0.1178 0.005628
[4556] (20.88) 24.7059: 0.1104 0 0.1182 0.005653
[4557] (20.88) 24.7132: 0.1102 0 0.1185 0.005697
[4558] (20.89) 24.7206: 0.11 0 0.1188 0.005727
[4559] (20.89) 24.7279: 0.1096 0 0.1191 0.005745
[4560] (20.89) 24.7353: 0.1097 0 0.1196 0.005752
[4561] (20.9) 24.7426: 0.1099 0 0.12 0.005748
[4562] (20.9) 24.7500: 0.1099 0 0.1204 0.005734
[4563] (20.91) 24.7574: 0.1098 0 0.1209 0.005712
[4564] (20.91) 24.7647: 0.1097 0 0.1214 0.005681
[4565] (20.91) 24.7721: 0.1095 0 0.1221 0.005644
[4566] (20.92) 24.7794: 0.1092 0 0.1227 0.005599
[4567] (20.92) 24.7868: 0.1089 0 0.1232 0.005548
[4568] (20.93) 24.7941: 0.1089 0 0.1235 0.005566
[4569] (20.93) 24.8015: 0.109 0 0.1238 0.005597
[4570] (20.93) 24.8088: 0.109 0 0.1241 0.005618
[4571] (20.94) 24.8162: 0.109 0 0.1248 0.005628
[4572] (20.94) 24.8235: 0.1088 0 0.1253 0.005629
[4573] (20.95) 24.8309: 0.1088 0 0.1258 0.005619
[4574] (20.95) 24.8382: 0.1088 0 0.1262 0.005624
[4575] (20.96) 24.8456: 0.1087 0 0.1268 0.005634
[4576] (20.96) 24.8529: 0.1085 0 0.1273 0.005632
[4577] (20.96) 24.8603: 0.1086 0 0.1277 0.005615
[4578] (20.97) 24.8676: 0.1086 0 0.128 0.005579
[4579] (20.97) 24.8750: 0.1087 0 0.1282 0.005595
[4580] (20.98) 24.8824: 0.1088 0 0.1283 0.005612
[4581] (20.98) 24.8897: 0.1088 0 0.1289 0.005619
[4582] (20.99) 24.8971: 0.1088 0 0.1294 0.005616
[4583] (20.99) 24.9044: 0.1087 0 0.1298 0.005645
[4584] (20.99) 24.9118: 0.1086 0 0.1301 0.005662
[4585] (21) 24.9191: 0.1084 0 0.1304 0.005662
[4586] (21) 24.9265: 0.1086 0 0.1306 0.005644
[4587] (21.01) 24.9338: 0.1088 0 0.1309 0.005607
[4588] (21.01) 24.9412: 0.1089 0 0.1311 0.005572
[4589] (21.01) 24.9485: 0.1089 0 0.1311 0.005586
[4590] (21.02) 24.9559: 0.1089 0 0.1316 0.005589
[4591] (21.02) 24.9632: 0.1087 0 0.1321 0.005582
[4592] (21.03) 24.9706: 0.1085 0 0.1326 0.005563
[4593] (21.03) 24.9779: 0.1084 0 0.1332 0.005575
[4594] (21.04) 24.9835: 0.1086 0 0.1335 0.005577
[4595] (21.04) 24.9890: 0.1087 0 0.1339 0.005571
[4596] (21.04) 24.9945: 0.1088 0 0.1343 0.005556
[4597] (21.05) 25.0000: 0.1088 0 0.1346 0.005533
*Write time: 0.0498582. Average write time: 0.0578814.
[4598] (21.1) 25.0072: 0.1087 0 0.1349 0.005493
[4599] (21.11) 25.0144: 0.1086 0 0.1353 0.005508
[4600] (21.11) 25.0216: 0.1084 0 0.1356 0.005515
[4601] (21.11) 25.0287: 0.1081 0 0.136 0.005512
[4602] (21.12) 25.0359: 0.1082 0 0.1366 0.005499
[4603] (21.12) 25.0430: 0.1083 0 0.1372 0.0055
[4604] (21.13) 25.0501: 0.1083 0 0.1377 0.005529
[4605] (21.13) 25.0571: 0.1082 0 0.1382 0.005554
[4606] (21.14) 25.0641: 0.1081 0 0.1387 0.005569
[4607] (21.14) 25.0711: 0.1079 0 0.1391 0.005576
[4608] (21.14) 25.0781: 0.1076 0 0.1395 0.005574
[4609] (21.15) 25.0851: 0.1075 0 0.1398 0.005563
[4610] (21.15) 25.0921: 0.1074 0 0.1401 0.005545
[4611] (21.16) 25.0990: 0.1074 0 0.1404 0.005518
[4612] (21.16) 25.1059: 0.1075 0 0.1407 0.005492
[4613] (21.16) 25.1128: 0.1076 0 0.141 0.005539
[4614] (21.17) 25.1197: 0.1077 0 0.1413 0.005578
[4615] (21.17) 25.1265: 0.1077 0 0.1415 0.005607
[4616] (21.18) 25.1333: 0.1076 0 0.1416 0.005627
[4617] (21.18) 25.1400: 0.1075 0 0.1419 0.005638
[4618] (21.19) 25.1468: 0.1073 0 0.1423 0.00564
[4619] (21.19) 25.1535: 0.1072 0 0.1428 0.005632
[4620] (21.19) 25.1602: 0.1074 0 0.1433 0.005616
[4621] (21.2) 25.1669: 0.1075 0 0.1437 0.005592
[4622] (21.2) 25.1736: 0.1075 0 0.1441 0.00556
[4623] (21.2) 25.1803: 0.1074 0 0.1444 0.005521
[4624] (21.21) 25.1871: 0.1072 0 0.1446 0.005516
[4625] (21.21) 25.1938: 0.107 0 0.1448 0.005557
[4626] (21.22) 25.2005: 0.1068 0 0.145 0.005595
[4627] (21.22) 25.2072: 0.1067 0 0.1451 0.005627
[4628] (21.22) 25.2139: 0.1068 0 0.1452 0.005653
[4629] (21.23) 25.2207: 0.1068 0 0.1453 0.005672
[4630] (21.23) 25.2274: 0.1067 0 0.1453 0.005682
[4631] (21.24) 25.2341: 0.1066 0 0.1453 0.005683
[4632] (21.24) 25.2408: 0.1065 0 0.1453 0.005675
[4633] (21.24) 25.2475: 0.1065 0 0.1455 0.005656
[4634] (21.25) 25.2542: 0.1064 0 0.1457 0.005627
[4635] (21.25) 25.2608: 0.1063 0 0.146 0.005588
[4636] (21.26) 25.2675: 0.1063 0 0.1464 0.00556
[4637] (21.26) 25.2742: 0.1067 0 0.1467 0.005607
[4638] (21.27) 25.2808: 0.107 0 0.1469 0.005649
[4639] (21.27) 25.2874: 0.1072 0 0.1471 0.005685
[4640] (21.27) 25.2940: 0.1073 0 0.1473 0.005715
[4641] (21.28) 25.3006: 0.1074 0 0.1474 0.005738
[4642] (21.28) 25.3072: 0.1074 0 0.1474 0.005753
[4643] (21.29) 25.3138: 0.1074 0 0.1475 0.00576
[4644] (21.29) 25.3204: 0.1073 0 0.1475 0.005758
[4645] (21.29) 25.3270: 0.1073 0 0.1475 0.005749
[4646] (21.3) 25.3336: 0.1076 0 0.1475 0.005731
[4647] (21.3) 25.3402: 0.1078 0 0.1475 0.005704
[4648] (21.31) 25.3468: 0.108 0 0.1474 0.00567
[4649] (21.31) 25.3533: 0.1081 0 0.1473 0.005628
[4650] (21.31) 25.3599: 0.1081 0 0.1472 0.005578
[4651] (21.32) 25.3665: 0.1082 0 0.1471 0.005573
[4652] (21.32) 25.3731: 0.1082 0 0.1473 0.005616
[4653] (21.33) 25.3797: 0.1081 0 0.1475 0.005653
[4654] (21.33) 25.3863: 0.1081 0 0.1476 0.005684
[4655] (21.33) 25.3929: 0.1082 0 0.1477 0.005709
[4656] (21.34) 25.3995: 0.1084 0 0.1478 0.005727
[4657] (21.34) 25.4061: 0.1086 0 0.1479 0.005739
[4658] (21.35) 25.4127: 0.1087 0 0.1479 0.005745
[4659] (21.35) 25.4193: 0.1088 0 0.1479 0.005744
[4660] (21.35) 25.4259: 0.1089 0 0.148 0.005736
[4661] (21.36) 25.4325: 0.109 0 0.148 0.005722
[4662] (21.36) 25.4390: 0.109 0 0.148 0.005703
[4663] (21.37) 25.4455: 0.109 0 0.1479 0.005677
[4664] (21.37) 25.4520: 0.109 0 0.1478 0.005647
[4665] (21.38) 25.4586: 0.109 0 0.1477 0.005612
[4666] (21.38) 25.4651: 0.1092 0 0.1476 0.005572
[4667] (21.38) 25.4716: 0.1095 0 0.1475 0.005529
[4668] (21.39) 25.4781: 0.1097 0 0.1474 0.005502
[4669] (21.39) 25.4846: 0.1099 0 0.1473 0.005552
[4670] (21.4) 25.4912: 0.1101 0 0.1471 0.005594
[4671] (21.4) 25.4977: 0.1103 0 0.1469 0.005628
[4672] (21.4) 25.5042: 0.1104 0 0.1468 0.005652
[4673] (21.41) 25.5107: 0.1106 0 0.1465 0.005666
[4674] (21.41) 25.5173: 0.1107 0 0.1463 0.005668
[4675] (21.42) 25.5238: 0.1108 0 0.1461 0.005658
[4676] (21.42) 25.5303: 0.1109 0 0.1459 0.005636
[4677] (21.43) 25.5368: 0.1109 0 0.1457 0.005635
[4678] (21.43) 25.5434: 0.1112 0 0.1456 0.005631
[4679] (21.43) 25.5499: 0.1115 0 0.1455 0.005624
[4680] (21.44) 25.5564: 0.1118 0 0.1455 0.005614
[4681] (21.44) 25.5629: 0.1121 0 0.1455 0.005655
[4682] (21.45) 25.5694: 0.1123 0 0.1455 0.005685
[4683] (21.45) 25.5760: 0.1125 0 0.1454 0.005703
[4684] (21.45) 25.5825: 0.1127 0 0.1454 0.005709
[4685] (21.46) 25.5890: 0.1128 0 0.1452 0.005701
[4686] (21.46) 25.5955: 0.1129 0 0.1451 0.00568
[4687] (21.47) 25.6021: 0.1129 0 0.1451 0.005644
[4688] (21.47) 25.6086: 0.1131 0 0.1451 0.005593
[4689] (21.48) 25.6151: 0.1135 0 0.145 0.005556
[4690] (21.48) 25.6216: 0.1138 0 0.1449 0.005591
[4691] (21.48) 25.6282: 0.114 0 0.1448 0.005622
[4692] (21.49) 25.6347: 0.1142 0 0.1446 0.005647
[4693] (21.49) 25.6412: 0.1144 0 0.1444 0.005668
[4694] (21.5) 25.6477: 0.1145 0 0.1442 0.005685
[4695] (21.5) 25.6543: 0.1146 0 0.144 0.005697
[4696] (21.5) 25.6608: 0.1146 0 0.1439 0.005704
[4697] (21.51) 25.6673: 0.1147 0 0.1437 0.005706
[4698] (21.51) 25.6738: 0.1149 0 0.1435 0.005704
[4699] (21.52) 25.6803: 0.1152 0 0.1433 0.005698
[4700] (21.52) 25.6869: 0.1155 0 0.143 0.005687
[4701] (21.52) 25.6934: 0.1156 0 0.1427 0.005672
[4702] (21.53) 25.6999: 0.1158 0 0.1425 0.005654
[4703] (21.53) 25.7064: 0.1159 0 0.1424 0.005669
[4704] (21.54) 25.7130: 0.116 0 0.1422 0.005682
[4705] (21.54) 25.7195: 0.1161 0 0.1421 0.005676
[4706] (21.55) 25.7260: 0.1162 0 0.1419 0.005652
[4707] (21.55) 25.7325: 0.1162 0 0.1417 0.005609
[4708] (21.55) 25.7391: 0.1164 0 0.1415 0.005549
[4709] (21.56) 25.7456: 0.1166 0 0.1413 0.005555
[4710] (21.56) 25.7521: 0.1168 0 0.1411 0.005561
[4711] (21.57) 25.7586: 0.117 0 0.1409 0.005566
[4712] (21.57) 25.7652: 0.1172 0 0.1406 0.005571
[4713] (21.57) 25.7717: 0.1173 0 0.1404 0.005601
[4714] (21.58) 25.7782: 0.1175 0 0.1402 0.005619
[4715] (21.58) 25.7847: 0.1177 0 0.14 0.005619
[4716] (21.59) 25.7912: 0.1178 0 0.1398 0.005603
[4717] (21.59) 25.7978: 0.118 0 0.1396 0.005608
[4718] (21.6) 25.8043: 0.1181 0 0.1393 0.005613
[4719] (21.6) 25.8108: 0.1183 0 0.1391 0.005616
[4720] (21.6) 25.8173: 0.1185 0 0.1388 0.005618
[4721] (21.61) 25.8239: 0.1186 0 0.1386 0.005619
[4722] (21.61) 25.8304: 0.1187 0 0.1383 0.005619
[4723] (21.62) 25.8369: 0.119 0 0.138 0.005618
[4724] (21.62) 25.8434: 0.1192 0 0.1377 0.005616
[4725] (21.62) 25.8500: 0.1195 0 0.1374 0.005613
[4726] (21.63) 25.8565: 0.1197 0 0.1371 0.005609
[4727] (21.63) 25.8630: 0.1199 0 0.1368 0.005604
[4728] (21.64) 25.8695: 0.1202 0 0.1365 0.005597
[4729] (21.64) 25.8761: 0.1203 0 0.1363 0.005589
[4730] (21.64) 25.8826: 0.1205 0 0.136 0.005579
[4731] (21.65) 25.8891: 0.1206 0 0.136 0.005568
[4732] (21.65) 25.8956: 0.1207 0 0.1362 0.005555
[4733] (21.66) 25.9021: 0.1209 0 0.1362 0.00554
[4734] (21.66) 25.9087: 0.1212 0 0.1363 0.005524
[4735] (21.67) 25.9152: 0.1214 0 0.1362 0.005506
[4736] (21.67) 25.9217: 0.1217 0 0.1362 0.005532
[4737] (21.67) 25.9282: 0.1219 0 0.136 0.005562
[4738] (21.68) 25.9348: 0.122 0 0.1359 0.005577
[4739] (21.68) 25.9413: 0.1221 0 0.1358 0.005577
[4740] (21.69) 25.9478: 0.1221 0 0.1357 0.005561
[4741] (21.69) 25.9543: 0.1222 0 0.1354 0.005529
[4742] (21.7) 25.9609: 0.1225 0 0.1352 0.005482
[4743] (21.7) 25.9674: 0.1227 0 0.1349 0.005492
[4744] (21.7) 25.9739: 0.1229 0 0.135 0.005516
[4745] (21.71) 25.9804: 0.1231 0 0.1351 0.005537
[4746] (21.71) 25.9870: 0.1232 0 0.1351 0.005557
[4747] (21.72) 25.9935: 0.1232 0 0.1351 0.005576
[4748] (21.72) 26.0000: 0.1232 0 0.1352 0.005592
*Write time: 0.0530693. Average write time: 0.0576963.
[4749] (21.78) 26.0065: 0.1232 0 0.1352 0.005608
[4750] (21.78) 26.0129: 0.1234 0 0.1352 0.005621
[4751] (21.79) 26.0194: 0.1237 0 0.1351 0.005634
[4752] (21.79) 26.0258: 0.1238 0 0.135 0.005646
[4753] (21.8) 26.0322: 0.1239 0 0.1349 0.005657
[4754] (21.8) 26.0386: 0.124 0 0.1348 0.005667
[4755] (21.8) 26.0450: 0.124 0 0.1346 0.005677
[4756] (21.81) 26.0514: 0.1239 0 0.1345 0.005687
[4757] (21.81) 26.0578: 0.1238 0 0.1343 0.005696
[4758] (21.82) 26.0642: 0.124 0 0.1341 0.005704
[4759] (21.82) 26.0706: 0.1242 0 0.1341 0.005712
[4760] (21.82) 26.0770: 0.1243 0 0.1342 0.005719
[4761] (21.83) 26.0834: 0.1244 0 0.1343 0.005724
[4762] (21.83) 26.0899: 0.1244 0 0.1345 0.005729
[4763] (21.84) 26.0963: 0.1243 0 0.1346 0.005732
[4764] (21.84) 26.1027: 0.1242 0 0.1347 0.005734
[4765] (21.85) 26.1091: 0.124 0 0.1348 0.005733
[4766] (21.85) 26.1155: 0.1241 0 0.1348 0.005731
[4767] (21.85) 26.1219: 0.1243 0 0.135 0.005726
[4768] (21.86) 26.1283: 0.1244 0 0.1352 0.005719
[4769] (21.86) 26.1347: 0.1244 0 0.1355 0.005709
[4770] (21.87) 26.1411: 0.1244 0 0.1358 0.005698
[4771] (21.87) 26.1475: 0.1243 0 0.1361 0.005684
[4772] (21.88) 26.1540: 0.1242 0 0.1364 0.005667
[4773] (21.88) 26.1604: 0.124 0 0.1367 0.005649
[4774] (21.89) 26.1668: 0.1242 0 0.1369 0.005653
[4775] (21.89) 26.1732: 0.1245 0 0.1372 0.005659
[4776] (21.89) 26.1796: 0.1247 0 0.1374 0.005663
[4777] (21.9) 26.1860: 0.1248 0 0.1375 0.005665
[4778] (21.9) 26.1924: 0.1249 0 0.1377 0.005665
[4779] (21.91) 26.1988: 0.1249 0 0.1378 0.005663
[4780] (21.91) 26.2052: 0.1249 0 0.1379 0.00566
[4781] (21.91) 26.2116: 0.1248 0 0.1379 0.005654
[4782] (21.92) 26.2180: 0.1249 0 0.1379 0.005647
[4783] (21.92) 26.2245: 0.1252 0 0.1378 0.005638
[4784] (21.93) 26.2309: 0.1254 0 0.1377 0.005627
[4785] (21.93) 26.2373: 0.1255 0 0.1376 0.005615
[4786] (21.94) 26.2437: 0.1256 0 0.1375 0.005602
[4787] (21.94) 26.2501: 0.1257 0 0.1378 0.005587
[4788] (21.94) 26.2565: 0.1257 0 0.1381 0.00557
[4789] (21.95) 26.2629: 0.1257 0 0.1383 0.005553
[4790] (21.95) 26.2693: 0.1256 0 0.1386 0.005535
[4791] (21.96) 26.2757: 0.1257 0 0.1387 0.005515
[4792] (21.96) 26.2821: 0.126 0 0.1389 0.005495
[4793] (21.97) 26.2886: 0.1262 0 0.139 0.005474
[4794] (21.97) 26.2950: 0.1263 0 0.139 0.005465
[4795] (21.97) 26.3014: 0.1264 0 0.1391 0.005491
[4796] (21.98) 26.3078: 0.1264 0 0.1391 0.005516
[4797] (21.98) 26.3142: 0.1264 0 0.139 0.00554
[4798] (21.99) 26.3206: 0.1263 0 0.1389 0.005564
[4799] (21.99) 26.3270: 0.1261 0 0.1388 0.005586
[4800] (22) 26.3334: 0.1264 0 0.1387 0.005608
[4801] (22) 26.3398: 0.1266 0 0.1386 0.005628
[4802] (22) 26.3462: 0.1268 0 0.1385 0.005647
[4803] (22.01) 26.3526: 0.1269 0 0.1384 0.005664
[4804] (22.01) 26.3591: 0.1269 0 0.1382 0.00568
[4805] (22.02) 26.3655: 0.1269 0 0.1381 0.005695
[4806] (22.02) 26.3719: 0.1268 0 0.138 0.005707
[4807] (22.02) 26.3783: 0.1267 0 0.1379 0.005717
[4808] (22.03) 26.3847: 0.1266 0 0.1379 0.005725
[4809] (22.03) 26.3911: 0.1268 0 0.138 0.005731
[4810] (22.04) 26.3975: 0.127 0 0.138 0.005734
[4811] (22.04) 26.4039: 0.1272 0 0.138 0.005736
[4812] (22.04) 26.4103: 0.1272 0 0.138 0.005734
[4813] (22.05) 26.4167: 0.1272 0 0.138 0.005731
[4814] (22.05) 26.4231: 0.1272 0 0.138 0.005725
[4815] (22.06) 26.4296: 0.1271 0 0.138 0.005718
[4816] (22.06) 26.4360: 0.1269 0 0.1379 0.005708
[4817] (22.07) 26.4424: 0.1268 0 0.1379 0.005697
[4818] (22.07) 26.4488: 0.1271 0 0.1379 0.005685
[4819] (22.07) 26.4552: 0.1273 0 0.1378 0.005671
[4820] (22.08) 26.4616: 0.1274 0 0.1378 0.005656
[4821] (22.08) 26.4680: 0.1274 0 0.1377 0.00564
[4822] (22.09) 26.4744: 0.1274 0 0.1377 0.005623
[4823] (22.09) 26.4808: 0.1274 0 0.1376 0.005606
[4824] (22.09) 26.4872: 0.1272 0 0.1376 0.005589
[4825] (22.1) 26.4937: 0.127 0 0.1376 0.005571
[4826] (22.1) 26.5001: 0.127 0 0.1375 0.005554
[4827] (22.11) 26.5065: 0.1272 0 0.1375 0.005536
[4828] (22.11) 26.5129: 0.1274 0 0.1374 0.005518
[4829] (22.11) 26.5193: 0.1275 0 0.1373 0.005501
[4830] (22.12) 26.5257: 0.1275 0 0.1373 0.005491
[4831] (22.12) 26.5321: 0.1275 0 0.1372 0.005496
[4832] (22.13) 26.5385: 0.1274 0 0.1371 0.005501
[4833] (22.13) 26.5449: 0.1272 0 0.1371 0.005505
[4834] (22.14) 26.5513: 0.127 0 0.1371 0.005508
[4835] (22.14) 26.5577: 0.127 0 0.1371 0.00551
[4836] (22.14) 26.5642: 0.1273 0 0.1372 0.005511
[4837] (22.15) 26.5706: 0.1275 0 0.1372 0.005513
[4838] (22.15) 26.5770: 0.1276 0 0.1373 0.005514
[4839] (22.16) 26.5834: 0.1276 0 0.1373 0.005515
[4840] (22.16) 26.5898: 0.1275 0 0.1373 0.005516
[4841] (22.16) 26.5962: 0.1273 0 0.1373 0.005517
[4842] (22.17) 26.6026: 0.1271 0 0.1373 0.005518
[4843] (22.17) 26.6090: 0.1269 0 0.1373 0.005519
[4844] (22.18) 26.6154: 0.1272 0 0.1373 0.005521
[4845] (22.18) 26.6218: 0.1274 0 0.1372 0.005522
[4846] (22.18) 26.6283: 0.1275 0 0.1372 0.005526
[4847] (22.19) 26.6347: 0.1275 0 0.1372 0.00557
[4848] (22.19) 26.6411: 0.1275 0 0.1373 0.005608
[4849] (22.2) 26.6475: 0.1273 0 0.1373 0.005637
[4850] (22.2) 26.6539: 0.1271 0 0.1373 0.005659
[4851] (22.2) 26.6603: 0.1268 0 0.1374 0.005673
[4852] (22.21) 26.6667: 0.1269 0 0.1373 0.005679
[4853] (22.21) 26.6731: 0.1272 0 0.1373 0.005677
[4854] (22.22) 26.6795: 0.1273 0 0.1372 0.005668
[4855] (22.22) 26.6859: 0.1274 0 0.1372 0.005651
[4856] (22.23) 26.6923: 0.1273 0 0.1371 0.005628
[4857] (22.23) 26.6988: 0.1272 0 0.137 0.005599
[4858] (22.23) 26.7052: 0.127 0 0.137 0.005563
[4859] (22.24) 26.7116: 0.1267 0 0.137 0.005563
[4860] (22.24) 26.7180: 0.1267 0 0.137 0.005566
[4861] (22.25) 26.7244: 0.1269 0 0.1369 0.005569
[4862] (22.25) 26.7308: 0.1271 0 0.1369 0.005572
[4863] (22.25) 26.7372: 0.1272 0 0.1368 0.005574
[4864] (22.26) 26.7436: 0.1272 0 0.1367 0.005576
[4865] (22.26) 26.7500: 0.1271 0 0.1367 0.005578
[4866] (22.27) 26.7564: 0.1269 0 0.1366 0.005579
[4867] (22.27) 26.7629: 0.1267 0 0.1365 0.00558
[4868] (22.27) 26.7693: 0.1265 0 0.1364 0.00558
[4869] (22.28) 26.7757: 0.1267 0 0.1363 0.00558
[4870] (22.28) 26.7821: 0.1269 0 0.1363 0.005579
[4871] (22.29) 26.7885: 0.127 0 0.1362 0.005578
[4872] (22.29) 26.7949: 0.1271 0 0.1361 0.005576
[4873] (22.3) 26.8013: 0.127 0 0.136 0.005574
[4874] (22.3) 26.8077: 0.1269 0 0.1359 0.005572
[4875] (22.3) 26.8141: 0.1267 0 0.1359 0.005585
[4876] (22.31) 26.8205: 0.1264 0 0.1359 0.0056
[4877] (22.31) 26.8269: 0.1266 0 0.1358 0.005608
[4878] (22.32) 26.8334: 0.1268 0 0.1358 0.00561
[4879] (22.32) 26.8398: 0.127 0 0.1357 0.005606
[4880] (22.32) 26.8462: 0.127 0 0.1357 0.005596
[4881] (22.33) 26.8526: 0.127 0 0.1356 0.005582
[4882] (22.33) 26.8590: 0.1269 0 0.1355 0.005563
[4883] (22.34) 26.8654: 0.1266 0 0.1354 0.005553
[4884] (22.34) 26.8718: 0.1264 0 0.1353 0.005553
[4885] (22.34) 26.8782: 0.1265 0 0.1351 0.005553
[4886] (22.35) 26.8846: 0.1267 0 0.1351 0.005554
[4887] (22.35) 26.8910: 0.1269 0 0.135 0.005555
[4888] (22.36) 26.8974: 0.1269 0 0.1349 0.005557
[4889] (22.36) 26.9039: 0.1268 0 0.1348 0.005559
[4890] (22.36) 26.9103: 0.1267 0 0.1346 0.005562
[4891] (22.37) 26.9167: 0.1264 0 0.1345 0.005564
[4892] (22.37) 26.9231: 0.1262 0 0.1343 0.005567
[4893] (22.38) 26.9295: 0.1264 0 0.1341 0.00557
[4894] (22.38) 26.9359: 0.1266 0 0.134 0.005573
[4895] (22.39) 26.9423: 0.1266 0 0.1338 0.005575
[4896] (22.39) 26.9487: 0.1266 0 0.1337 0.005577
[4897] (22.39) 26.9551: 0.1265 0 0.1335 0.005579
[4898] (22.4) 26.9615: 0.1263 0 0.1333 0.00558
[4899] (22.4) 26.9680: 0.126 0 0.133 0.00558
[4900] (22.41) 26.9744: 0.1259 0 0.1328 0.005579
[4901] (22.41) 26.9808: 0.1261 0 0.1325 0.005578
[4902] (22.41) 26.9872: 0.1262 0 0.1323 0.005576
[4903] (22.42) 26.9936: 0.1261 0 0.1321 0.005573
[4904] (22.42) 27.0000: 0.126 0 0.1319 0.00557
*Write time: 0.0495368. Average write time: 0.0573941.
[4905] (22.48) 27.0064: 0.1258 0 0.1317 0.005566
[4906] (22.48) 27.0127: 0.1255 0 0.1314 0.005561
[4907] (22.49) 27.0190: 0.1253 0 0.1311 0.005557
[4908] (22.49) 27.0254: 0.1254 0 0.1309 0.005552
[4909] (22.5) 27.0317: 0.1255 0 0.1306 0.005548
[4910] (22.5) 27.0380: 0.1254 0 0.1303 0.005544
[4911] (22.5) 27.0443: 0.1253 0 0.1301 0.00554
[4912] (22.51) 27.0507: 0.1251 0 0.1298 0.005536
[4913] (22.51) 27.0570: 0.1248 0 0.1295 0.005533
[4914] (22.52) 27.0633: 0.1246 0 0.1292 0.005531
[4915] (22.52) 27.0697: 0.1247 0 0.129 0.005529
[4916] (22.53) 27.0760: 0.1246 0 0.1288 0.005527
[4917] (22.53) 27.0823: 0.1245 0 0.1285 0.005526
[4918] (22.53) 27.0886: 0.1244 0 0.1283 0.005526
[4919] (22.54) 27.0950: 0.1241 0 0.1282 0.005525
[4920] (22.54) 27.1013: 0.124 0 0.128 0.005525
[4921] (22.55) 27.1076: 0.1242 0 0.1278 0.005525
[4922] (22.55) 27.1140: 0.1243 0 0.1277 0.005525
[4923] (22.55) 27.1203: 0.1243 0 0.1276 0.005525
[4924] (22.56) 27.1266: 0.1243 0 0.1275 0.005524
[4925] (22.56) 27.1329: 0.1241 0 0.1274 0.005524
[4926] (22.57) 27.1393: 0.1239 0 0.1274 0.005523
[4927] (22.57) 27.1456: 0.1237 0 0.1274 0.005522
[4928] (22.57) 27.1519: 0.1236 0 0.1274 0.005521
[4929] (22.58) 27.1583: 0.1237 0 0.1274 0.00552
[4930] (22.58) 27.1646: 0.1237 0 0.1273 0.005519
[4931] (22.59) 27.1709: 0.1237 0 0.1273 0.005518
[4932] (22.59) 27.1772: 0.1235 0 0.1274 0.005516
[4933] (22.6) 27.1836: 0.1234 0 0.1275 0.005515
[4934] (22.6) 27.1899: 0.1231 0 0.1276 0.005514
[4935] (22.6) 27.1962: 0.1229 0 0.1277 0.005512
[4936] (22.61) 27.2026: 0.1228 0 0.1277 0.005511
[4937] (22.61) 27.2089: 0.1228 0 0.1278 0.005509
[4938] (22.62) 27.2152: 0.1227 0 0.1278 0.005507
[4939] (22.62) 27.2216: 0.1226 0 0.1278 0.005505
[4940] (22.62) 27.2279: 0.1224 0 0.1278 0.005502
[4941] (22.63) 27.2342: 0.1222 0 0.1278 0.005499
[4942] (22.63) 27.2405: 0.122 0 0.1278 0.005495
[4943] (22.64) 27.2469: 0.1217 0 0.1277 0.005491
[4944] (22.64) 27.2532: 0.1218 0 0.1277 0.005486
[4945] (22.65) 27.2595: 0.1218 0 0.1276 0.00548
[4946] (22.65) 27.2659: 0.1217 0 0.1275 0.005474
[4947] (22.65) 27.2722: 0.1218 0 0.1275 0.005468
[4948] (22.66) 27.2785: 0.1222 0 0.1274 0.005461
[4949] (22.66) 27.2848: 0.1225 0 0.1273 0.005454
[4950] (22.67) 27.2912: 0.1227 0 0.1272 0.005448
[4951] (22.67) 27.2975: 0.1227 0 0.1272 0.005441
[4952] (22.67) 27.3038: 0.1226 0 0.1273 0.005434
[4953] (22.68) 27.3102: 0.1225 0 0.1274 0.005428
[4954] (22.68) 27.3165: 0.123 0 0.1275 0.005422
[4955] (22.69) 27.3228: 0.1233 0 0.1276 0.005417
[4956] (22.69) 27.3291: 0.1235 0 0.1277 0.005412
[4957] (22.7) 27.3355: 0.1235 0 0.1278 0.005407
[4958] (22.7) 27.3418: 0.1234 0 0.1278 0.005403
[4959] (22.7) 27.3481: 0.1232 0 0.1279 0.005399
[4960] (22.71) 27.3545: 0.1236 0 0.1279 0.005395
[4961] (22.71) 27.3608: 0.1239 0 0.1279 0.005392
[4962] (22.72) 27.3671: 0.1241 0 0.1279 0.005388
[4963] (22.72) 27.3734: 0.1241 0 0.1279 0.005384
[4964] (22.72) 27.3798: 0.124 0 0.1279 0.005379
[4965] (22.73) 27.3861: 0.1238 0 0.1279 0.005373
[4966] (22.73) 27.3924: 0.1242 0 0.1278 0.005367
[4967] (22.74) 27.3988: 0.1244 0 0.1278 0.005359
[4968] (22.74) 27.4051: 0.1245 0 0.1277 0.00535
[4969] (22.74) 27.4114: 0.1245 0 0.1276 0.00534
[4970] (22.75) 27.4177: 0.1243 0 0.1275 0.005329
[4971] (22.75) 27.4241: 0.1244 0 0.1274 0.005316
[4972] (22.76) 27.4304: 0.1247 0 0.1274 0.005302
[4973] (22.76) 27.4367: 0.1249 0 0.1273 0.005286
[4974] (22.77) 27.4431: 0.1249 0 0.1271 0.005269
[4975] (22.77) 27.4494: 0.1248 0 0.127 0.005257
[4976] (22.77) 27.4557: 0.1246 0 0.1268 0.005273
[4977] (22.78) 27.4620: 0.1249 0 0.1267 0.00529
[4978] (22.78) 27.4684: 0.1251 0 0.1266 0.005306
[4979] (22.79) 27.4747: 0.1252 0 0.1264 0.005322
[4980] (22.79) 27.4810: 0.1252 0 0.1263 0.005338
[4981] (22.79) 27.4874: 0.125 0 0.1261 0.005354
[4982] (22.8) 27.4937: 0.1251 0 0.1259 0.00537
[4983] (22.8) 27.5000: 0.1254 0 0.1256 0.005385
[4984] (22.81) 27.5063: 0.1255 0 0.1255 0.005399
[4985] (22.81) 27.5127: 0.1255 0 0.1253 0.005412
[4986] (22.82) 27.5190: 0.1253 0 0.1251 0.005424
[4987] (22.82) 27.5253: 0.1251 0 0.1249 0.005435
[4988] (22.82) 27.5317: 0.1255 0 0.1247 0.005444
[4989] (22.83) 27.5380: 0.1257 0 0.1244 0.005452
[4990] (22.83) 27.5443: 0.1257 0 0.1242 0.005459
[4991] (22.84) 27.5507: 0.1256 0 0.124 0.005464
[4992] (22.84) 27.5570: 0.1254 0 0.1238 0.005467
[4993] (22.84) 27.5633: 0.1254 0 0.1235 0.005468
[4994] (22.85) 27.5696: 0.1257 0 0.1233 0.005468
[4995] (22.85) 27.5760: 0.1258 0 0.123 0.005466
[4996] (22.86) 27.5823: 0.1257 0 0.1227 0.005462
[4997] (22.86) 27.5886: 0.1255 0 0.1225 0.005456
[4998] (22.87) 27.5950: 0.1252 0 0.1222 0.005449
[4999] (22.87) 27.6013: 0.1254 0 0.1219 0.00544
[5000] (22.87) 27.6076: 0.1256 0 0.1216 0.005429
[5001] (22.88) 27.6139: 0.1256 0 0.1213 0.005416
[5002] (22.88) 27.6203: 0.1255 0 0.1209 0.005402
[5003] (22.89) 27.6266: 0.1252 0 0.1207 0.005386
[5004] (22.89) 27.6329: 0.1255 0 0.1206 0.005368
[5005] (22.89) 27.6393: 0.1257 0 0.1206 0.005349
[5006] (22.9) 27.6456: 0.1258 0 0.1205 0.005328
[5007] (22.9) 27.6519: 0.1259 0 0.1203 0.005305
[5008] (22.91) 27.6582: 0.126 0 0.1203 0.005281
[5009] (22.91) 27.6646: 0.1261 0 0.1203 0.005255
[5010] (22.91) 27.6709: 0.1263 0 0.1202 0.005228
[5011] (22.92) 27.6772: 0.1265 0 0.1202 0.005199
[5012] (22.92) 27.6836: 0.1267 0 0.1203 0.005169
[5013] (22.93) 27.6899: 0.1268 0 0.1202 0.005159
[5014] (22.93) 27.6962: 0.1269 0 0.12 0.005152
[5015] (22.94) 27.7025: 0.127 0 0.12 0.005156
[5016] (22.94) 27.7089: 0.1271 0 0.1201 0.005165
[5017] (22.94) 27.7152: 0.1273 0 0.1201 0.005187
[5018] (22.95) 27.7215: 0.1275 0 0.12 0.005203
[5019] (22.95) 27.7279: 0.1276 0 0.1198 0.005207
[5020] (22.96) 27.7342: 0.1277 0 0.1196 0.0052
[5021] (22.96) 27.7405: 0.1278 0 0.1197 0.005193
[5022] (22.96) 27.7468: 0.1279 0 0.1197 0.005196
[5023] (22.97) 27.7532: 0.128 0 0.1195 0.005198
[5024] (22.97) 27.7595: 0.1282 0 0.1193 0.005216
[5025] (22.98) 27.7658: 0.1284 0 0.119 0.00523
[5026] (22.98) 27.7722: 0.1285 0 0.119 0.005235
[5027] (22.99) 27.7785: 0.1286 0 0.1189 0.005267
[5028] (22.99) 27.7848: 0.1287 0 0.1188 0.005287
[5029] (22.99) 27.7911: 0.1288 0 0.1186 0.005291
[5030] (23) 27.7975: 0.129 0 0.1183 0.00528
[5031] (23) 27.8038: 0.1291 0 0.1179 0.005253
[5032] (23.01) 27.8101: 0.1292 0 0.1179 0.00521
[5033] (23.01) 27.8165: 0.1293 0 0.1178 0.005238
[5034] (23.01) 27.8228: 0.1294 0 0.1177 0.005273
[5035] (23.02) 27.8291: 0.1296 0 0.1178 0.005292
[5036] (23.02) 27.8354: 0.1298 0 0.1179 0.005295
[5037] (23.03) 27.8418: 0.1299 0 0.118 0.005281
[5038] (23.03) 27.8481: 0.13 0 0.1179 0.005253
[5039] (23.03) 27.8544: 0.1301 0 0.1179 0.00521
[5040] (23.04) 27.8608: 0.1303 0 0.1181 0.005209
[5041] (23.04) 27.8671: 0.1304 0 0.1182 0.005246
[5042] (23.05) 27.8734: 0.1306 0 0.1182 0.005269
[5043] (23.05) 27.8798: 0.1307 0 0.1181 0.005278
[5044] (23.05) 27.8861: 0.1308 0 0.118 0.005273
[5045] (23.06) 27.8924: 0.1309 0 0.118 0.005255
[5046] (23.06) 27.8987: 0.131 0 0.1181 0.005246
[5047] (23.07) 27.9051: 0.1312 0 0.1181 0.005237
[5048] (23.07) 27.9114: 0.1313 0 0.1181 0.005212
[5049] (23.08) 27.9177: 0.1315 0 0.1179 0.005185
[5050] (23.08) 27.9241: 0.1315 0 0.1176 0.005217
[5051] (23.08) 27.9304: 0.1316 0 0.1176 0.005256
[5052] (23.09) 27.9367: 0.1317 0 0.1176 0.00529
[5053] (23.09) 27.9430: 0.1319 0 0.1175 0.005311
[5054] (23.1) 27.9494: 0.1321 0 0.1177 0.00532
[5055] (23.1) 27.9557: 0.1322 0 0.1185 0.005316
[5056] (23.1) 27.9620: 0.1322 0 0.1192 0.0053
[5057] (23.11) 27.9684: 0.1322 0 0.12 0.005272
[5058] (23.11) 27.9747: 0.1324 0 0.1207 0.005264
[5059] (23.12) 27.9810: 0.1325 0 0.1212 0.005293
[5060] (23.12) 27.9873: 0.1327 0 0.1215 0.00532
[5061] (23.12) 27.9937: 0.1328 0 0.1216 0.005345
[5062] (23.13) 28.0000: 0.1328 0 0.1216 0.005366
*Write time: 0.0514608. Average write time: 0.0571822.
[5063] (23.19) 28.0063: 0.1328 0 0.1215 0.005383
[5064] (23.19) 28.0125: 0.1329 0 0.1216 0.005397
[5065] (23.19) 28.0188: 0.1331 0 0.1215 0.005407
[5066] (23.2) 28.0250: 0.1332 0 0.1213 0.005412
[5067] (23.2) 28.0313: 0.1332 0 0.1221 0.005414
[5068] (23.21) 28.0375: 0.1332 0 0.1228 0.00541
[5069] (23.21) 28.0438: 0.1332 0 0.1233 0.005402
[5070] (23.22) 28.0500: 0.1333 0 0.124 0.00539
[5071] (23.22) 28.0563: 0.1335 0 0.1247 0.005372
[5072] (23.22) 28.0625: 0.1336 0 0.1251 0.005351
[5073] (23.23) 28.0688: 0.1336 0 0.1254 0.005325
[5074] (23.23) 28.0750: 0.1336 0 0.1255 0.005294
[5075] (23.24) 28.0813: 0.1336 0 0.1254 0.00526
[5076] (23.24) 28.0875: 0.1337 0 0.1256 0.00523
[5077] (23.25) 28.0938: 0.1338 0 0.1258 0.005242
[5078] (23.25) 28.1000: 0.1339 0 0.1257 0.005249
[5079] (23.25) 28.1063: 0.1339 0 0.1254 0.00525
[5080] (23.26) 28.1125: 0.1338 0 0.125 0.005247
[5081] (23.26) 28.1188: 0.134 0 0.1246 0.00524
[5082] (23.27) 28.1250: 0.1341 0 0.1245 0.00523
[5083] (23.27) 28.1313: 0.1341 0 0.1247 0.005217
[5084] (23.27) 28.1375: 0.1341 0 0.1251 0.005203
[5085] (23.28) 28.1438: 0.1341 0 0.1257 0.005219
[5086] (23.28) 28.1500: 0.1342 0 0.1262 0.005231
[5087] (23.29) 28.1563: 0.1343 0 0.1264 0.005237
[5088] (23.29) 28.1625: 0.1344 0 0.1265 0.005237
[5089] (23.29) 28.1688: 0.1344 0 0.1265 0.005231
[5090] (23.3) 28.1750: 0.1344 0 0.1268 0.00522
[5091] (23.3) 28.1813: 0.1343 0 0.127 0.005203
[5092] (23.31) 28.1875: 0.1345 0 0.1269 0.005181
[5093] (23.31) 28.1938: 0.1346 0 0.1267 0.005153
[5094] (23.31) 28.2000: 0.1346 0 0.1265 0.005152
[5095] (23.32) 28.2063: 0.1346 0 0.1265 0.005207
[5096] (23.32) 28.2125: 0.1345 0 0.1264 0.005248
[5097] (23.33) 28.2188: 0.1345 0 0.1261 0.005277
[5098] (23.33) 28.2250: 0.1347 0 0.1257 0.005297
[5099] (23.33) 28.2313: 0.1347 0 0.1254 0.005307
[5100] (23.34) 28.2375: 0.1347 0 0.1252 0.005309
[5101] (23.34) 28.2438: 0.1346 0 0.1249 0.005322
[5102] (23.35) 28.2500: 0.1345 0 0.1244 0.005338
[5103] (23.35) 28.2563: 0.1346 0 0.1242 0.00538
[5104] (23.35) 28.2625: 0.1347 0 0.1241 0.005405
[5105] (23.36) 28.2688: 0.1347 0 0.1243 0.005414
[5106] (23.36) 28.2750: 0.1346 0 0.1245 0.005405
[5107] (23.37) 28.2813: 0.1345 0 0.1245 0.005379
[5108] (23.37) 28.2875: 0.1344 0 0.1243 0.005335
[5109] (23.37) 28.2938: 0.1346 0 0.124 0.005274
[5110] (23.38) 28.3000: 0.1346 0 0.1242 0.005195
[5111] (23.38) 28.3063: 0.1345 0 0.1241 0.005159
[5112] (23.39) 28.3125: 0.1344 0 0.124 0.005186
[5113] (23.39) 28.3188: 0.1342 0 0.1236 0.005209
[5114] (23.39) 28.3250: 0.1343 0 0.1232 0.005237
[5115] (23.4) 28.3313: 0.1343 0 0.1232 0.005258
[5116] (23.4) 28.3375: 0.1343 0 0.1231 0.00527
[5117] (23.41) 28.3438: 0.1342 0 0.1228 0.005273
[5118] (23.41) 28.3500: 0.1341 0 0.1223 0.005268
[5119] (23.41) 28.3563: 0.1339 0 0.1218 0.005255
[5120] (23.42) 28.3625: 0.1339 0 0.1216 0.005234
[5121] (23.42) 28.3688: 0.134 0 0.1214 0.00522
[5122] (23.43) 28.3750: 0.1339 0 0.121 0.005228
[5123] (23.43) 28.3813: 0.1338 0 0.1205 0.005231
[5124] (23.44) 28.3875: 0.1336 0 0.1199 0.005231
[5125] (23.44) 28.3938: 0.1334 0 0.1194 0.005226
[5126] (23.44) 28.4000: 0.1335 0 0.1192 0.005215
[5127] (23.45) 28.4063: 0.1335 0 0.1189 0.005198
[5128] (23.45) 28.4125: 0.1334 0 0.1184 0.005185
[5129] (23.46) 28.4188: 0.1332 0 0.1178 0.0052
[5130] (23.46) 28.4250: 0.133 0 0.1176 0.005235
[5131] (23.46) 28.4313: 0.1329 0 0.1174 0.005263
[5132] (23.47) 28.4375: 0.133 0 0.117 0.005269
[5133] (23.47) 28.4438: 0.133 0 0.1166 0.005254
[5134] (23.48) 28.4500: 0.1328 0 0.1161 0.005228
[5135] (23.48) 28.4563: 0.1326 0 0.1158 0.005248
[5136] (23.48) 28.4625: 0.1324 0 0.1155 0.00526
[5137] (23.49) 28.4688: 0.1324 0 0.1151 0.005265
[5138] (23.49) 28.4750: 0.1324 0 0.1147 0.005262
[5139] (23.5) 28.4813: 0.1323 0 0.1142 0.005272
[5140] (23.5) 28.4875: 0.1322 0 0.1138 0.005313
[5141] (23.51) 28.4938: 0.132 0 0.1134 0.005329
[5142] (23.51) 28.5000: 0.1317 0 0.1132 0.005321
[5143] (23.51) 28.5063: 0.1317 0 0.1129 0.005291
[5144] (23.52) 28.5125: 0.1317 0 0.1128 0.005239
[5145] (23.52) 28.5188: 0.1316 0 0.1127 0.005167
[5146] (23.53) 28.5250: 0.1315 0 0.1127 0.005077
[5147] (23.53) 28.5313: 0.1312 0 0.1126 0.005078
[5148] (23.53) 28.5375: 0.131 0 0.1124 0.005167
[5149] (23.54) 28.5438: 0.131 0 0.1122 0.005231
[5150] (23.54) 28.5500: 0.1309 0 0.112 0.005269
[5151] (23.55) 28.5563: 0.1309 0 0.1117 0.005278
[5152] (23.55) 28.5625: 0.1307 0 0.1115 0.00526
[5153] (23.55) 28.5688: 0.1305 0 0.1114 0.005312
[5154] (23.56) 28.5750: 0.1302 0 0.1112 0.005385
[5155] (23.56) 28.5813: 0.1301 0 0.1111 0.005435
[5156] (23.56) 28.5875: 0.1301 0 0.111 0.005461
[5157] (23.57) 28.5938: 0.13 0 0.1109 0.005464
[5158] (23.57) 28.6000: 0.1298 0 0.1109 0.005443
[5159] (23.58) 28.6063: 0.1296 0 0.111 0.005399
[5160] (23.58) 28.6125: 0.1293 0 0.1112 0.005334
[5161] (23.58) 28.6188: 0.1291 0 0.1114 0.005433
[5162] (23.59) 28.6250: 0.129 0 0.1116 0.005548
[5163] (23.59) 28.6313: 0.129 0 0.1119 0.005634
[5164] (23.6) 28.6375: 0.1288 0 0.1121 0.00569
[5165] (23.6) 28.6438: 0.1286 0 0.1123 0.005714
[5166] (23.6) 28.6500: 0.1283 0 0.1125 0.005707
[5167] (23.61) 28.6563: 0.128 0 0.1127 0.005669
[5168] (23.61) 28.6625: 0.128 0 0.1128 0.005601
[5169] (23.62) 28.6688: 0.1279 0 0.1129 0.005508
[5170] (23.62) 28.6750: 0.1277 0 0.113 0.005393
[5171] (23.62) 28.6813: 0.1275 0 0.1131 0.005486
[5172] (23.63) 28.6875: 0.1273 0 0.113 0.005572
[5173] (23.63) 28.6938: 0.127 0 0.113 0.005622
[5174] (23.64) 28.7000: 0.1268 0 0.1131 0.005635
[5175] (23.64) 28.7063: 0.1268 0 0.1133 0.005614
[5176] (23.64) 28.7125: 0.1266 0 0.1135 0.00556
[5177] (23.65) 28.7188: 0.1264 0 0.1138 0.005476
[5178] (23.65) 28.7250: 0.1262 0 0.114 0.005434
[5179] (23.66) 28.7313: 0.1259 0 0.1142 0.005436
[5180] (23.66) 28.7375: 0.1257 0 0.1144 0.005411
[5181] (23.66) 28.7438: 0.1256 0 0.1145 0.005362
[5182] (23.67) 28.7500: 0.1255 0 0.1146 0.005443
[5183] (23.67) 28.7563: 0.1253 0 0.1146 0.005592
[5184] (23.67) 28.7625: 0.125 0 0.1146 0.00571
[5185] (23.68) 28.7688: 0.1248 0 0.1145 0.005794
[5186] (23.68) 28.7765: 0.1246 0 0.1144 0.005855
[5187] (23.69) 28.7842: 0.1244 0 0.1143 0.00587
[5188] (23.69) 28.7919: 0.1242 0 0.1146 0.005843
[5189] (23.69) 28.7996: 0.1239 0 0.115 0.005781
[5190] (23.7) 28.8073: 0.1237 0 0.1154 0.005691
[5191] (23.7) 28.8150: 0.1238 0 0.1158 0.005634
[5192] (23.71) 28.8227: 0.1238 0 0.1162 0.005742
[5193] (23.71) 28.8304: 0.1237 0 0.1165 0.005806
[5194] (23.71) 28.8381: 0.1236 0 0.1168 0.005831
[5195] (23.72) 28.8458: 0.1235 0 0.117 0.00582
[5196] (23.72) 28.8535: 0.1235 0 0.1174 0.005779
[5197] (23.73) 28.8613: 0.1235 0 0.1178 0.005713
[5198] (23.73) 28.8690: 0.1234 0 0.1182 0.005625
[5199] (23.73) 28.8767: 0.1233 0 0.1186 0.00552
[5200] (23.74) 28.8844: 0.1234 0 0.1189 0.005402
[5201] (23.74) 28.8921: 0.1239 0 0.1194 0.005442
[5202] (23.75) 28.8998: 0.1242 0 0.1197 0.005455
[5203] (23.75) 28.9075: 0.1245 0 0.1201 0.00544
[5204] (23.75) 28.9152: 0.1246 0 0.1203 0.005431
[5205] (23.76) 28.9229: 0.1247 0 0.1203 0.005387
[5206] (23.76) 28.9306: 0.1249 0 0.1202 0.005313
[5207] (23.77) 28.9383: 0.1253 0 0.1205 0.005424
[5208] (23.77) 28.9460: 0.1256 0 0.121 0.005558
[5209] (23.77) 28.9538: 0.1258 0 0.1214 0.005648
[5210] (23.78) 28.9615: 0.1259 0 0.1217 0.005697
[5211] (23.78) 28.9692: 0.1258 0 0.122 0.005708
[5212] (23.79) 28.9769: 0.1261 0 0.122 0.005684
[5213] (23.79) 28.9846: 0.1264 0 0.1219 0.00563
[5214] (23.8) 28.9923: 0.1266 0 0.1219 0.005549
[5215] (23.8) 29.0000: 0.1268 0 0.1218 0.005448
*Write time: 0.0517255. Average write time: 0.0569941.
[5216] (23.86) 29.0077: 0.1268 0 0.1221 0.005472
[5217] (23.86) 29.0153: 0.1272 0 0.1225 0.005529
[5218] (23.87) 29.0230: 0.1275 0 0.1228 0.00555
[5219] (23.87) 29.0306: 0.1277 0 0.123 0.005537
[5220] (23.87) 29.0382: 0.1278 0 0.123 0.00549
[5221] (23.88) 29.0459: 0.1278 0 0.123 0.005414
[5222] (23.88) 29.0535: 0.1281 0 0.123 0.005311
[5223] (23.89) 29.0611: 0.1284 0 0.1227 0.005441
[5224] (23.89) 29.0686: 0.1286 0 0.1224 0.005543
[5225] (23.89) 29.0762: 0.1286 0 0.1228 0.005603
[5226] (23.9) 29.0838: 0.1286 0 0.1231 0.005622
[5227] (23.9) 29.0914: 0.1289 0 0.1232 0.005602
[5228] (23.9) 29.0989: 0.1292 0 0.1233 0.005547
[5229] (23.91) 29.1064: 0.1293 0 0.1234 0.005462
[5230] (23.91) 29.1139: 0.1293 0 0.1233 0.005523
[5231] (23.92) 29.1213: 0.1294 0 0.123 0.005632
[5232] (23.92) 29.1288: 0.1296 0 0.1227 0.005699
[5233] (23.92) 29.1362: 0.1298 0 0.1224 0.005725
[5234] (23.93) 29.1437: 0.1298 0 0.1224 0.00571
[5235] (23.93) 29.1511: 0.1298 0 0.1226 0.005657
[5236] (23.94) 29.1586: 0.1301 0 0.1229 0.00557
[5237] (23.94) 29.1660: 0.1303 0 0.123 0.005452
[5238] (23.94) 29.1735: 0.1304 0 0.123 0.005312
[5239] (23.95) 29.1809: 0.1304 0 0.1229 0.005315
[5240] (23.95) 29.1883: 0.1305 0 0.1226 0.005314
[5241] (23.96) 29.1958: 0.1308 0 0.1223 0.005272
[5242] (23.96) 29.2032: 0.1309 0 0.1219 0.005239
[5243] (23.96) 29.2107: 0.1309 0 0.1213 0.00527
[5244] (23.97) 29.2181: 0.1309 0 0.1216 0.005423
[5245] (23.97) 29.2256: 0.1312 0 0.1219 0.005554
[5246] (23.98) 29.2330: 0.1313 0 0.122 0.00563
[5247] (23.98) 29.2403: 0.1314 0 0.122 0.005654
[5248] (23.98) 29.2476: 0.1314 0 0.1219 0.00563
[5249] (23.99) 29.2549: 0.1314 0 0.1217 0.005561
[5250] (23.99) 29.2622: 0.1317 0 0.1214 0.005452
[5251] (24) 29.2695: 0.1318 0 0.1211 0.005432
[5252] (24) 29.2768: 0.1318 0 0.1208 0.005517
[5253] (24.01) 29.2841: 0.1318 0 0.1206 0.005548
[5254] (24.01) 29.2914: 0.1319 0 0.1204 0.005528
[5255] (24.01) 29.2987: 0.132 0 0.1204 0.005461
[5256] (24.02) 29.3060: 0.1321 0 0.1205 0.005371
[5257] (24.02) 29.3133: 0.1321 0 0.1206 0.005375
[5258] (24.03) 29.3206: 0.132 0 0.1205 0.005364
[5259] (24.03) 29.3279: 0.1323 0 0.1204 0.005345
[5260] (24.03) 29.3352: 0.1324 0 0.1203 0.005418
[5261] (24.04) 29.3425: 0.1324 0 0.1202 0.005431
[5262] (24.04) 29.3498: 0.1323 0 0.1201 0.005389
[5263] (24.05) 29.3571: 0.1324 0 0.1202 0.005316
[5264] (24.05) 29.3644: 0.1326 0 0.1202 0.005387
[5265] (24.05) 29.3717: 0.1327 0 0.1202 0.005548
[5266] (24.06) 29.3791: 0.1326 0 0.1203 0.005639
[5267] (24.06) 29.3864: 0.1325 0 0.1203 0.005663
[5268] (24.07) 29.3937: 0.1327 0 0.1203 0.005624
[5269] (24.07) 29.4010: 0.1328 0 0.1203 0.005529
[5270] (24.08) 29.4083: 0.1328 0 0.1202 0.005385
[5271] (24.08) 29.4156: 0.1327 0 0.1201 0.005388
[5272] (24.08) 29.4229: 0.1327 0 0.1199 0.005454
[5273] (24.09) 29.4302: 0.1329 0 0.1197 0.005447
[5274] (24.09) 29.4375: 0.1329 0 0.1199 0.005403
[5275] (24.1) 29.4448: 0.1328 0 0.1201 0.005393
[5276] (24.1) 29.4521: 0.1327 0 0.1202 0.00537
[5277] (24.1) 29.4594: 0.1328 0 0.1202 0.005367
[5278] (24.11) 29.4667: 0.1329 0 0.1202 0.00539
[5279] (24.11) 29.4740: 0.1329 0 0.1201 0.005399
[5280] (24.12) 29.4813: 0.1327 0 0.12 0.005408
[5281] (24.12) 29.4886: 0.1328 0 0.1198 0.005475
[5282] (24.12) 29.4959: 0.1329 0 0.1195 0.005464
[5283] (24.13) 29.5032: 0.1329 0 0.1191 0.005381
[5284] (24.13) 29.5105: 0.1328 0 0.1188 0.005278
[5285] (24.14) 29.5179: 0.1327 0 0.1189 0.005425
[5286] (24.14) 29.5252: 0.1328 0 0.1189 0.005555
[5287] (24.14) 29.5325: 0.1329 0 0.1189 0.005595
[5288] (24.15) 29.5398: 0.1328 0 0.1189 0.005549
[5289] (24.15) 29.5471: 0.1326 0 0.1188 0.005424
[5290] (24.16) 29.5544: 0.1326 0 0.1186 0.005355
[5291] (24.16) 29.5617: 0.1327 0 0.1184 0.005336
[5292] (24.16) 29.5690: 0.1327 0 0.1181 0.005404
[5293] (24.17) 29.5763: 0.1326 0 0.1177 0.005376
[5294] (24.17) 29.5836: 0.1323 0 0.1172 0.005408
[5295] (24.18) 29.5909: 0.1324 0 0.1172 0.005424
[5296] (24.18) 29.5982: 0.1325 0 0.1173 0.005423
[5297] (24.18) 29.6055: 0.1324 0 0.1172 0.005405
[5298] (24.19) 29.6128: 0.1322 0 0.1171 0.005373
[5299] (24.19) 29.6201: 0.1319 0 0.1168 0.005372
[5300] (24.2) 29.6274: 0.132 0 0.1165 0.005404
[5301] (24.2) 29.6347: 0.1321 0 0.1162 0.00542
[5302] (24.2) 29.6420: 0.132 0 0.1159 0.005422
[5303] (24.21) 29.6493: 0.1317 0 0.1155 0.005409
[5304] (24.21) 29.6567: 0.1315 0 0.1151 0.005383
[5305] (24.22) 29.6640: 0.1316 0 0.1146 0.00538
[5306] (24.22) 29.6713: 0.1315 0 0.1146 0.005366
[5307] (24.22) 29.6786: 0.1314 0 0.1146 0.005327
[5308] (24.23) 29.6859: 0.1311 0 0.1144 0.005329
[5309] (24.23) 29.6932: 0.131 0 0.1142 0.005374
[5310] (24.24) 29.7005: 0.131 0 0.114 0.005396
[5311] (24.24) 29.7078: 0.131 0 0.1136 0.005389
[5312] (24.24) 29.7151: 0.1308 0 0.1131 0.005351
[5313] (24.25) 29.7224: 0.1305 0 0.1125 0.005321
[5314] (24.25) 29.7297: 0.1304 0 0.112 0.00538
[5315] (24.26) 29.7370: 0.1304 0 0.1115 0.00541
[5316] (24.26) 29.7443: 0.1303 0 0.1111 0.005409
[5317] (24.27) 29.7516: 0.1301 0 0.111 0.005377
[5318] (24.27) 29.7589: 0.1297 0 0.1107 0.00532
[5319] (24.27) 29.7662: 0.1297 0 0.1104 0.005391
[5320] (24.28) 29.7735: 0.1298 0 0.1102 0.005432
[5321] (24.28) 29.7808: 0.1298 0 0.1099 0.00544
[5322] (24.29) 29.7881: 0.1297 0 0.1105 0.005414
[5323] (24.29) 29.7955: 0.1299 0 0.1111 0.005356
[5324] (24.29) 29.8028: 0.1301 0 0.1115 0.005387
[5325] (24.3) 29.8101: 0.1302 0 0.1118 0.005444
[5326] (24.3) 29.8174: 0.1301 0 0.1119 0.005467
[5327] (24.31) 29.8247: 0.13 0 0.1119 0.005454
[5328] (24.31) 29.8320: 0.1301 0 0.1119 0.005405
[5329] (24.31) 29.8393: 0.1303 0 0.1118 0.005348
[5330] (24.32) 29.8466: 0.1303 0 0.1115 0.005427
[5331] (24.32) 29.8539: 0.1303 0 0.1119 0.005472
[5332] (24.33) 29.8612: 0.1301 0 0.1122 0.00548
[5333] (24.33) 29.8685: 0.13 0 0.1125 0.005449
[5334] (24.33) 29.8758: 0.1302 0 0.1128 0.00538
[5335] (24.34) 29.8831: 0.1302 0 0.113 0.005368
[5336] (24.34) 29.8904: 0.1302 0 0.113 0.00544
[5337] (24.35) 29.8977: 0.13 0 0.1129 0.005474
[5338] (24.35) 29.9050: 0.1297 0 0.1127 0.005469
[5339] (24.36) 29.9123: 0.1299 0 0.1124 0.005423
[5340] (24.36) 29.9196: 0.1299 0 0.112 0.005339
[5341] (24.36) 29.9269: 0.1298 0 0.1124 0.005361
[5342] (24.37) 29.9343: 0.1296 0 0.1127 0.005423
[5343] (24.37) 29.9416: 0.1293 0 0.1129 0.005447
[5344] (24.38) 29.9489: 0.1293 0 0.113 0.005429
[5345] (24.38) 29.9562: 0.1294 0 0.113 0.005371
[5346] (24.38) 29.9635: 0.1293 0 0.1128 0.005274
[5347] (24.39) 29.9708: 0.1291 0 0.1125 0.00534
[5348] (24.39) 29.9781: 0.1292 0 0.1122 0.00539
[5349] (24.4) 29.9854: 0.1294 0 0.112 0.0054
[5350] (24.4) 29.9927: 0.1296 0 0.1117 0.00537
[5351] (24.4) 30.0000: 0.1298 0 0.1112 0.005301
*Write time: 0.0497127. Average write time: 0.0567514.
[5352] (24.46) 30.0073: 0.13 0 0.1113 0.005249
[5353] (24.46) 30.0145: 0.1303 0 0.1115 0.005316
[5354] (24.47) 30.0218: 0.1305 0 0.1116 0.00535
[5355] (24.47) 30.0290: 0.1307 0 0.1116 0.005346
[5356] (24.48) 30.0363: 0.1308 0 0.1116 0.005304
[5357] (24.48) 30.0435: 0.1309 0 0.1114 0.005224
[5358] (24.48) 30.0508: 0.1311 0 0.1111 0.005237
[5359] (24.49) 30.0580: 0.1314 0 0.1108 0.005287
[5360] (24.49) 30.0653: 0.1316 0 0.1103 0.005304
[5361] (24.5) 30.0725: 0.1317 0 0.1098 0.005285
[5362] (24.5) 30.0798: 0.1318 0 0.1093 0.00523
[5363] (24.51) 30.0870: 0.1319 0 0.1089 0.00517
[5364] (24.51) 30.0943: 0.1321 0 0.1087 0.005232
[5365] (24.51) 30.1015: 0.1324 0 0.1085 0.005265
[5366] (24.52) 30.1087: 0.1325 0 0.1084 0.005266
[5367] (24.52) 30.1160: 0.1326 0 0.1084 0.005231
[5368] (24.53) 30.1232: 0.1326 0 0.1083 0.005198
[5369] (24.53) 30.1305: 0.1327 0 0.1081 0.005205
[5370] (24.53) 30.1377: 0.1329 0 0.1078 0.005233
[5371] (24.54) 30.1450: 0.1331 0 0.1075 0.005249
[5372] (24.54) 30.1522: 0.1332 0 0.1071 0.005234
[5373] (24.55) 30.1595: 0.1332 0 0.1066 0.005185
[5374] (24.55) 30.1667: 0.1331 0 0.1061 0.005201
[5375] (24.56) 30.1740: 0.1333 0 0.1056 0.005257
[5376] (24.56) 30.1812: 0.1335 0 0.105 0.005277
[5377] (24.56) 30.1884: 0.1335 0 0.1045 0.005257
[5378] (24.57) 30.1957: 0.1335 0 0.1039 0.005195
[5379] (24.57) 30.2029: 0.1334 0 0.1035 0.005134
[5380] (24.58) 30.2102: 0.1336 0 0.103 0.005148
[5381] (24.58) 30.2174: 0.1337 0 0.1029 0.005194
[5382] (24.58) 30.2247: 0.1338 0 0.1027 0.005258
[5383] (24.59) 30.2319: 0.1337 0 0.1024 0.005286
[5384] (24.59) 30.2392: 0.1336 0 0.1021 0.005274
[5385] (24.6) 30.2464: 0.1339 0 0.1017 0.005218
[5386] (24.6) 30.2537: 0.134 0 0.1014 0.005162
[5387] (24.61) 30.2609: 0.134 0 0.1009 0.005199
[5388] (24.61) 30.2682: 0.1339 0 0.1005 0.005206
[5389] (24.61) 30.2754: 0.1337 0 0.1001 0.005232
[5390] (24.62) 30.2826: 0.1339 0 0.0996 0.005266
[5391] (24.62) 30.2899: 0.134 0 0.09915 0.005258
[5392] (24.63) 30.2971: 0.134 0 0.09883 0.005203
[5393] (24.63) 30.3044: 0.1339 0 0.0987 0.005202
[5394] (24.64) 30.3116: 0.1337 0 0.09853 0.005202
[5395] (24.64) 30.3189: 0.1335 0 0.09833 0.005173
[5396] (24.64) 30.3261: 0.1336 0 0.0981 0.005205
[5397] (24.65) 30.3334: 0.1336 0 0.09785 0.005239
[5398] (24.65) 30.3406: 0.1335 0 0.09759 0.005227
[5399] (24.66) 30.3479: 0.1333 0 0.09736 0.0052
[5400] (24.66) 30.3551: 0.133 0 0.09726 0.005198
[5401] (24.66) 30.3624: 0.1328 0 0.09729 0.005194
[5402] (24.67) 30.3696: 0.1328 0 0.09759 0.005165
[5403] (24.67) 30.3768: 0.1327 0 0.09789 0.005151
[5404] (24.68) 30.3841: 0.1326 0 0.09818 0.005177
[5405] (24.68) 30.3913: 0.1324 0 0.09846 0.005197
[5406] (24.69) 30.3986: 0.1322 0 0.09872 0.00524
[5407] (24.69) 30.4058: 0.1319 0 0.09895 0.005246
[5408] (24.69) 30.4131: 0.1317 0 0.09915 0.005205
[5409] (24.7) 30.4203: 0.1317 0 0.09931 0.005118
[5410] (24.7) 30.4276: 0.1316 0 0.09945 0.005178
[5411] (24.71) 30.4348: 0.1314 0 0.09964 0.005243
[5412] (24.71) 30.4421: 0.1313 0 0.09991 0.005291
[5413] (24.71) 30.4493: 0.1314 0 0.1002 0.005289
[5414] (24.72) 30.4566: 0.1314 0 0.1004 0.005237
[5415] (24.72) 30.4638: 0.1312 0 0.1006 0.005138
[5416] (24.73) 30.4710: 0.1309 0 0.1008 0.005204
[5417] (24.73) 30.4783: 0.1311 0 0.1009 0.005297
[5418] (24.74) 30.4855: 0.1312 0 0.101 0.00534
[5419] (24.74) 30.4928: 0.1312 0 0.1011 0.005331
[5420] (24.74) 30.5000: 0.1311 0 0.1012 0.005269
[5421] (24.75) 30.5073: 0.1308 0 0.1013 0.005158
[5422] (24.75) 30.5145: 0.1308 0 0.1014 0.005255
[5423] (24.76) 30.5218: 0.1309 0 0.1016 0.005348
[5424] (24.76) 30.5290: 0.1309 0 0.1017 0.005388
[5425] (24.77) 30.5363: 0.1308 0 0.1019 0.005374
[5426] (24.77) 30.5435: 0.1305 0 0.1021 0.005305
[5427] (24.77) 30.5507: 0.1303 0 0.1022 0.005184
[5428] (24.78) 30.5580: 0.1305 0 0.1023 0.005295
[5429] (24.78) 30.5652: 0.1305 0 0.1024 0.005391
[5430] (24.79) 30.5725: 0.1304 0 0.1025 0.005432
[5431] (24.79) 30.5797: 0.1301 0 0.1026 0.005416
[5432] (24.79) 30.5870: 0.1296 0 0.1027 0.005343
[5433] (24.8) 30.5942: 0.1298 0 0.1028 0.005214
[5434] (24.8) 30.6015: 0.1299 0 0.1028 0.005322
[5435] (24.81) 30.6087: 0.1301 0 0.1029 0.005427
[5436] (24.81) 30.6160: 0.1302 0 0.1029 0.005474
[5437] (24.81) 30.6232: 0.1302 0 0.1031 0.005462
[5438] (24.82) 30.6305: 0.13 0 0.1032 0.005389
[5439] (24.82) 30.6377: 0.1298 0 0.1034 0.005257
[5440] (24.83) 30.6449: 0.1302 0 0.1035 0.005341
[5441] (24.83) 30.6522: 0.1304 0 0.1036 0.00546
[5442] (24.84) 30.6594: 0.1305 0 0.1037 0.005519
[5443] (24.84) 30.6667: 0.1304 0 0.1037 0.005517
[5444] (24.84) 30.6739: 0.1302 0 0.1037 0.00545
[5445] (24.85) 30.6812: 0.1301 0 0.1037 0.00532
[5446] (24.85) 30.6884: 0.1304 0 0.1036 0.005347
[5447] (24.86) 30.6957: 0.1306 0 0.1036 0.005484
[5448] (24.86) 30.7029: 0.1306 0 0.1037 0.00556
[5449] (24.86) 30.7102: 0.1305 0 0.1038 0.005573
[5450] (24.87) 30.7174: 0.1302 0 0.1038 0.005518
[5451] (24.87) 30.7247: 0.1303 0 0.1039 0.005396
[5452] (24.88) 30.7319: 0.1305 0 0.1038 0.005334
[5453] (24.88) 30.7391: 0.1306 0 0.1038 0.005493
[5454] (24.88) 30.7464: 0.1305 0 0.1037 0.005591
[5455] (24.89) 30.7536: 0.1303 0 0.1036 0.005624
[5456] (24.89) 30.7609: 0.1301 0 0.1035 0.005587
[5457] (24.9) 30.7681: 0.1304 0 0.1034 0.00548
[5458] (24.9) 30.7754: 0.1305 0 0.1033 0.005304
[5459] (24.9) 30.7826: 0.1304 0 0.1032 0.005482
[5460] (24.91) 30.7899: 0.1302 0 0.1032 0.005606
[5461] (24.91) 30.7971: 0.1299 0 0.1032 0.005664
[5462] (24.92) 30.8044: 0.1302 0 0.1031 0.005651
[5463] (24.92) 30.8116: 0.1303 0 0.103 0.005565
[5464] (24.93) 30.8189: 0.1302 0 0.1029 0.005408
[5465] (24.93) 30.8261: 0.1299 0 0.1028 0.005438
[5466] (24.93) 30.8333: 0.1297 0 0.1027 0.00559
[5467] (24.94) 30.8406: 0.1299 0 0.1026 0.005678
[5468] (24.94) 30.8478: 0.13 0 0.1024 0.005696
[5469] (24.95) 30.8551: 0.13 0 0.1023 0.005639
[5470] (24.95) 30.8623: 0.1297 0 0.1022 0.005509
[5471] (24.95) 30.8696: 0.1296 0 0.102 0.00535
[5472] (24.96) 30.8768: 0.1296 0 0.1019 0.005534
[5473] (24.96) 30.8841: 0.1297 0 0.1018 0.005656
[5474] (24.97) 30.8913: 0.1296 0 0.1017 0.005709
[5475] (24.97) 30.8986: 0.1294 0 0.1016 0.005689
[5476] (24.98) 30.9058: 0.1295 0 0.1015 0.005595
[5477] (24.98) 30.9130: 0.1292 0 0.1014 0.005428
[5478] (24.98) 30.9203: 0.1293 0 0.1013 0.005429
[5479] (24.99) 30.9275: 0.1291 0 0.1012 0.005587
[5480] (24.99) 30.9348: 0.1293 0 0.101 0.005681
[5481] (25) 30.9420: 0.1294 0 0.1009 0.005705
[5482] (25) 30.9493: 0.1295 0 0.1008 0.005656
[5483] (25.01) 30.9565: 0.1295 0 0.1007 0.005533
[5484] (25.01) 30.9638: 0.1296 0 0.1006 0.00534
[5485] (25.01) 30.9710: 0.1297 0 0.1005 0.005467
[5486] (25.02) 30.9783: 0.1298 0 0.1004 0.005605
[5487] (25.02) 30.9855: 0.1299 0 0.1003 0.005678
[5488] (25.03) 30.9928: 0.1299 0 0.1001 0.005681
[5489] (25.03) 31.0000: 0.13 0 0.09998 0.005611
*Write time: 0.0508049. Average write time: 0.0565595.
[5490] (25.09) 31.0072: 0.1302 0 0.09981 0.005471
[5491] (25.09) 31.0143: 0.1304 0 0.09963 0.005286
[5492] (25.09) 31.0214: 0.1307 0 0.0995 0.005466
[5493] (25.1) 31.0285: 0.1309 0 0.09935 0.005591
[5494] (25.1) 31.0356: 0.131 0 0.09917 0.005655
[5495] (25.11) 31.0427: 0.1311 0 0.09897 0.005653
[5496] (25.11) 31.0498: 0.1313 0 0.09885 0.005583
[5497] (25.11) 31.0569: 0.1316 0 0.09877 0.005444
[5498] (25.12) 31.0640: 0.1318 0 0.09866 0.005241
[5499] (25.12) 31.0711: 0.132 0 0.09854 0.005422
[5500] (25.13) 31.0782: 0.132 0 0.0984 0.00555
[5501] (25.13) 31.0852: 0.1322 0 0.09824 0.005618
[5502] (25.14) 31.0923: 0.1325 0 0.09806 0.005621
[5503] (25.14) 31.0994: 0.1327 0 0.09785 0.005557
[5504] (25.14) 31.1065: 0.1328 0 0.09763 0.005426
[5505] (25.15) 31.1136: 0.1329 0 0.09738 0.005229
[5506] (25.15) 31.1207: 0.1331 0 0.0971 0.005346
[5507] (25.16) 31.1278: 0.1334 0 0.09681 0.005481
[5508] (25.16) 31.1349: 0.1336 0 0.09666 0.005558
[5509] (25.16) 31.1420: 0.1337 0 0.09649 0.005572
[5510] (25.17) 31.1491: 0.1337 0 0.09629 0.005519
[5511] (25.17) 31.1562: 0.134 0 0.09608 0.0054
[5512] (25.18) 31.1632: 0.1341 0 0.09584 0.005215
[5513] (25.18) 31.1703: 0.1343 0 0.09558 0.005234
[5514] (25.18) 31.1774: 0.1343 0 0.09529 0.005379
[5515] (25.19) 31.1845: 0.1345 0 0.09498 0.005468
[5516] (25.19) 31.1916: 0.1347 0 0.09464 0.005496
[5517] (25.2) 31.1987: 0.1348 0 0.09428 0.005458
[5518] (25.2) 31.2058: 0.1349 0 0.0939 0.005355
[5519] (25.21) 31.2129: 0.1351 0 0.09367 0.005188
[5520] (25.21) 31.2200: 0.1354 0 0.09342 0.005181
[5521] (25.21) 31.2271: 0.1355 0 0.09314 0.005238
[5522] (25.22) 31.2342: 0.1356 0 0.09285 0.005341
[5523] (25.22) 31.2413: 0.1356 0 0.09252 0.005384
[5524] (25.23) 31.2483: 0.1358 0 0.09218 0.005365
[5525] (25.23) 31.2554: 0.136 0 0.09181 0.005283
[5526] (25.23) 31.2625: 0.1361 0 0.09141 0.005234
[5527] (25.24) 31.2696: 0.1361 0 0.091 0.005259
[5528] (25.24) 31.2767: 0.1361 0 0.09057 0.005275
[5529] (25.25) 31.2838: 0.1361 0 0.09012 0.005236
[5530] (25.25) 31.2909: 0.1363 0 0.08977 0.005229
[5531] (25.25) 31.2980: 0.1364 0 0.08944 0.005226
[5532] (25.26) 31.3051: 0.1364 0 0.08908 0.005211
[5533] (25.26) 31.3122: 0.1364 0 0.08878 0.005227
[5534] (25.27) 31.3193: 0.1363 0 0.0889 0.005306
[5535] (25.27) 31.3263: 0.1364 0 0.08899 0.005331
[5536] (25.28) 31.3334: 0.1365 0 0.08907 0.005301
[5537] (25.28) 31.3405: 0.1365 0 0.08911 0.005218
[5538] (25.28) 31.3476: 0.1367 0 0.08913 0.005086
[5539] (25.29) 31.3547: 0.1368 0 0.08919 0.005087
[5540] (25.29) 31.3618: 0.137 0 0.08931 0.005223
[5541] (25.3) 31.3689: 0.1372 0 0.08941 0.00531
[5542] (25.3) 31.3760: 0.1374 0 0.08948 0.005346
[5543] (25.3) 31.3831: 0.1376 0 0.08953 0.00533
[5544] (25.31) 31.3902: 0.1377 0 0.08956 0.005264
[5545] (25.31) 31.3972: 0.1379 0 0.08956 0.005153
[5546] (25.31) 31.4042: 0.1381 0 0.08958 0.00502
[5547] (25.32) 31.4112: 0.1383 0 0.08969 0.005161
[5548] (25.32) 31.4182: 0.1384 0 0.08978 0.005258
[5549] (25.33) 31.4252: 0.1386 0 0.08986 0.00531
[5550] (25.33) 31.4322: 0.1388 0 0.08994 0.005316
[5551] (25.33) 31.4392: 0.139 0 0.09007 0.005276
[5552] (25.34) 31.4462: 0.1391 0 0.0902 0.005199
[5553] (25.34) 31.4533: 0.1392 0 0.09031 0.005209
[5554] (25.35) 31.4603: 0.1393 0 0.09043 0.005212
[5555] (25.35) 31.4673: 0.1395 0 0.09059 0.005208
[5556] (25.35) 31.4742: 0.1397 0 0.09073 0.005214
[5557] (25.36) 31.4810: 0.1398 0 0.09086 0.005246
[5558] (25.36) 31.4878: 0.1398 0 0.09097 0.005239
[5559] (25.37) 31.4945: 0.1399 0 0.09107 0.005196
[5560] (25.37) 31.5012: 0.14 0 0.09134 0.005121
[5561] (25.37) 31.5080: 0.1401 0 0.09157 0.005056
[5562] (25.38) 31.5147: 0.1402 0 0.09175 0.00501
[5563] (25.38) 31.5215: 0.1403 0 0.09193 0.00504
[5564] (25.39) 31.5282: 0.1403 0 0.09211 0.005105
[5565] (25.39) 31.5349: 0.1403 0 0.09225 0.005136
[5566] (25.39) 31.5417: 0.1403 0 0.09235 0.005135
[5567] (25.4) 31.5484: 0.1404 0 0.09267 0.005104
[5568] (25.4) 31.5552: 0.1404 0 0.09298 0.005043
[5569] (25.41) 31.5619: 0.1405 0 0.09325 0.005014
[5570] (25.41) 31.5686: 0.1405 0 0.09349 0.005033
[5571] (25.42) 31.5754: 0.1405 0 0.09368 0.005045
[5572] (25.42) 31.5821: 0.1406 0 0.09383 0.005049
[5573] (25.42) 31.5889: 0.1406 0 0.09395 0.005046
[5574] (25.43) 31.5956: 0.1407 0 0.09402 0.005036
[5575] (25.43) 31.6023: 0.1408 0 0.09407 0.005019
[5576] (25.44) 31.6091: 0.1409 0 0.09438 0.004994
[5577] (25.44) 31.6158: 0.141 0 0.09464 0.004963
[5578] (25.44) 31.6226: 0.1411 0 0.09486 0.004926
[5579] (25.45) 31.6293: 0.1412 0 0.09504 0.004914
[5580] (25.45) 31.6360: 0.1413 0 0.09518 0.004954
[5581] (25.46) 31.6428: 0.1413 0 0.09527 0.004959
[5582] (25.46) 31.6495: 0.1414 0 0.09533 0.004929
[5583] (25.46) 31.6563: 0.1415 0 0.09534 0.004867
[5584] (25.47) 31.6630: 0.1415 0 0.09531 0.004774
[5585] (25.47) 31.6697: 0.1416 0 0.09532 0.004783
[5586] (25.48) 31.6765: 0.1417 0 0.09554 0.004889
[5587] (25.48) 31.6832: 0.1418 0 0.09572 0.004976
[5588] (25.48) 31.6900: 0.1419 0 0.09587 0.005029
[5589] (25.49) 31.6967: 0.1419 0 0.09598 0.005047
[5590] (25.49) 31.7034: 0.1419 0 0.09606 0.00503
[5591] (25.5) 31.7102: 0.142 0 0.0961 0.00498
[5592] (25.5) 31.7169: 0.1421 0 0.09623 0.004904
[5593] (25.51) 31.7237: 0.1422 0 0.09648 0.004891
[5594] (25.51) 31.7304: 0.1422 0 0.09669 0.004875
[5595] (25.51) 31.7371: 0.1422 0 0.09687 0.004976
[5596] (25.52) 31.7439: 0.1423 0 0.097 0.005044
[5597] (25.52) 31.7506: 0.1422 0 0.0971 0.005079
[5598] (25.53) 31.7574: 0.1423 0 0.09715 0.00508
[5599] (25.53) 31.7641: 0.1423 0 0.09717 0.005051
[5600] (25.53) 31.7708: 0.1423 0 0.09715 0.004992
[5601] (25.54) 31.7776: 0.1424 0 0.09709 0.004923
[5602] (25.54) 31.7843: 0.1424 0 0.09705 0.004947
[5603] (25.55) 31.7911: 0.1424 0 0.09722 0.004962
[5604] (25.55) 31.7978: 0.1424 0 0.09735 0.004998
[5605] (25.55) 31.8045: 0.1424 0 0.09744 0.005055
[5606] (25.56) 31.8113: 0.1424 0 0.09749 0.005081
[5607] (25.56) 31.8180: 0.1425 0 0.09749 0.005077
[5608] (25.57) 31.8248: 0.1426 0 0.09746 0.005046
[5609] (25.57) 31.8315: 0.1427 0 0.0974 0.004988
[5610] (25.58) 31.8382: 0.1428 0 0.09734 0.004907
[5611] (25.58) 31.8450: 0.143 0 0.0974 0.004928
[5612] (25.58) 31.8517: 0.1431 0 0.09746 0.004953
[5613] (25.59) 31.8585: 0.1432 0 0.0975 0.004973
[5614] (25.59) 31.8652: 0.1433 0 0.09754 0.005027
[5615] (25.6) 31.8719: 0.1435 0 0.09756 0.005053
[5616] (25.6) 31.8787: 0.1436 0 0.09762 0.005053
[5617] (25.6) 31.8854: 0.1437 0 0.09769 0.005027
[5618] (25.61) 31.8922: 0.1438 0 0.09774 0.004977
[5619] (25.61) 31.8989: 0.1439 0 0.09779 0.004905
[5620] (25.62) 31.9056: 0.1439 0 0.09786 0.004819
[5621] (25.62) 31.9124: 0.144 0 0.09795 0.00483
[5622] (25.63) 31.9191: 0.1441 0 0.09802 0.004912
[5623] (25.63) 31.9259: 0.1442 0 0.09807 0.004969
[5624] (25.63) 31.9326: 0.1443 0 0.09812 0.005001
[5625] (25.64) 31.9393: 0.1443 0 0.09815 0.005008
[5626] (25.64) 31.9461: 0.1444 0 0.09817 0.004991
[5627] (25.65) 31.9528: 0.1444 0 0.09818 0.004952
[5628] (25.65) 31.9596: 0.1443 0 0.09818 0.004891
[5629] (25.65) 31.9663: 0.1443 0 0.09819 0.004812
[5630] (25.66) 31.9730: 0.1444 0 0.09823 0.004734
[5631] (25.66) 31.9798: 0.1445 0 0.09826 0.004819
[5632] (25.67) 31.9865: 0.1445 0 0.09828 0.004881
[5633] (25.67) 31.9933: 0.1445 0 0.09827 0.004921
[5634] (25.67) 32.0000: 0.1445 0 0.09825 0.004937
*Write time: 0.0560325. Average write time: 0.0565431.
[5635] (25.74) 32.0067: 0.1444 0 0.09822 0.004932
[5636] (25.74) 32.0134: 0.1444 0 0.09817 0.004905
[5637] (25.74) 32.0201: 0.1445 0 0.0981 0.004888
[5638] (25.75) 32.0268: 0.1446 0 0.09803 0.004885
[5639] (25.75) 32.0336: 0.1446 0 0.09794 0.004872
[5640] (25.76) 32.0403: 0.1446 0 0.09784 0.00485
[5641] (25.76) 32.0470: 0.1446 0 0.09776 0.00482
[5642] (25.77) 32.0537: 0.1447 0 0.09777 0.004811
[5643] (25.77) 32.0604: 0.1448 0 0.09777 0.004841
[5644] (25.77) 32.0671: 0.1449 0 0.09775 0.004851
[5645] (25.78) 32.0738: 0.1449 0 0.09773 0.004842
[5646] (25.78) 32.0805: 0.1448 0 0.09769 0.004815
[5647] (25.79) 32.0872: 0.1448 0 0.09764 0.004771
[5648] (25.79) 32.0940: 0.1449 0 0.09763 0.004774
[5649] (25.79) 32.1007: 0.1449 0 0.09761 0.004779
[5650] (25.8) 32.1074: 0.145 0 0.09757 0.004774
[5651] (25.8) 32.1141: 0.145 0 0.09753 0.004759
[5652] (25.81) 32.1208: 0.145 0 0.09747 0.004736
[5653] (25.81) 32.1275: 0.1449 0 0.0974 0.004763
[5654] (25.82) 32.1342: 0.145 0 0.09731 0.004776
[5655] (25.82) 32.1409: 0.145 0 0.09721 0.004773
[5656] (25.82) 32.1477: 0.1451 0 0.0971 0.004753
[5657] (25.83) 32.1544: 0.1451 0 0.09697 0.004717
[5658] (25.83) 32.1611: 0.145 0 0.09683 0.004665
[5659] (25.84) 32.1678: 0.145 0 0.09668 0.004598
[5660] (25.84) 32.1745: 0.145 0 0.09651 0.004562
[5661] (25.84) 32.1812: 0.145 0 0.09634 0.004628
[5662] (25.85) 32.1879: 0.145 0 0.09616 0.004679
[5663] (25.85) 32.1946: 0.145 0 0.09597 0.004715
[5664] (25.86) 32.2013: 0.145 0 0.09585 0.004734
[5665] (25.86) 32.2081: 0.145 0 0.09582 0.004736
[5666] (25.87) 32.2148: 0.1449 0 0.0958 0.00472
[5667] (25.87) 32.2215: 0.1449 0 0.09577 0.004686
[5668] (25.88) 32.2282: 0.1449 0 0.09573 0.004634
[5669] (25.88) 32.2349: 0.1449 0 0.09569 0.004566
[5670] (25.88) 32.2416: 0.1449 0 0.09564 0.004523
[5671] (25.89) 32.2483: 0.1449 0 0.09559 0.004593
[5672] (25.89) 32.2550: 0.1449 0 0.09553 0.004647
[5673] (25.9) 32.2617: 0.1449 0 0.09546 0.004684
[5674] (25.9) 32.2685: 0.1449 0 0.09539 0.004703
[5675] (25.91) 32.2752: 0.1449 0 0.09532 0.004704
[5676] (25.91) 32.2819: 0.1449 0 0.09523 0.004684
[5677] (25.91) 32.2886: 0.1449 0 0.09515 0.004646
[5678] (25.92) 32.2953: 0.1448 0 0.09506 0.004589
[5679] (25.92) 32.3020: 0.1448 0 0.09496 0.004515
[5680] (25.93) 32.3087: 0.1449 0 0.09487 0.00449
[5681] (25.93) 32.3154: 0.1449 0 0.09477 0.004551
[5682] (25.93) 32.3221: 0.1449 0 0.09466 0.004603
[5683] (25.94) 32.3289: 0.1449 0 0.09456 0.004637
[5684] (25.94) 32.3356: 0.1448 0 0.09445 0.004653
[5685] (25.95) 32.3423: 0.1448 0 0.09442 0.00465
[5686] (25.95) 32.3490: 0.1448 0 0.09438 0.004629
[5687] (25.96) 32.3557: 0.1449 0 0.09434 0.004589
[5688] (25.96) 32.3624: 0.1448 0 0.0943 0.004532
[5689] (25.96) 32.3691: 0.1448 0 0.09425 0.004459
[5690] (25.97) 32.3758: 0.1446 0 0.0942 0.004485
[5691] (25.97) 32.3826: 0.1447 0 0.09414 0.004527
[5692] (25.98) 32.3893: 0.1447 0 0.09408 0.004551
[5693] (25.98) 32.3960: 0.1447 0 0.09404 0.004569
[5694] (25.98) 32.4027: 0.1447 0 0.09412 0.004586
[5695] (25.99) 32.4094: 0.1445 0 0.09419 0.004587
[5696] (25.99) 32.4161: 0.1445 0 0.09426 0.004571
[5697] (26) 32.4228: 0.1446 0 0.09433 0.004539
[5698] (26) 32.4295: 0.1446 0 0.0944 0.004491
[5699] (26.01) 32.4362: 0.1445 0 0.09446 0.004428
[5700] (26.01) 32.4430: 0.1444 0 0.09453 0.00446
[5701] (26.01) 32.4497: 0.1444 0 0.09458 0.004502
[5702] (26.02) 32.4564: 0.1445 0 0.09464 0.004526
[5703] (26.02) 32.4631: 0.1445 0 0.09469 0.004534
[5704] (26.03) 32.4698: 0.1444 0 0.09474 0.004525
[5705] (26.03) 32.4765: 0.1442 0 0.09478 0.004526
[5706] (26.04) 32.4832: 0.1442 0 0.09481 0.004522
[5707] (26.04) 32.4899: 0.1443 0 0.09484 0.004502
[5708] (26.04) 32.4966: 0.1443 0 0.09486 0.004468
[5709] (26.05) 32.5034: 0.1442 0 0.09487 0.004441
[5710] (26.05) 32.5101: 0.1441 0 0.09488 0.004426
[5711] (26.06) 32.5168: 0.1439 0 0.09487 0.004449
[5712] (26.06) 32.5235: 0.144 0 0.09486 0.004475
[5713] (26.07) 32.5302: 0.144 0 0.09484 0.004485
[5714] (26.07) 32.5369: 0.1439 0 0.09481 0.004481
[5715] (26.07) 32.5436: 0.1438 0 0.09477 0.004461
[5716] (26.08) 32.5503: 0.1435 0 0.09476 0.004468
[5717] (26.08) 32.5570: 0.1436 0 0.09475 0.004461
[5718] (26.09) 32.5638: 0.1436 0 0.09474 0.00444
[5719] (26.09) 32.5705: 0.1436 0 0.09473 0.004434
[5720] (26.1) 32.5772: 0.1434 0 0.09471 0.004455
[5721] (26.1) 32.5839: 0.1431 0 0.09469 0.004476
[5722] (26.11) 32.5906: 0.1432 0 0.09466 0.004497
[5723] (26.11) 32.5973: 0.1432 0 0.09462 0.004517
[5724] (26.11) 32.6040: 0.1431 0 0.09458 0.004536
[5725] (26.12) 32.6107: 0.1429 0 0.09453 0.004551
[5726] (26.12) 32.6174: 0.1426 0 0.09447 0.004562
[5727] (26.13) 32.6242: 0.1427 0 0.09448 0.004567
[5728] (26.13) 32.6309: 0.1427 0 0.09448 0.004564
[5729] (26.14) 32.6376: 0.1426 0 0.09448 0.004553
[5730] (26.14) 32.6443: 0.1424 0 0.09448 0.004534
[5731] (26.14) 32.6510: 0.1422 0 0.09446 0.004507
[5732] (26.15) 32.6577: 0.1422 0 0.09444 0.004473
[5733] (26.15) 32.6644: 0.1422 0 0.09441 0.004434
[5734] (26.16) 32.6711: 0.142 0 0.09437 0.004391
[5735] (26.16) 32.6779: 0.1418 0 0.09432 0.004394
[5736] (26.16) 32.6846: 0.1417 0 0.09426 0.004384
[5737] (26.17) 32.6913: 0.1417 0 0.09419 0.004406
[5738] (26.17) 32.6980: 0.1416 0 0.09412 0.004443
[5739] (26.18) 32.7047: 0.1414 0 0.09404 0.004469
[5740] (26.18) 32.7114: 0.1411 0 0.09394 0.004486
[5741] (26.19) 32.7181: 0.141 0 0.09384 0.004491
[5742] (26.19) 32.7248: 0.141 0 0.09373 0.004486
[5743] (26.19) 32.7315: 0.1409 0 0.09363 0.004473
[5744] (26.2) 32.7383: 0.1409 0 0.0936 0.004453
[5745] (26.2) 32.7450: 0.141 0 0.09356 0.004427
[5746] (26.21) 32.7517: 0.141 0 0.09353 0.004399
[5747] (26.21) 32.7584: 0.1411 0 0.09348 0.004371
[5748] (26.22) 32.7651: 0.1412 0 0.09343 0.004345
[5749] (26.22) 32.7718: 0.1413 0 0.09338 0.004334
[5750] (26.22) 32.7785: 0.1413 0 0.09332 0.004339
[5751] (26.23) 32.7852: 0.1414 0 0.09326 0.00434
[5752] (26.23) 32.7919: 0.1415 0 0.0932 0.004338
[5753] (26.24) 32.7987: 0.1416 0 0.09313 0.004335
[5754] (26.24) 32.8054: 0.1417 0 0.09305 0.004333
[5755] (26.25) 32.8121: 0.1418 0 0.09297 0.00433
[5756] (26.25) 32.8188: 0.1419 0 0.09289 0.00433
[5757] (26.25) 32.8255: 0.142 0 0.0928 0.004331
[5758] (26.26) 32.8322: 0.1421 0 0.09271 0.004333
[5759] (26.26) 32.8389: 0.1422 0 0.09261 0.004337
[5760] (26.27) 32.8456: 0.1423 0 0.09252 0.004341
[5761] (26.27) 32.8523: 0.1424 0 0.09241 0.004344
[5762] (26.28) 32.8591: 0.1425 0 0.09231 0.004347
[5763] (26.28) 32.8658: 0.1426 0 0.0922 0.004348
[5764] (26.28) 32.8725: 0.1427 0 0.09208 0.004346
[5765] (26.29) 32.8792: 0.1429 0 0.09197 0.004341
[5766] (26.29) 32.8859: 0.143 0 0.09185 0.004333
[5767] (26.3) 32.8926: 0.1431 0 0.09172 0.004321
[5768] (26.3) 32.8993: 0.1433 0 0.09159 0.004336
[5769] (26.3) 32.9060: 0.1434 0 0.09146 0.004354
[5770] (26.31) 32.9128: 0.1435 0 0.09132 0.004367
[5771] (26.31) 32.9195: 0.1437 0 0.09127 0.004376
[5772] (26.32) 32.9262: 0.1438 0 0.09121 0.004379
[5773] (26.32) 32.9329: 0.1439 0 0.09115 0.004377
[5774] (26.33) 32.9396: 0.144 0 0.09108 0.004368
[5775] (26.33) 32.9463: 0.1441 0 0.09101 0.004354
[5776] (26.33) 32.9530: 0.1442 0 0.09093 0.004378
[5777] (26.34) 32.9597: 0.1443 0 0.09084 0.004399
[5778] (26.34) 32.9664: 0.1444 0 0.09075 0.004416
[5779] (26.35) 32.9732: 0.1445 0 0.09065 0.004428
[5780] (26.35) 32.9799: 0.1445 0 0.09055 0.004436
[5781] (26.35) 32.9866: 0.1446 0 0.09044 0.00444
[5782] (26.36) 32.9933: 0.1446 0 0.09032 0.004439
[5783] (26.36) 33.0000: 0.1447 0 0.0902 0.004434
*Write time: 0.0567696. Average write time: 0.0565499.
[5784] (26.43) 33.0067: 0.1448 0 0.09007 0.004425
[5785] (26.43) 33.0134: 0.1449 0 0.08994 0.004413
[5786] (26.43) 33.0201: 0.145 0 0.0898 0.004398
[5787] (26.44) 33.0268: 0.1451 0 0.08965 0.004382
[5788] (26.44) 33.0336: 0.1451 0 0.0895 0.004365
[5789] (26.45) 33.0403: 0.1452 0 0.08934 0.004348
[5790] (26.45) 33.0470: 0.1452 0 0.08918 0.004331
[5791] (26.45) 33.0537: 0.1452 0 0.08901 0.004315
[5792] (26.46) 33.0604: 0.1453 0 0.08883 0.0043
[5793] (26.46) 33.0671: 0.1452 0 0.08865 0.004286
[5794] (26.47) 33.0738: 0.1452 0 0.08846 0.004274
[5795] (26.47) 33.0805: 0.1452 0 0.08827 0.004262
[5796] (26.48) 33.0872: 0.1452 0 0.08807 0.004251
[5797] (26.48) 33.0940: 0.1452 0 0.08786 0.00425
[5798] (26.48) 33.1007: 0.1453 0 0.08765 0.004262
[5799] (26.49) 33.1074: 0.1453 0 0.08748 0.004271
[5800] (26.49) 33.1141: 0.1453 0 0.08733 0.004277
[5801] (26.5) 33.1208: 0.1453 0 0.08717 0.004282
[5802] (26.5) 33.1275: 0.1452 0 0.08701 0.004284
[5803] (26.5) 33.1342: 0.1452 0 0.08684 0.004286
[5804] (26.51) 33.1409: 0.1451 0 0.08666 0.004288
[5805] (26.51) 33.1477: 0.145 0 0.08648 0.004289
[5806] (26.52) 33.1544: 0.145 0 0.08629 0.004291
[5807] (26.52) 33.1611: 0.1452 0 0.0861 0.004291
[5808] (26.53) 33.1678: 0.1453 0 0.0859 0.004291
[5809] (26.53) 33.1745: 0.1454 0 0.0857 0.00429
[5810] (26.53) 33.1812: 0.1455 0 0.08549 0.004287
[5811] (26.54) 33.1879: 0.1456 0 0.08527 0.004282
[5812] (26.54) 33.1946: 0.1458 0 0.08506 0.004274
[5813] (26.55) 33.2012: 0.1459 0 0.08483 0.004264
[5814] (26.55) 33.2079: 0.146 0 0.08461 0.004251
[5815] (26.55) 33.2145: 0.1461 0 0.08438 0.004235
[5816] (26.56) 33.2212: 0.1463 0 0.08414 0.004217
[5817] (26.56) 33.2279: 0.1464 0 0.08391 0.004197
[5818] (26.57) 33.2345: 0.1465 0 0.08367 0.004175
[5819] (26.57) 33.2412: 0.1466 0 0.0839 0.004164
[5820] (26.58) 33.2478: 0.1467 0 0.08424 0.004161
[5821] (26.58) 33.2545: 0.1468 0 0.08446 0.004152
[5822] (26.58) 33.2611: 0.147 0 0.08454 0.004136
[5823] (26.59) 33.2676: 0.1471 0 0.0845 0.004133
[5824] (26.59) 33.2741: 0.1471 0 0.08435 0.004144
[5825] (26.6) 33.2805: 0.1472 0 0.08409 0.004151
[5826] (26.6) 33.2869: 0.1473 0 0.08375 0.004156
[5827] (26.61) 33.2934: 0.1475 0 0.08397 0.004157
[5828] (26.61) 33.2998: 0.1476 0 0.08446 0.004163
[5829] (26.61) 33.3062: 0.1477 0 0.08492 0.004177
[5830] (26.62) 33.3126: 0.1479 0 0.08528 0.004187
[5831] (26.62) 33.3191: 0.1481 0 0.08553 0.004195
[5832] (26.63) 33.3255: 0.1482 0 0.08566 0.004199
[5833] (26.63) 33.3319: 0.1483 0 0.08568 0.004199
[5834] (26.63) 33.3383: 0.1484 0 0.08558 0.004196
[5835] (26.64) 33.3448: 0.1485 0 0.08537 0.00419
[5836] (26.64) 33.3512: 0.1487 0 0.08507 0.004181
[5837] (26.65) 33.3576: 0.1489 0 0.08469 0.00417
[5838] (26.65) 33.3640: 0.149 0 0.08531 0.004157
[5839] (26.66) 33.3705: 0.1491 0 0.08586 0.004143
[5840] (26.66) 33.3769: 0.1492 0 0.08631 0.00413
[5841] (26.66) 33.3833: 0.1493 0 0.08664 0.004116
[5842] (26.67) 33.3897: 0.1495 0 0.08685 0.004103
[5843] (26.67) 33.3962: 0.1496 0 0.08694 0.004091
[5844] (26.68) 33.4026: 0.1497 0 0.08692 0.00408
[5845] (26.68) 33.4090: 0.1498 0 0.08679 0.004078
[5846] (26.69) 33.4154: 0.1499 0 0.08655 0.004086
[5847] (26.69) 33.4219: 0.15 0 0.08623 0.004094
[5848] (26.69) 33.4283: 0.1502 0 0.08583 0.004102
[5849] (26.7) 33.4347: 0.1503 0 0.08594 0.004109
[5850] (26.7) 33.4411: 0.1503 0 0.08649 0.004114
[5851] (26.71) 33.4475: 0.1504 0 0.08694 0.004118
[5852] (26.71) 33.4540: 0.1504 0 0.08728 0.00412
[5853] (26.71) 33.4604: 0.1505 0 0.08752 0.00412
[5854] (26.72) 33.4668: 0.1507 0 0.08764 0.004118
[5855] (26.72) 33.4732: 0.1508 0 0.08767 0.004116
[5856] (26.73) 33.4797: 0.1508 0 0.0876 0.004112
[5857] (26.73) 33.4861: 0.1509 0 0.08747 0.004107
[5858] (26.74) 33.4925: 0.1509 0 0.08735 0.004102
[5859] (26.74) 33.4989: 0.151 0 0.08715 0.004098
[5860] (26.74) 33.5054: 0.1511 0 0.08686 0.004097
[5861] (26.75) 33.5118: 0.1512 0 0.0865 0.004109
[5862] (26.75) 33.5182: 0.1513 0 0.08673 0.004119
[5863] (26.76) 33.5246: 0.1513 0 0.08715 0.004126
[5864] (26.76) 33.5311: 0.1513 0 0.08749 0.004132
[5865] (26.76) 33.5375: 0.1514 0 0.08776 0.004135
[5866] (26.77) 33.5439: 0.1515 0 0.08795 0.004135
[5867] (26.77) 33.5503: 0.1516 0 0.08805 0.004134
[5868] (26.78) 33.5568: 0.1516 0 0.08808 0.00413
[5869] (26.78) 33.5632: 0.1516 0 0.08802 0.004124
[5870] (26.79) 33.5696: 0.1516 0 0.0879 0.004117
[5871] (26.79) 33.5760: 0.1517 0 0.0877 0.004109
[5872] (26.79) 33.5824: 0.1518 0 0.08746 0.004108
[5873] (26.8) 33.5889: 0.1518 0 0.08716 0.00411
[5874] (26.8) 33.5953: 0.1518 0 0.08711 0.004111
[5875] (26.81) 33.6017: 0.1518 0 0.08747 0.004111
[5876] (26.81) 33.6081: 0.1519 0 0.08775 0.004109
[5877] (26.81) 33.6146: 0.152 0 0.08795 0.004116
[5878] (26.82) 33.6210: 0.152 0 0.08809 0.004122
[5879] (26.82) 33.6274: 0.152 0 0.08815 0.004127
[5880] (26.83) 33.6337: 0.1521 0 0.0883 0.00413
[5881] (26.83) 33.6400: 0.1521 0 0.08839 0.004132
[5882] (26.84) 33.6464: 0.1522 0 0.08841 0.004133
[5883] (26.84) 33.6527: 0.1522 0 0.08837 0.004133
[5884] (26.84) 33.6590: 0.1522 0 0.08827 0.004133
[5885] (26.85) 33.6653: 0.1522 0 0.08811 0.004132
[5886] (26.85) 33.6716: 0.1522 0 0.0879 0.004132
[5887] (26.86) 33.6779: 0.1523 0 0.08765 0.004131
[5888] (26.86) 33.6842: 0.1523 0 0.08736 0.00413
[5889] (26.87) 33.6906: 0.1524 0 0.0871 0.00413
[5890] (26.87) 33.6969: 0.1524 0 0.08732 0.00413
[5891] (26.88) 33.7032: 0.1524 0 0.08753 0.004131
[5892] (26.88) 33.7095: 0.1524 0 0.08769 0.004132
[5893] (26.89) 33.7158: 0.1524 0 0.08779 0.004133
[5894] (26.89) 33.7221: 0.1525 0 0.08785 0.004135
[5895] (26.9) 33.7285: 0.1525 0 0.08786 0.004138
[5896] (26.9) 33.7348: 0.1525 0 0.08782 0.00414
[5897] (26.9) 33.7411: 0.1524 0 0.08774 0.004143
[5898] (26.91) 33.7474: 0.1525 0 0.08764 0.004146
[5899] (26.91) 33.7537: 0.1525 0 0.08755 0.004149
[5900] (26.92) 33.7600: 0.1525 0 0.08744 0.004151
[5901] (26.92) 33.7663: 0.1525 0 0.08729 0.004153
[5902] (26.93) 33.7727: 0.1525 0 0.08713 0.004154
[5903] (26.93) 33.7790: 0.1524 0 0.08704 0.004153
[5904] (26.93) 33.7853: 0.1524 0 0.08733 0.004151
[5905] (26.94) 33.7916: 0.1525 0 0.08759 0.004147
[5906] (26.94) 33.7979: 0.1524 0 0.08782 0.004142
[5907] (26.95) 33.8042: 0.1524 0 0.088 0.004134
[5908] (26.95) 33.8105: 0.1524 0 0.08814 0.004124
[5909] (26.96) 33.8169: 0.1523 0 0.08824 0.004113
[5910] (26.96) 33.8232: 0.1523 0 0.08829 0.004104
[5911] (26.97) 33.8295: 0.1523 0 0.08839 0.004107
[5912] (26.97) 33.8358: 0.1523 0 0.08853 0.004108
[5913] (26.98) 33.8421: 0.1522 0 0.08863 0.004108
[5914] (26.98) 33.8484: 0.1522 0 0.08868 0.004106
[5915] (26.98) 33.8548: 0.1521 0 0.08867 0.004102
[5916] (26.99) 33.8611: 0.1521 0 0.08861 0.004096
[5917] (26.99) 33.8674: 0.1521 0 0.08851 0.004101
[5918] (27) 33.8737: 0.152 0 0.08851 0.00411
[5919] (27) 33.8800: 0.152 0 0.08861 0.004106
[5920] (27.01) 33.8863: 0.1519 0 0.0887 0.004088
[5921] (27.01) 33.8926: 0.1518 0 0.08877 0.004064
[5922] (27.02) 33.8990: 0.1518 0 0.08882 0.004068
[5923] (27.02) 33.9053: 0.1517 0 0.0889 0.004071
[5924] (27.02) 33.9116: 0.1517 0 0.0891 0.004073
[5925] (27.03) 33.9179: 0.1516 0 0.08929 0.004073
[5926] (27.03) 33.9242: 0.1516 0 0.08947 0.004099
[5927] (27.04) 33.9305: 0.1515 0 0.08963 0.004122
[5928] (27.04) 33.9368: 0.1514 0 0.08977 0.004132
[5929] (27.04) 33.9432: 0.1514 0 0.0899 0.004128
[5930] (27.05) 33.9495: 0.1513 0 0.09001 0.004111
[5931] (27.05) 33.9558: 0.1513 0 0.09011 0.004082
[5932] (27.06) 33.9621: 0.1512 0 0.09018 0.004046
[5933] (27.06) 33.9684: 0.1511 0 0.09024 0.004053
[5934] (27.07) 33.9747: 0.1511 0 0.09029 0.004059
[5935] (27.07) 33.9811: 0.151 0 0.09031 0.004065
[5936] (27.08) 33.9874: 0.1509 0 0.09033 0.004093
[5937] (27.08) 33.9937: 0.1509 0 0.09032 0.004116
[5938] (27.08) 34.0000: 0.1508 0 0.0903 0.004125
*Write time: 0.0530555. Average write time: 0.0564472.
[5939] (27.14) 34.0063: 0.1507 0 0.09027 0.004122
[5940] (27.15) 34.0126: 0.1507 0 0.09023 0.004105
[5941] (27.15) 34.0189: 0.1506 0 0.0902 0.004105
[5942] (27.16) 34.0252: 0.1505 0 0.09021 0.0041
[5943] (27.16) 34.0314: 0.1505 0 0.0902 0.004109
[5944] (27.16) 34.0377: 0.1504 0 0.09018 0.004145
[5945] (27.17) 34.0440: 0.1504 0 0.09015 0.004178
[5946] (27.17) 34.0503: 0.1503 0 0.0901 0.004207
[5947] (27.18) 34.0566: 0.1502 0 0.09003 0.004231
[5948] (27.18) 34.0629: 0.1502 0 0.08996 0.00425
[5949] (27.19) 34.0692: 0.1501 0 0.08988 0.004263
[5950] (27.19) 34.0755: 0.1501 0 0.08978 0.00427
[5951] (27.19) 34.0818: 0.1502 0 0.08976 0.004271
[5952] (27.2) 34.0881: 0.1502 0 0.08991 0.004265
[5953] (27.2) 34.0943: 0.1503 0 0.0901 0.004252
[5954] (27.21) 34.1006: 0.1503 0 0.0903 0.004232
[5955] (27.21) 34.1069: 0.1504 0 0.09039 0.004206
[5956] (27.22) 34.1132: 0.1505 0 0.09035 0.004173
[5957] (27.23) 34.1195: 0.1505 0 0.09036 0.004135
[5958] (27.23) 34.1258: 0.1506 0 0.0904 0.004143
[5959] (27.23) 34.1321: 0.1506 0 0.09063 0.004154
[5960] (27.24) 34.1384: 0.1506 0 0.09075 0.004161
[5961] (27.24) 34.1447: 0.1507 0 0.09084 0.004164
[5962] (27.25) 34.1509: 0.1507 0 0.09095 0.004162
[5963] (27.25) 34.1572: 0.1508 0 0.09105 0.004155
[5964] (27.26) 34.1635: 0.1508 0 0.09113 0.004145
[5965] (27.26) 34.1698: 0.1509 0 0.0912 0.004159
[5966] (27.27) 34.1761: 0.1509 0 0.09126 0.004211
[5967] (27.27) 34.1824: 0.151 0 0.0913 0.004255
[5968] (27.27) 34.1887: 0.151 0 0.09134 0.004289
[5969] (27.28) 34.1950: 0.151 0 0.09137 0.004314
[5970] (27.28) 34.2013: 0.1511 0 0.09142 0.004328
[5971] (27.29) 34.2075: 0.1511 0 0.09154 0.004331
[5972] (27.29) 34.2138: 0.1512 0 0.09164 0.004324
[5973] (27.29) 34.2201: 0.1512 0 0.09173 0.004307
[5974] (27.3) 34.2264: 0.1513 0 0.09181 0.00428
[5975] (27.3) 34.2327: 0.1513 0 0.09187 0.004269
[5976] (27.31) 34.2390: 0.1513 0 0.09192 0.004297
[5977] (27.31) 34.2453: 0.1514 0 0.09197 0.004353
[5978] (27.32) 34.2516: 0.1514 0 0.09201 0.004402
[5979] (27.32) 34.2579: 0.1515 0 0.09205 0.004442
[5980] (27.33) 34.2642: 0.1515 0 0.09209 0.004474
[5981] (27.33) 34.2704: 0.1515 0 0.09212 0.004497
[5982] (27.33) 34.2767: 0.1516 0 0.09217 0.00451
[5983] (27.34) 34.2830: 0.1516 0 0.09222 0.004515
[5984] (27.34) 34.2893: 0.1516 0 0.09228 0.004509
[5985] (27.35) 34.2956: 0.1516 0 0.09238 0.004495
[5986] (27.35) 34.3019: 0.1517 0 0.0925 0.004472
[5987] (27.36) 34.3082: 0.1517 0 0.09261 0.00444
[5988] (27.36) 34.3145: 0.1518 0 0.09271 0.0044
[5989] (27.36) 34.3208: 0.1518 0 0.09281 0.004353
[5990] (27.37) 34.3270: 0.1518 0 0.0929 0.004308
[5991] (27.37) 34.3333: 0.1518 0 0.09298 0.00435
[5992] (27.38) 34.3396: 0.1518 0 0.09307 0.004385
[5993] (27.38) 34.3459: 0.1519 0 0.09319 0.004412
[5994] (27.39) 34.3522: 0.1519 0 0.09331 0.004431
[5995] (27.39) 34.3585: 0.1519 0 0.09342 0.004442
[5996] (27.4) 34.3648: 0.1519 0 0.09352 0.004446
[5997] (27.4) 34.3711: 0.1519 0 0.09361 0.004442
[5998] (27.4) 34.3774: 0.1519 0 0.09369 0.00443
[5999] (27.41) 34.3836: 0.1519 0 0.09376 0.004411
[6000] (27.41) 34.3899: 0.152 0 0.0938 0.004386
[6001] (27.42) 34.3962: 0.152 0 0.09387 0.004354
[6002] (27.42) 34.4025: 0.152 0 0.09398 0.004317
[6003] (27.42) 34.4088: 0.152 0 0.09416 0.004274
[6004] (27.43) 34.4151: 0.152 0 0.09432 0.004262
[6005] (27.43) 34.4214: 0.152 0 0.09446 0.004276
[6006] (27.44) 34.4277: 0.152 0 0.09458 0.004288
[6007] (27.44) 34.4340: 0.152 0 0.09484 0.004297
[6008] (27.45) 34.4403: 0.152 0 0.09509 0.004304
[6009] (27.45) 34.4465: 0.1521 0 0.09531 0.004308
[6010] (27.45) 34.4528: 0.1521 0 0.09551 0.00431
[6011] (27.46) 34.4591: 0.1521 0 0.09568 0.004309
[6012] (27.46) 34.4654: 0.1521 0 0.09583 0.004306
[6013] (27.47) 34.4717: 0.152 0 0.09596 0.004301
[6014] (27.47) 34.4780: 0.152 0 0.09606 0.004294
[6015] (27.48) 34.4843: 0.152 0 0.09615 0.004284
[6016] (27.48) 34.4906: 0.152 0 0.09637 0.004273
[6017] (27.48) 34.4969: 0.1521 0 0.09657 0.004258
[6018] (27.49) 34.5031: 0.152 0 0.09674 0.004242
[6019] (27.49) 34.5094: 0.152 0 0.09689 0.004223
[6020] (27.5) 34.5157: 0.152 0 0.09702 0.004202
[6021] (27.5) 34.5220: 0.152 0 0.09712 0.004178
[6022] (27.5) 34.5283: 0.1519 0 0.09719 0.004151
[6023] (27.51) 34.5346: 0.152 0 0.09725 0.004122
[6024] (27.51) 34.5409: 0.152 0 0.09728 0.00413
[6025] (27.52) 34.5472: 0.1519 0 0.09729 0.004146
[6026] (27.52) 34.5535: 0.1519 0 0.09737 0.00415
[6027] (27.52) 34.5597: 0.1519 0 0.09747 0.004152
[6028] (27.53) 34.5660: 0.1518 0 0.09755 0.004157
[6029] (27.53) 34.5723: 0.1518 0 0.09761 0.004166
[6030] (27.54) 34.5786: 0.1518 0 0.09765 0.004178
[6031] (27.54) 34.5849: 0.1518 0 0.09766 0.004189
[6032] (27.55) 34.5912: 0.1517 0 0.09765 0.004199
[6033] (27.55) 34.5975: 0.1517 0 0.09763 0.004206
[6034] (27.55) 34.6038: 0.1517 0 0.09759 0.004212
[6035] (27.56) 34.6101: 0.1516 0 0.09753 0.004216
[6036] (27.56) 34.6164: 0.1516 0 0.09745 0.004217
[6037] (27.57) 34.6226: 0.1515 0 0.09741 0.004216
[6038] (27.57) 34.6289: 0.1515 0 0.09739 0.004212
[6039] (27.57) 34.6352: 0.1515 0 0.09734 0.004205
[6040] (27.58) 34.6415: 0.1514 0 0.0974 0.004196
[6041] (27.58) 34.6478: 0.1514 0 0.09746 0.004184
[6042] (27.59) 34.6541: 0.1513 0 0.09758 0.004169
[6043] (27.59) 34.6604: 0.1513 0 0.09777 0.004151
[6044] (27.6) 34.6667: 0.1512 0 0.09794 0.004131
[6045] (27.6) 34.6730: 0.1512 0 0.09808 0.004108
[6046] (27.6) 34.6792: 0.1511 0 0.09818 0.004083
[6047] (27.61) 34.6855: 0.1511 0 0.09827 0.004056
[6048] (27.61) 34.6918: 0.151 0 0.09833 0.004062
[6049] (27.62) 34.6981: 0.151 0 0.09836 0.004076
[6050] (27.62) 34.7044: 0.1509 0 0.09838 0.004086
[6051] (27.62) 34.7107: 0.1509 0 0.09838 0.004092
[6052] (27.63) 34.7170: 0.1508 0 0.09836 0.004094
[6053] (27.63) 34.7233: 0.1507 0 0.09833 0.004093
[6054] (27.64) 34.7296: 0.1507 0 0.09829 0.004088
[6055] (27.64) 34.7358: 0.1507 0 0.0983 0.00408
[6056] (27.65) 34.7421: 0.1506 0 0.09829 0.004093
[6057] (27.65) 34.7484: 0.1506 0 0.09827 0.004126
[6058] (27.65) 34.7547: 0.1505 0 0.09824 0.004155
[6059] (27.66) 34.7610: 0.1504 0 0.09819 0.00418
[6060] (27.66) 34.7673: 0.1504 0 0.09812 0.004201
[6061] (27.67) 34.7736: 0.1503 0 0.09805 0.004218
[6062] (27.67) 34.7799: 0.1503 0 0.09796 0.004229
[6063] (27.68) 34.7862: 0.1502 0 0.09786 0.004234
[6064] (27.68) 34.7925: 0.1502 0 0.09774 0.004233
[6065] (27.68) 34.7987: 0.1501 0 0.09761 0.004224
[6066] (27.69) 34.8050: 0.1501 0 0.09746 0.004209
[6067] (27.69) 34.8113: 0.1501 0 0.09729 0.004187
[6068] (27.7) 34.8176: 0.15 0 0.0971 0.004181
[6069] (27.7) 34.8239: 0.15 0 0.09701 0.004189
[6070] (27.71) 34.8302: 0.15 0 0.09705 0.00419
[6071] (27.71) 34.8365: 0.15 0 0.09706 0.004186
[6072] (27.71) 34.8428: 0.15 0 0.09706 0.004177
[6073] (27.72) 34.8491: 0.15 0 0.09704 0.004162
[6074] (27.72) 34.8553: 0.1499 0 0.097 0.004143
[6075] (27.73) 34.8616: 0.1499 0 0.09696 0.004174
[6076] (27.73) 34.8679: 0.1499 0 0.0969 0.004217
[6077] (27.73) 34.8742: 0.1499 0 0.09683 0.004254
[6078] (27.74) 34.8805: 0.1499 0 0.09675 0.004282
[6079] (27.74) 34.8868: 0.1498 0 0.09666 0.004303
[6080] (27.75) 34.8931: 0.1498 0 0.09656 0.004314
[6081] (27.75) 34.8994: 0.1498 0 0.09644 0.004315
[6082] (27.76) 34.9057: 0.1498 0 0.0963 0.004306
[6083] (27.76) 34.9119: 0.1498 0 0.09615 0.004287
[6084] (27.76) 34.9182: 0.1498 0 0.09598 0.004258
[6085] (27.77) 34.9245: 0.1498 0 0.09578 0.004219
[6086] (27.77) 34.9308: 0.1498 0 0.09555 0.004248
[6087] (27.78) 34.9371: 0.1497 0 0.0953 0.004305
[6088] (27.78) 34.9434: 0.1497 0 0.09506 0.004354
[6089] (27.79) 34.9497: 0.1497 0 0.09505 0.004394
[6090] (27.79) 34.9560: 0.1497 0 0.09502 0.004424
[6091] (27.79) 34.9623: 0.1497 0 0.09498 0.004444
[6092] (27.8) 34.9686: 0.1497 0 0.09493 0.004453
[6093] (27.8) 34.9748: 0.1497 0 0.09487 0.004451
[6094] (27.81) 34.9811: 0.1497 0 0.0948 0.004437
[6095] (27.81) 34.9874: 0.1496 0 0.09472 0.004413
[6096] (27.82) 34.9937: 0.1496 0 0.09461 0.004378
[6097] (27.82) 35.0000: 0.1496 0 0.09449 0.004332
*Write time: 0.0770627. Average write time: 0.0570362.
[6098] (27.9) 35.0063: 0.1495 0 0.09435 0.004278
[6099] (27.91) 35.0126: 0.1495 0 0.09419 0.004247
[6100] (27.91) 35.0189: 0.1495 0 0.094 0.004267
[6101] (27.92) 35.0252: 0.1495 0 0.09378 0.004302
[6102] (27.92) 35.0314: 0.1495 0 0.09353 0.004326
[6103] (27.93) 35.0377: 0.1495 0 0.09324 0.00434
[6104] (27.93) 35.0440: 0.1494 0 0.09293 0.004343
[6105] (27.94) 35.0503: 0.1494 0 0.09259 0.004335
[6106] (27.94) 35.0566: 0.1494 0 0.09231 0.004317
[6107] (27.95) 35.0629: 0.1494 0 0.09224 0.004289
[6108] (27.95) 35.0692: 0.1493 0 0.09215 0.004251
[6109] (27.96) 35.0755: 0.1493 0 0.09204 0.004204
[6110] (27.96) 35.0818: 0.1493 0 0.09192 0.004173
[6111] (27.97) 35.0881: 0.1492 0 0.09183 0.004202
[6112] (27.97) 35.0943: 0.1492 0 0.09172 0.004228
[6113] (27.98) 35.1006: 0.1491 0 0.09158 0.004251
[6114] (27.98) 35.1069: 0.1491 0 0.0914 0.004261
[6115] (27.99) 35.1132: 0.1491 0 0.09119 0.004268
[6116] (27.99) 35.1195: 0.1491 0 0.09094 0.004273
[6117] (28) 35.1258: 0.149 0 0.09065 0.004272
[6118] (28) 35.1321: 0.1489 0 0.09034 0.004267
[6119] (28) 35.1384: 0.1489 0 0.09011 0.004262
[6120] (28.01) 35.1447: 0.1488 0 0.09008 0.004291
[6121] (28.01) 35.1509: 0.1488 0 0.09004 0.004317
[6122] (28.02) 35.1572: 0.1488 0 0.08996 0.004339
[6123] (28.02) 35.1635: 0.1487 0 0.08999 0.004359
[6124] (28.03) 35.1698: 0.1486 0 0.09078 0.004375
[6125] (28.03) 35.1761: 0.1486 0 0.09156 0.004389
[6126] (28.04) 35.1824: 0.1485 0 0.09224 0.004399
[6127] (28.04) 35.1887: 0.1484 0 0.09283 0.004405
[6128] (28.05) 35.1950: 0.1484 0 0.09333 0.004409
[6129] (28.05) 35.2013: 0.1483 0 0.09373 0.004409
[6130] (28.05) 35.2075: 0.1483 0 0.09404 0.004406
[6131] (28.06) 35.2138: 0.1482 0 0.09425 0.004399
[6132] (28.06) 35.2201: 0.1481 0 0.09452 0.00439
[6133] (28.07) 35.2264: 0.148 0 0.0951 0.004377
[6134] (28.07) 35.2327: 0.1479 0 0.09558 0.004361
[6135] (28.07) 35.2390: 0.1479 0 0.09596 0.004343
[6136] (28.08) 35.2453: 0.1478 0 0.09623 0.004321
[6137] (28.08) 35.2516: 0.1477 0 0.09641 0.004297
[6138] (28.09) 35.2579: 0.1476 0 0.09648 0.004294
[6139] (28.09) 35.2642: 0.1475 0 0.09646 0.004302
[6140] (28.1) 35.2704: 0.1474 0 0.09687 0.004309
[6141] (28.1) 35.2767: 0.1474 0 0.09725 0.004316
[6142] (28.11) 35.2830: 0.1473 0 0.09753 0.004322
[6143] (28.11) 35.2893: 0.1472 0 0.09771 0.004327
[6144] (28.11) 35.2956: 0.1471 0 0.09778 0.004332
[6145] (28.12) 35.3019: 0.147 0 0.09776 0.004336
[6146] (28.12) 35.3082: 0.1468 0 0.09765 0.004339
[6147] (28.13) 35.3145: 0.1468 0 0.09775 0.004341
[6148] (28.13) 35.3208: 0.1467 0 0.0981 0.004342
[6149] (28.14) 35.3270: 0.1466 0 0.09836 0.00434
[6150] (28.14) 35.3333: 0.1465 0 0.09851 0.004337
[6151] (28.14) 35.3396: 0.1464 0 0.09857 0.004332
[6152] (28.15) 35.3459: 0.1463 0 0.09854 0.004325
[6153] (28.15) 35.3522: 0.1461 0 0.09882 0.004316
[6154] (28.16) 35.3585: 0.1461 0 0.09926 0.004303
[6155] (28.16) 35.3648: 0.146 0 0.09963 0.004288
[6156] (28.16) 35.3711: 0.1459 0 0.09993 0.004271
[6157] (28.17) 35.3774: 0.1458 0 0.1002 0.00425
[6158] (28.17) 35.3836: 0.1456 0 0.1003 0.00424
[6159] (28.18) 35.3899: 0.1455 0 0.1004 0.004245
[6160] (28.18) 35.3962: 0.1453 0 0.1004 0.004246
[6161] (28.19) 35.4025: 0.1453 0 0.1008 0.004244
[6162] (28.19) 35.4088: 0.1452 0 0.1012 0.004237
[6163] (28.2) 35.4151: 0.1451 0 0.1015 0.004228
[6164] (28.2) 35.4214: 0.1449 0 0.1017 0.004215
[6165] (28.21) 35.4277: 0.1448 0 0.1019 0.004217
[6166] (28.21) 35.4340: 0.1447 0 0.102 0.004252
[6167] (28.22) 35.4403: 0.1445 0 0.102 0.004282
[6168] (28.22) 35.4465: 0.1444 0 0.102 0.004308
[6169] (28.23) 35.4528: 0.1443 0 0.102 0.004329
[6170] (28.23) 35.4591: 0.1442 0 0.1023 0.004347
[6171] (28.24) 35.4654: 0.1441 0 0.1026 0.00436
[6172] (28.24) 35.4717: 0.1439 0 0.1027 0.004369
[6173] (28.24) 35.4780: 0.1438 0 0.1028 0.004374
[6174] (28.25) 35.4843: 0.1436 0 0.1029 0.004375
[6175] (28.25) 35.4906: 0.1434 0 0.1028 0.004373
[6176] (28.26) 35.4969: 0.1433 0 0.1027 0.004367
[6177] (28.26) 35.5031: 0.1432 0 0.1026 0.004358
[6178] (28.27) 35.5094: 0.1431 0 0.1026 0.004345
[6179] (28.27) 35.5157: 0.1429 0 0.1028 0.004329
[6180] (28.27) 35.5220: 0.1428 0 0.103 0.004311
[6181] (28.28) 35.5283: 0.1426 0 0.103 0.004289
[6182] (28.28) 35.5346: 0.1424 0 0.103 0.004265
[6183] (28.29) 35.5409: 0.1423 0 0.1031 0.004239
[6184] (28.29) 35.5472: 0.1422 0 0.1031 0.00421
[6185] (28.29) 35.5535: 0.1421 0 0.1031 0.00419
[6186] (28.3) 35.5597: 0.1419 0 0.1029 0.00421
[6187] (28.3) 35.5660: 0.1417 0 0.1029 0.004228
[6188] (28.31) 35.5723: 0.1416 0 0.1033 0.004243
[6189] (28.31) 35.5786: 0.1416 0 0.1037 0.004255
[6190] (28.31) 35.5849: 0.1417 0 0.1039 0.004264
[6191] (28.32) 35.5912: 0.1418 0 0.1041 0.00427
[6192] (28.32) 35.5975: 0.1419 0 0.1042 0.004274
[6193] (28.33) 35.6038: 0.1421 0 0.1042 0.004274
[6194] (28.33) 35.6101: 0.1422 0 0.1042 0.004272
[6195] (28.33) 35.6164: 0.1423 0 0.1041 0.004266
[6196] (28.34) 35.6226: 0.1424 0 0.1039 0.004258
[6197] (28.34) 35.6289: 0.1425 0 0.1037 0.004249
[6198] (28.35) 35.6352: 0.1426 0 0.104 0.004246
[6199] (28.35) 35.6415: 0.1428 0 0.1042 0.004241
[6200] (28.35) 35.6478: 0.1429 0 0.1044 0.004233
[6201] (28.36) 35.6541: 0.143 0 0.1044 0.004223
[6202] (28.36) 35.6604: 0.1431 0 0.1045 0.004211
[6203] (28.37) 35.6667: 0.1433 0 0.1044 0.004196
[6204] (28.37) 35.6730: 0.1434 0 0.1043 0.00418
[6205] (28.38) 35.6792: 0.1435 0 0.1041 0.004161
[6206] (28.38) 35.6855: 0.1436 0 0.1038 0.004156
[6207] (28.38) 35.6918: 0.1437 0 0.1035 0.004184
[6208] (28.39) 35.6981: 0.1439 0 0.1032 0.004208
[6209] (28.39) 35.7044: 0.144 0 0.103 0.00423
[6210] (28.4) 35.7107: 0.1442 0 0.103 0.004248
[6211] (28.4) 35.7170: 0.1443 0 0.103 0.004262
[6212] (28.4) 35.7233: 0.1444 0 0.1028 0.004273
[6213] (28.41) 35.7296: 0.1446 0 0.1026 0.004279
[6214] (28.41) 35.7358: 0.1447 0 0.1024 0.004282
[6215] (28.42) 35.7421: 0.1449 0 0.1021 0.004279
[6216] (28.42) 35.7484: 0.1451 0 0.1017 0.004273
[6217] (28.43) 35.7547: 0.1452 0 0.1017 0.004262
[6218] (28.43) 35.7610: 0.1454 0 0.1016 0.004246
[6219] (28.43) 35.7673: 0.1456 0 0.1015 0.004226
[6220] (28.44) 35.7736: 0.1457 0 0.1014 0.004202
[6221] (28.44) 35.7799: 0.1459 0 0.1011 0.004173
[6222] (28.45) 35.7862: 0.1461 0 0.1011 0.00418
[6223] (28.45) 35.7925: 0.1463 0 0.1013 0.004195
[6224] (28.45) 35.7987: 0.1465 0 0.1013 0.004204
[6225] (28.46) 35.8050: 0.1467 0 0.1013 0.004205
[6226] (28.46) 35.8113: 0.1469 0 0.1013 0.0042
[6227] (28.47) 35.8176: 0.1471 0 0.1012 0.004188
[6228] (28.47) 35.8239: 0.1474 0 0.101 0.004168
[6229] (28.48) 35.8302: 0.1476 0 0.1007 0.004142
[6230] (28.48) 35.8365: 0.1478 0 0.1004 0.00415
[6231] (28.49) 35.8428: 0.148 0 0.1 0.004165
[6232] (28.49) 35.8491: 0.1481 0 0.09959 0.004176
[6233] (28.49) 35.8553: 0.1484 0 0.09914 0.004182
[6234] (28.5) 35.8616: 0.1486 0 0.09865 0.004184
[6235] (28.5) 35.8679: 0.1488 0 0.09829 0.004209
[6236] (28.51) 35.8742: 0.149 0 0.09811 0.004226
[6237] (28.51) 35.8805: 0.1492 0 0.09787 0.004236
[6238] (28.51) 35.8868: 0.1493 0 0.09791 0.004237
[6239] (28.52) 35.8931: 0.1496 0 0.09796 0.00423
[6240] (28.52) 35.8994: 0.1498 0 0.09794 0.004215
[6241] (28.53) 35.9057: 0.15 0 0.09786 0.004191
[6242] (28.53) 35.9119: 0.1502 0 0.09772 0.004159
[6243] (28.54) 35.9182: 0.1503 0 0.09751 0.004119
[6244] (28.54) 35.9245: 0.1505 0 0.09724 0.00407
[6245] (28.55) 35.9308: 0.1507 0 0.09691 0.00411
[6246] (28.55) 35.9371: 0.1509 0 0.09653 0.004154
[6247] (28.55) 35.9434: 0.1511 0 0.09611 0.004191
[6248] (28.56) 35.9497: 0.1512 0 0.09569 0.00422
[6249] (28.56) 35.9560: 0.1514 0 0.09564 0.00424
[6250] (28.57) 35.9623: 0.1516 0 0.09552 0.00425
[6251] (28.57) 35.9686: 0.1518 0 0.09534 0.004251
[6252] (28.58) 35.9748: 0.152 0 0.0951 0.004242
[6253] (28.58) 35.9811: 0.1521 0 0.0948 0.004224
[6254] (28.58) 35.9874: 0.1523 0 0.09445 0.004195
[6255] (28.59) 35.9937: 0.1525 0 0.09405 0.004172
[6256] (28.59) 36.0000: 0.1527 0 0.09383 0.004178
*Write time: 0.0517734. Average write time: 0.05689.
[6257] (28.65) 36.0063: 0.1529 0 0.09416 0.004183
[6258] (28.66) 36.0125: 0.153 0 0.09445 0.004185
[6259] (28.66) 36.0188: 0.1532 0 0.09469 0.004184
[6260] (28.66) 36.0250: 0.1534 0 0.09489 0.004181
[6261] (28.67) 36.0313: 0.1536 0 0.09505 0.004196
[6262] (28.67) 36.0375: 0.1538 0 0.09516 0.004211
[6263] (28.68) 36.0438: 0.154 0 0.09537 0.004216
[6264] (28.68) 36.0500: 0.1541 0 0.09577 0.00421
[6265] (28.69) 36.0563: 0.1543 0 0.09613 0.004195
[6266] (28.69) 36.0625: 0.1545 0 0.09645 0.004169
[6267] (28.69) 36.0688: 0.1548 0 0.09672 0.004134
[6268] (28.7) 36.0750: 0.155 0 0.09696 0.004091
[6269] (28.7) 36.0813: 0.1552 0 0.09714 0.00404
[6270] (28.71) 36.0875: 0.1553 0 0.09727 0.004023
[6271] (28.71) 36.0938: 0.1555 0 0.09736 0.004069
[6272] (28.71) 36.1000: 0.1558 0 0.09741 0.004106
[6273] (28.72) 36.1063: 0.156 0 0.09772 0.004135
[6274] (28.72) 36.1125: 0.1562 0 0.09802 0.004154
[6275] (28.73) 36.1188: 0.1564 0 0.09829 0.004163
[6276] (28.73) 36.1250: 0.1566 0 0.09851 0.004162
[6277] (28.73) 36.1312: 0.1568 0 0.09868 0.004151
[6278] (28.74) 36.1374: 0.1571 0 0.09881 0.004146
[6279] (28.74) 36.1436: 0.1573 0 0.09889 0.004165
[6280] (28.75) 36.1498: 0.1575 0 0.09894 0.004182
[6281] (28.75) 36.1559: 0.1577 0 0.09894 0.004196
[6282] (28.76) 36.1621: 0.1579 0 0.09922 0.004208
[6283] (28.76) 36.1681: 0.1581 0 0.09946 0.004217
[6284] (28.76) 36.1742: 0.1584 0 0.09966 0.004223
[6285] (28.77) 36.1803: 0.1586 0 0.09981 0.004227
[6286] (28.77) 36.1863: 0.1588 0 0.09993 0.004229
[6287] (28.78) 36.1924: 0.159 0 0.1 0.004228
[6288] (28.78) 36.1985: 0.1592 0 0.1 0.004224
[6289] (28.78) 36.2046: 0.1594 0 0.1 0.004218
[6290] (28.79) 36.2106: 0.1596 0 0.1 0.004209
[6291] (28.79) 36.2167: 0.1599 0 0.09995 0.004199
[6292] (28.8) 36.2228: 0.1601 0 0.1001 0.004186
[6293] (28.8) 36.2288: 0.1603 0 0.1002 0.004172
[6294] (28.81) 36.2349: 0.1604 0 0.1003 0.004155
[6295] (28.81) 36.2410: 0.1607 0 0.1004 0.004137
[6296] (28.81) 36.2471: 0.1609 0 0.1004 0.004117
[6297] (28.82) 36.2531: 0.1612 0 0.1004 0.004095
[6298] (28.82) 36.2591: 0.1614 0 0.1004 0.004072
[6299] (28.83) 36.2651: 0.1615 0 0.1003 0.004064
[6300] (28.83) 36.2712: 0.1617 0 0.1002 0.004075
[6301] (28.83) 36.2772: 0.162 0 0.1001 0.00408
[6302] (28.84) 36.2832: 0.1623 0 0.09993 0.004077
[6303] (28.84) 36.2892: 0.1625 0 0.09978 0.004088
[6304] (28.85) 36.2951: 0.1626 0 0.09982 0.004112
[6305] (28.85) 36.3010: 0.1628 0 0.09982 0.004135
[6306] (28.86) 36.3069: 0.1631 0 0.0998 0.004156
[6307] (28.86) 36.3127: 0.1634 0 0.09975 0.004175
[6308] (28.86) 36.3186: 0.1636 0 0.09968 0.004193
[6309] (28.87) 36.3245: 0.1638 0 0.09958 0.004208
[6310] (28.87) 36.3303: 0.1639 0 0.09946 0.004221
[6311] (28.88) 36.3362: 0.1642 0 0.09931 0.004232
[6312] (28.88) 36.3421: 0.1645 0 0.09915 0.004241
[6313] (28.89) 36.3480: 0.1647 0 0.09896 0.004247
[6314] (28.89) 36.3538: 0.1649 0 0.09875 0.004251
[6315] (28.89) 36.3597: 0.165 0 0.09853 0.004252
[6316] (28.9) 36.3656: 0.1651 0 0.09831 0.004251
[6317] (28.9) 36.3715: 0.1654 0 0.09849 0.004247
[6318] (28.91) 36.3773: 0.1657 0 0.09864 0.00424
[6319] (28.91) 36.3832: 0.1659 0 0.09876 0.00423
[6320] (28.92) 36.3891: 0.166 0 0.09884 0.004216
[6321] (28.92) 36.3950: 0.1661 0 0.0989 0.0042
[6322] (28.92) 36.4008: 0.1664 0 0.09893 0.00418
[6323] (28.93) 36.4067: 0.1666 0 0.09894 0.004156
[6324] (28.93) 36.4125: 0.1668 0 0.09892 0.004134
[6325] (28.94) 36.4183: 0.167 0 0.09889 0.004155
[6326] (28.94) 36.4241: 0.167 0 0.09884 0.004169
[6327] (28.95) 36.4299: 0.1672 0 0.09877 0.004178
[6328] (28.95) 36.4357: 0.1675 0 0.09868 0.00418
[6329] (28.96) 36.4416: 0.1677 0 0.09858 0.004175
[6330] (28.96) 36.4474: 0.1679 0 0.09846 0.004164
[6331] (28.97) 36.4531: 0.168 0 0.09832 0.004171
[6332] (28.97) 36.4588: 0.168 0 0.09816 0.004192
[6333] (28.98) 36.4645: 0.1683 0 0.09799 0.00421
[6334] (28.98) 36.4702: 0.1686 0 0.09784 0.004224
[6335] (28.99) 36.4759: 0.1687 0 0.09784 0.004235
[6336] (28.99) 36.4816: 0.1688 0 0.09781 0.004241
[6337] (29) 36.4873: 0.1689 0 0.09777 0.004243
[6338] (29) 36.4930: 0.1691 0 0.0977 0.00424
[6339] (29.01) 36.4987: 0.1694 0 0.09761 0.004232
[6340] (29.01) 36.5044: 0.1696 0 0.0975 0.00422
[6341] (29.01) 36.5101: 0.1697 0 0.09737 0.004202
[6342] (29.02) 36.5158: 0.1698 0 0.09721 0.004195
[6343] (29.02) 36.5215: 0.1699 0 0.09704 0.004194
[6344] (29.03) 36.5272: 0.1701 0 0.09684 0.004188
[6345] (29.03) 36.5329: 0.1704 0 0.09661 0.004176
[6346] (29.04) 36.5386: 0.1705 0 0.09637 0.004157
[6347] (29.04) 36.5443: 0.1706 0 0.0961 0.004137
[6348] (29.04) 36.5500: 0.1707 0 0.09581 0.00416
[6349] (29.05) 36.5557: 0.1709 0 0.0955 0.00418
[6350] (29.05) 36.5614: 0.1711 0 0.09517 0.004196
[6351] (29.06) 36.5671: 0.1713 0 0.09482 0.004208
[6352] (29.06) 36.5728: 0.1715 0 0.09444 0.004215
[6353] (29.07) 36.5784: 0.1715 0 0.09441 0.004218
[6354] (29.07) 36.5840: 0.1715 0 0.09447 0.004216
[6355] (29.08) 36.5896: 0.1717 0 0.09451 0.00421
[6356] (29.08) 36.5952: 0.172 0 0.09453 0.004217
[6357] (29.08) 36.6009: 0.1721 0 0.09452 0.004222
[6358] (29.09) 36.6065: 0.1722 0 0.09449 0.004221
[6359] (29.09) 36.6121: 0.1723 0 0.09444 0.004214
[6360] (29.1) 36.6177: 0.1723 0 0.09436 0.004201
[6361] (29.1) 36.6234: 0.1725 0 0.09426 0.004183
[6362] (29.11) 36.6290: 0.1727 0 0.09413 0.004163
[6363] (29.11) 36.6346: 0.1728 0 0.09397 0.004186
[6364] (29.12) 36.6402: 0.1729 0 0.09379 0.004206
[6365] (29.12) 36.6458: 0.1729 0 0.09359 0.004223
[6366] (29.12) 36.6515: 0.173 0 0.09337 0.004236
[6367] (29.13) 36.6571: 0.1732 0 0.09312 0.004245
[6368] (29.13) 36.6627: 0.1734 0 0.09285 0.00425
[6369] (29.14) 36.6683: 0.1735 0 0.09256 0.00425
[6370] (29.14) 36.6739: 0.1736 0 0.09224 0.004245
[6371] (29.15) 36.6796: 0.1736 0 0.09191 0.004235
[6372] (29.15) 36.6852: 0.1738 0 0.09155 0.00422
[6373] (29.16) 36.6907: 0.174 0 0.09118 0.004201
[6374] (29.16) 36.6961: 0.1741 0 0.0908 0.004196
[6375] (29.16) 36.7015: 0.1742 0 0.09041 0.004191
[6376] (29.17) 36.7067: 0.1742 0 0.09001 0.004181
[6377] (29.17) 36.7119: 0.1742 0 0.08968 0.004201
[6378] (29.18) 36.7172: 0.1744 0 0.08946 0.004224
[6379] (29.18) 36.7224: 0.1746 0 0.08946 0.004243
[6380] (29.19) 36.7277: 0.1748 0 0.08945 0.004259
[6381] (29.19) 36.7329: 0.1748 0 0.08942 0.004271
[6382] (29.2) 36.7381: 0.1748 0 0.08937 0.004278
[6383] (29.2) 36.7434: 0.1748 0 0.08931 0.004281
[6384] (29.21) 36.7486: 0.175 0 0.08922 0.004279
[6385] (29.21) 36.7538: 0.1752 0 0.08912 0.004272
[6386] (29.21) 36.7591: 0.1753 0 0.08901 0.004259
[6387] (29.22) 36.7643: 0.1754 0 0.08888 0.004241
[6388] (29.22) 36.7696: 0.1753 0 0.08873 0.004216
[6389] (29.23) 36.7748: 0.1753 0 0.08856 0.004186
[6390] (29.23) 36.7800: 0.1756 0 0.08838 0.00415
[6391] (29.25) 36.7853: 0.1757 0 0.08818 0.004138
[6392] (29.25) 36.7905: 0.1758 0 0.08797 0.004129
[6393] (29.26) 36.7957: 0.1758 0 0.08774 0.004115
[6394] (29.26) 36.8010: 0.1757 0 0.08749 0.0041
[6395] (29.27) 36.8062: 0.1758 0 0.08722 0.004118
[6396] (29.27) 36.8115: 0.176 0 0.08694 0.004129
[6397] (29.27) 36.8167: 0.1761 0 0.08664 0.004135
[6398] (29.28) 36.8219: 0.1761 0 0.08633 0.004134
[6399] (29.28) 36.8272: 0.176 0 0.086 0.004125
[6400] (29.29) 36.8324: 0.1759 0 0.08571 0.00411
[6401] (29.29) 36.8376: 0.1761 0 0.08555 0.004087
[6402] (29.3) 36.8429: 0.1763 0 0.08538 0.004058
[6403] (29.3) 36.8481: 0.1763 0 0.08519 0.004071
[6404] (29.3) 36.8534: 0.1763 0 0.08499 0.004082
[6405] (29.31) 36.8586: 0.1761 0 0.08477 0.004088
[6406] (29.32) 36.8638: 0.1762 0 0.08454 0.004091
[6407] (29.32) 36.8691: 0.1764 0 0.0843 0.00409
[6408] (29.33) 36.8743: 0.1765 0 0.08405 0.004086
[6409] (29.33) 36.8795: 0.1764 0 0.08378 0.004079
[6410] (29.34) 36.8848: 0.1763 0 0.0835 0.004068
[6411] (29.34) 36.8900: 0.1762 0 0.08321 0.004054
[6412] (29.35) 36.8953: 0.1764 0 0.08291 0.004037
[6413] (29.35) 36.9005: 0.1765 0 0.08261 0.004018
[6414] (29.36) 36.9057: 0.1765 0 0.0823 0.003996
[6415] (29.36) 36.9110: 0.1764 0 0.08221 0.003971
[6416] (29.37) 36.9162: 0.1761 0 0.08214 0.003944
[6417] (29.37) 36.9214: 0.1763 0 0.08205 0.003951
[6418] (29.38) 36.9267: 0.1764 0 0.08194 0.003963
[6419] (29.38) 36.9319: 0.1764 0 0.08182 0.003973
[6420] (29.38) 36.9372: 0.1763 0 0.08167 0.003989
[6421] (29.39) 36.9424: 0.1761 0 0.0815 0.004007
[6422] (29.39) 36.9476: 0.176 0 0.08132 0.004019
[6423] (29.4) 36.9529: 0.1762 0 0.08111 0.004023
[6424] (29.4) 36.9581: 0.1762 0 0.08089 0.004021
[6425] (29.41) 36.9633: 0.1761 0 0.08066 0.004013
[6426] (29.41) 36.9686: 0.1759 0 0.08041 0.004006
[6427] (29.42) 36.9738: 0.1756 0 0.08015 0.003998
[6428] (29.42) 36.9791: 0.1758 0 0.07987 0.003984
[6429] (29.43) 36.9843: 0.1759 0 0.07964 0.003966
[6430] (29.43) 36.9895: 0.1758 0 0.07956 0.003944
[6431] (29.43) 36.9948: 0.1756 0 0.07945 0.003918
[6432] (29.44) 37.0000: 0.1753 0 0.07933 0.003914
*Write time: 0.0836013. Average write time: 0.0576119.
[6433] (29.53) 37.0052: 0.1753 0 0.0792 0.003927
[6434] (29.53) 37.0104: 0.1755 0 0.07905 0.003938
[6435] (29.54) 37.0156: 0.1754 0 0.07889 0.003946
[6436] (29.54) 37.0208: 0.1753 0 0.07873 0.003969
[6437] (29.55) 37.0260: 0.175 0 0.07855 0.003988
[6438] (29.55) 37.0312: 0.1747 0 0.07836 0.004002
[6439] (29.55) 37.0363: 0.1748 0 0.07816 0.004013
[6440] (29.56) 37.0415: 0.1748 0 0.07796 0.004019
[6441] (29.56) 37.0467: 0.1747 0 0.07775 0.00402
[6442] (29.57) 37.0519: 0.1745 0 0.07754 0.004017
[6443] (29.57) 37.0571: 0.1741 0 0.07732 0.004008
[6444] (29.58) 37.0623: 0.174 0 0.07722 0.003995
[6445] (29.59) 37.0674: 0.1741 0 0.07721 0.003977
[6446] (29.59) 37.0726: 0.174 0 0.07718 0.003963
[6447] (29.6) 37.0778: 0.1738 0 0.07713 0.003962
[6448] (29.6) 37.0830: 0.1734 0 0.07707 0.003953
[6449] (29.6) 37.0882: 0.1731 0 0.07698 0.003937
[6450] (29.61) 37.0933: 0.1732 0 0.07688 0.00394
[6451] (29.61) 37.0985: 0.1732 0 0.07677 0.003967
[6452] (29.62) 37.1037: 0.173 0 0.07663 0.003988
[6453] (29.62) 37.1089: 0.1727 0 0.07648 0.004005
[6454] (29.63) 37.1141: 0.1723 0 0.07632 0.004017
[6455] (29.63) 37.1192: 0.1721 0 0.07614 0.004024
[6456] (29.63) 37.1244: 0.1722 0 0.07609 0.004026
[6457] (29.64) 37.1296: 0.1721 0 0.07609 0.004022
[6458] (29.64) 37.1348: 0.1718 0 0.07609 0.004014
[6459] (29.65) 37.1400: 0.1715 0 0.07608 0.004001
[6460] (29.65) 37.1451: 0.1709 0 0.07607 0.003984
[6461] (29.66) 37.1503: 0.171 0 0.07605 0.003963
[6462] (29.66) 37.1555: 0.1709 0 0.07602 0.003939
[6463] (29.67) 37.1607: 0.1708 0 0.07598 0.003917
[6464] (29.67) 37.1659: 0.1704 0 0.07594 0.00393
[6465] (29.67) 37.1711: 0.17 0 0.07588 0.00394
[6466] (29.68) 37.1762: 0.1696 0 0.07581 0.003949
[6467] (29.69) 37.1814: 0.1696 0 0.07573 0.003956
[6468] (29.69) 37.1866: 0.1695 0 0.07563 0.003961
[6469] (29.7) 37.1918: 0.1692 0 0.07552 0.003964
[6470] (29.7) 37.1970: 0.1688 0 0.0754 0.003972
[6471] (29.7) 37.2021: 0.1683 0 0.07526 0.003978
[6472] (29.71) 37.2073: 0.1682 0 0.07511 0.00398
[6473] (29.71) 37.2125: 0.1681 0 0.07494 0.003979
[6474] (29.72) 37.2177: 0.1679 0 0.07488 0.003973
[6475] (29.72) 37.2229: 0.1676 0 0.07492 0.003964
[6476] (29.73) 37.2280: 0.1671 0 0.07497 0.003951
[6477] (29.73) 37.2332: 0.1666 0 0.07501 0.003935
[6478] (29.74) 37.2384: 0.1666 0 0.07504 0.003922
[6479] (29.74) 37.2436: 0.1665 0 0.07508 0.003937
[6480] (29.74) 37.2488: 0.1662 0 0.0751 0.00395
[6481] (29.75) 37.2539: 0.1658 0 0.07512 0.003962
[6482] (29.75) 37.2591: 0.1653 0 0.07513 0.003971
[6483] (29.76) 37.2643: 0.1649 0 0.07513 0.003979
[6484] (29.76) 37.2695: 0.1649 0 0.07512 0.003985
[6485] (29.77) 37.2747: 0.1647 0 0.07509 0.003989
[6486] (29.77) 37.2799: 0.1644 0 0.07506 0.003991
[6487] (29.77) 37.2850: 0.164 0 0.07501 0.003991
[6488] (29.78) 37.2902: 0.1634 0 0.07495 0.003989
[6489] (29.78) 37.2954: 0.163 0 0.07505 0.003985
[6490] (29.79) 37.3006: 0.1629 0 0.07518 0.003979
[6491] (29.8) 37.3058: 0.1627 0 0.07529 0.003971
[6492] (29.8) 37.3109: 0.1624 0 0.07538 0.003961
[6493] (29.8) 37.3161: 0.1619 0 0.07545 0.00395
[6494] (29.81) 37.3213: 0.1614 0 0.0755 0.003936
[6495] (29.81) 37.3265: 0.161 0 0.07552 0.003921
[6496] (29.82) 37.3317: 0.1608 0 0.07553 0.003941
[6497] (29.82) 37.3368: 0.1606 0 0.07552 0.003961
[6498] (29.83) 37.3420: 0.1602 0 0.07549 0.00398
[6499] (29.83) 37.3472: 0.1598 0 0.07545 0.003998
[6500] (29.83) 37.3524: 0.1592 0 0.07554 0.004013
[6501] (29.84) 37.3576: 0.1588 0 0.07571 0.004027
[6502] (29.84) 37.3627: 0.1587 0 0.07586 0.004039
[6503] (29.85) 37.3679: 0.1584 0 0.07598 0.00405
[6504] (29.85) 37.3731: 0.158 0 0.07608 0.004058
[6505] (29.86) 37.3783: 0.1576 0 0.07616 0.004064
[6506] (29.87) 37.3835: 0.157 0 0.07621 0.004068
[6507] (29.87) 37.3887: 0.1566 0 0.07625 0.00407
[6508] (29.87) 37.3938: 0.1564 0 0.07626 0.00407
[6509] (29.88) 37.3990: 0.1562 0 0.07626 0.004067
[6510] (29.88) 37.4042: 0.1558 0 0.07623 0.004063
[6511] (29.89) 37.4094: 0.1553 0 0.0762 0.004056
[6512] (29.89) 37.4146: 0.1548 0 0.07614 0.004048
[6513] (29.9) 37.4197: 0.1542 0 0.07628 0.004037
[6514] (29.9) 37.4249: 0.1541 0 0.07645 0.004025
[6515] (29.91) 37.4301: 0.1538 0 0.07659 0.00401
[6516] (29.91) 37.4353: 0.1534 0 0.07671 0.003994
[6517] (29.92) 37.4405: 0.153 0 0.0768 0.003976
[6518] (29.92) 37.4456: 0.1525 0 0.07687 0.00397
[6519] (29.92) 37.4508: 0.1519 0 0.07692 0.003986
[6520] (29.93) 37.4560: 0.1516 0 0.07694 0.003999
[6521] (29.93) 37.4612: 0.1513 0 0.07695 0.004011
[6522] (29.94) 37.4664: 0.151 0 0.07694 0.004022
[6523] (29.94) 37.4715: 0.1506 0 0.0769 0.004031
[6524] (29.95) 37.4780: 0.15 0 0.07684 0.00404
[6525] (29.95) 37.4844: 0.1493 0 0.07689 0.004047
[6526] (29.96) 37.4909: 0.1489 0 0.07711 0.004051
[6527] (29.96) 37.4973: 0.1485 0 0.07729 0.004052
[6528] (29.97) 37.5038: 0.148 0 0.07743 0.004051
[6529] (29.97) 37.5102: 0.1475 0 0.07753 0.004047
[6530] (29.98) 37.5167: 0.1468 0 0.0776 0.00404
[6531] (29.98) 37.5231: 0.1462 0 0.07763 0.004031
[6532] (29.98) 37.5295: 0.1459 0 0.07763 0.00402
[6533] (29.99) 37.5360: 0.1455 0 0.0776 0.004006
[6534] (29.99) 37.5424: 0.1449 0 0.07755 0.00399
[6535] (30) 37.5489: 0.1443 0 0.07747 0.003971
[6536] (30) 37.5553: 0.1437 0 0.07763 0.003993
[6537] (30.01) 37.5618: 0.1432 0 0.07783 0.004021
[6538] (30.02) 37.5682: 0.1428 0 0.07799 0.004047
[6539] (30.02) 37.5747: 0.1423 0 0.07811 0.00407
[6540] (30.03) 37.5811: 0.1418 0 0.0782 0.00409
[6541] (30.03) 37.5875: 0.1413 0 0.07825 0.004108
[6542] (30.03) 37.5940: 0.1407 0 0.07827 0.004123
[6543] (30.04) 37.6004: 0.1401 0 0.07826 0.004135
[6544] (30.04) 37.6069: 0.1396 0 0.07822 0.004145
[6545] (30.05) 37.6133: 0.1392 0 0.07815 0.004151
[6546] (30.05) 37.6198: 0.1387 0 0.07806 0.004154
[6547] (30.06) 37.6262: 0.1382 0 0.0782 0.004153
[6548] (30.06) 37.6327: 0.1377 0 0.07838 0.00415
[6549] (30.06) 37.6391: 0.1372 0 0.07854 0.004144
[6550] (30.07) 37.6455: 0.1367 0 0.07865 0.004135
[6551] (30.07) 37.6520: 0.1362 0 0.07873 0.004123
[6552] (30.08) 37.6584: 0.1358 0 0.07877 0.004109
[6553] (30.08) 37.6649: 0.1353 0 0.07878 0.004091
[6554] (30.09) 37.6713: 0.1352 0 0.07876 0.004071
[6555] (30.09) 37.6778: 0.1352 0 0.07871 0.004048
[6556] (30.1) 37.6842: 0.135 0 0.07864 0.004022
[6557] (30.1) 37.6907: 0.1349 0 0.07854 0.003994
[6558] (30.1) 37.6971: 0.1347 0 0.07857 0.003967
[6559] (30.11) 37.7036: 0.1345 0 0.07873 0.003987
[6560] (30.11) 37.7100: 0.1344 0 0.07887 0.004005
[6561] (30.12) 37.7164: 0.1343 0 0.07897 0.004021
[6562] (30.13) 37.7229: 0.1341 0 0.07904 0.004035
[6563] (30.13) 37.7293: 0.1339 0 0.07908 0.004046
[6564] (30.14) 37.7358: 0.134 0 0.07909 0.004055
[6565] (30.14) 37.7422: 0.134 0 0.07913 0.004061
[6566] (30.15) 37.7487: 0.134 0 0.07915 0.004065
[6567] (30.15) 37.7551: 0.1344 0 0.07928 0.004067
[6568] (30.16) 37.7616: 0.1347 0 0.0794 0.004066
[6569] (30.16) 37.7680: 0.1349 0 0.0795 0.004064
[6570] (30.16) 37.7744: 0.135 0 0.07959 0.00406
[6571] (30.17) 37.7809: 0.1349 0 0.07967 0.004054
[6572] (30.17) 37.7873: 0.1347 0 0.07973 0.004047
[6573] (30.18) 37.7938: 0.135 0 0.07978 0.004039
[6574] (30.18) 37.8002: 0.1352 0 0.07981 0.004028
[6575] (30.19) 37.8067: 0.1354 0 0.07983 0.004017
[6576] (30.19) 37.8131: 0.1354 0 0.07983 0.004004
[6577] (30.2) 37.8196: 0.1354 0 0.07989 0.003989
[6578] (30.2) 37.8260: 0.1352 0 0.08 0.003992
[6579] (30.21) 37.8324: 0.1351 0 0.0801 0.00401
[6580] (30.21) 37.8389: 0.1354 0 0.08018 0.004026
[6581] (30.21) 37.8453: 0.1355 0 0.08024 0.004041
[6582] (30.22) 37.8518: 0.1355 0 0.08029 0.004054
[6583] (30.22) 37.8582: 0.1354 0 0.08032 0.004065
[6584] (30.23) 37.8647: 0.1352 0 0.08033 0.004074
[6585] (30.23) 37.8711: 0.1351 0 0.08033 0.004081
[6586] (30.24) 37.8776: 0.1353 0 0.08031 0.004085
[6587] (30.24) 37.8840: 0.1354 0 0.08033 0.004086
[6588] (30.24) 37.8904: 0.1354 0 0.08044 0.004085
[6589] (30.25) 37.8969: 0.1352 0 0.08054 0.004081
[6590] (30.26) 37.9033: 0.135 0 0.08061 0.004075
[6591] (30.26) 37.9098: 0.135 0 0.08067 0.004066
[6592] (30.27) 37.9162: 0.1353 0 0.08071 0.004056
[6593] (30.28) 37.9227: 0.1356 0 0.08073 0.004043
[6594] (30.28) 37.9291: 0.1357 0 0.08074 0.004029
[6595] (30.29) 37.9356: 0.1357 0 0.08072 0.004014
[6596] (30.3) 37.9420: 0.1355 0 0.08069 0.003998
[6597] (30.3) 37.9484: 0.1355 0 0.08067 0.003981
[6598] (30.31) 37.9549: 0.1358 0 0.08079 0.003964
[6599] (30.31) 37.9613: 0.136 0 0.08088 0.003948
[6600] (30.31) 37.9678: 0.1361 0 0.08096 0.003931
[6601] (30.32) 37.9742: 0.1361 0 0.08102 0.003914
[6602] (30.32) 37.9807: 0.1359 0 0.08107 0.003897
[6603] (30.33) 37.9871: 0.1358 0 0.08109 0.003893
[6604] (30.33) 37.9936: 0.136 0 0.0811 0.003891
[6605] (30.34) 38.0000: 0.1362 0 0.08108 0.003888
*Write time: 0.0820654. Average write time: 0.0582554.
[6606] (30.43) 38.0064: 0.1363 0 0.08105 0.003882
[6607] (30.43) 38.0128: 0.1362 0 0.08101 0.003875
[6608] (30.44) 38.0191: 0.136 0 0.08103 0.003867
[6609] (30.44) 38.0254: 0.1358 0 0.08114 0.003857
[6610] (30.45) 38.0316: 0.1361 0 0.08124 0.003866
[6611] (30.45) 38.0379: 0.1362 0 0.08131 0.003876
[6612] (30.46) 38.0441: 0.1362 0 0.08137 0.003886
[6613] (30.46) 38.0503: 0.1361 0 0.08141 0.003895
[6614] (30.47) 38.0565: 0.1358 0 0.08143 0.003903
[6615] (30.47) 38.0627: 0.1357 0 0.08144 0.00391
[6616] (30.48) 38.0689: 0.1359 0 0.08143 0.003917
[6617] (30.48) 38.0751: 0.136 0 0.0814 0.003923
[6618] (30.48) 38.0813: 0.1359 0 0.08136 0.003928
[6619] (30.49) 38.0875: 0.1358 0 0.0813 0.003931
[6620] (30.49) 38.0937: 0.1354 0 0.08137 0.003934
[6621] (30.5) 38.0999: 0.1355 0 0.08148 0.003936
[6622] (30.5) 38.1061: 0.1356 0 0.08158 0.003938
[6623] (30.51) 38.1123: 0.1357 0 0.08165 0.003945
[6624] (30.51) 38.1185: 0.1355 0 0.08171 0.003961
[6625] (30.52) 38.1248: 0.1353 0 0.08176 0.003976
[6626] (30.52) 38.1310: 0.1349 0 0.08178 0.003991
[6627] (30.52) 38.1372: 0.135 0 0.08179 0.004005
[6628] (30.53) 38.1434: 0.1351 0 0.08178 0.004019
[6629] (30.53) 38.1496: 0.1351 0 0.08175 0.004032
[6630] (30.54) 38.1558: 0.1349 0 0.08171 0.004045
[6631] (30.54) 38.1620: 0.1346 0 0.08164 0.004058
[6632] (30.55) 38.1682: 0.1342 0 0.08166 0.00407
[6633] (30.55) 38.1744: 0.1344 0 0.08179 0.004081
[6634] (30.56) 38.1806: 0.1344 0 0.0819 0.004092
[6635] (30.56) 38.1868: 0.1343 0 0.082 0.004103
[6636] (30.56) 38.1930: 0.1341 0 0.08208 0.004113
[6637] (30.57) 38.1992: 0.1336 0 0.08214 0.004122
[6638] (30.57) 38.2055: 0.1335 0 0.08218 0.004131
[6639] (30.58) 38.2117: 0.1336 0 0.0822 0.00414
[6640] (30.58) 38.2179: 0.1336 0 0.0822 0.004147
[6641] (30.59) 38.2241: 0.1334 0 0.08218 0.004155
[6642] (30.59) 38.2303: 0.133 0 0.08215 0.004161
[6643] (30.6) 38.2365: 0.1326 0 0.08209 0.004168
[6644] (30.6) 38.2427: 0.1327 0 0.08201 0.004173
[6645] (30.61) 38.2489: 0.1327 0 0.08214 0.004179
[6646] (30.61) 38.2551: 0.1326 0 0.08228 0.004184
[6647] (30.62) 38.2613: 0.1323 0 0.08241 0.004188
[6648] (30.62) 38.2675: 0.1319 0 0.08252 0.004193
[6649] (30.63) 38.2737: 0.1316 0 0.0826 0.004197
[6650] (30.63) 38.2799: 0.1317 0 0.08266 0.004201
[6651] (30.64) 38.2861: 0.1317 0 0.0827 0.004205
[6652] (30.64) 38.2924: 0.1315 0 0.08272 0.004208
[6653] (30.65) 38.2986: 0.1311 0 0.08271 0.004212
[6654] (30.65) 38.3048: 0.1307 0 0.08268 0.004215
[6655] (30.66) 38.3110: 0.1307 0 0.08263 0.004219
[6656] (30.66) 38.3172: 0.1308 0 0.08263 0.004222
[6657] (30.67) 38.3234: 0.1306 0 0.08282 0.004225
[6658] (30.67) 38.3296: 0.1304 0 0.08298 0.004228
[6659] (30.68) 38.3358: 0.13 0 0.08326 0.004231
[6660] (30.68) 38.3420: 0.1297 0 0.08356 0.004234
[6661] (30.69) 38.3482: 0.1298 0 0.08383 0.004237
[6662] (30.69) 38.3544: 0.1298 0 0.08407 0.00424
[6663] (30.7) 38.3606: 0.1296 0 0.08428 0.004242
[6664] (30.7) 38.3668: 0.1292 0 0.08445 0.004245
[6665] (30.71) 38.3731: 0.1287 0 0.08459 0.004247
[6666] (30.72) 38.3793: 0.1288 0 0.0847 0.004249
[6667] (30.72) 38.3855: 0.1288 0 0.08506 0.004251
[6668] (30.73) 38.3917: 0.1287 0 0.08539 0.004253
[6669] (30.73) 38.3979: 0.1284 0 0.0857 0.004255
[6670] (30.74) 38.4041: 0.128 0 0.08598 0.004256
[6671] (30.74) 38.4103: 0.128 0 0.08622 0.004258
[6672] (30.75) 38.4165: 0.1279 0 0.08642 0.004259
[6673] (30.76) 38.4227: 0.1278 0 0.08658 0.00426
[6674] (30.77) 38.4289: 0.1276 0 0.0867 0.004261
[6675] (30.78) 38.4351: 0.1275 0 0.08677 0.004261
[6676] (30.78) 38.4413: 0.1276 0 0.08707 0.004262
[6677] (30.79) 38.4475: 0.1275 0 0.08741 0.004262
[6678] (30.79) 38.4537: 0.1275 0 0.08772 0.004263
[6679] (30.8) 38.4600: 0.1273 0 0.08799 0.004263
[6680] (30.8) 38.4662: 0.1271 0 0.08822 0.004263
[6681] (30.8) 38.4724: 0.127 0 0.08841 0.004263
[6682] (30.81) 38.4786: 0.127 0 0.08863 0.004264
[6683] (30.81) 38.4848: 0.127 0 0.08901 0.004264
[6684] (30.82) 38.4910: 0.1269 0 0.08934 0.004264
[6685] (30.82) 38.4972: 0.1267 0 0.08963 0.004265
[6686] (30.83) 38.5034: 0.1266 0 0.08986 0.004265
[6687] (30.83) 38.5096: 0.1265 0 0.09005 0.004265
[6688] (30.84) 38.5158: 0.1263 0 0.09018 0.004266
[6689] (30.85) 38.5220: 0.1263 0 0.09028 0.004266
[6690] (30.85) 38.5282: 0.1262 0 0.09068 0.004267
[6691] (30.88) 38.5344: 0.126 0 0.09103 0.004267
[6692] (30.88) 38.5407: 0.1258 0 0.09135 0.004268
[6693] (30.89) 38.5483: 0.1257 0 0.09167 0.004268
[6694] (30.89) 38.5558: 0.1255 0 0.09191 0.004268
[6695] (30.9) 38.5632: 0.1254 0 0.09207 0.004268
[6696] (30.9) 38.5706: 0.1252 0 0.09227 0.004268
[6697] (30.91) 38.5780: 0.1249 0 0.09275 0.004268
[6698] (30.91) 38.5854: 0.1248 0 0.09316 0.004268
[6699] (30.92) 38.5928: 0.1248 0 0.09349 0.004268
[6700] (30.92) 38.6003: 0.1248 0 0.09374 0.004267
[6701] (30.93) 38.6077: 0.125 0 0.09397 0.004266
[6702] (30.93) 38.6151: 0.1251 0 0.09455 0.004265
[6703] (30.93) 38.6225: 0.1252 0 0.09506 0.004264
[6704] (30.94) 38.6299: 0.1253 0 0.09549 0.004263
[6705] (30.94) 38.6373: 0.1254 0 0.09584 0.004261
[6706] (30.95) 38.6447: 0.1254 0 0.09609 0.004259
[6707] (30.95) 38.6521: 0.1254 0 0.09625 0.004257
[6708] (30.96) 38.6595: 0.1256 0 0.09671 0.004255
[6709] (30.96) 38.6669: 0.1257 0 0.09723 0.004253
[6710] (30.97) 38.6743: 0.1257 0 0.09767 0.00425
[6711] (30.97) 38.6817: 0.1257 0 0.09801 0.004248
[6712] (30.98) 38.6891: 0.1257 0 0.09824 0.004245
[6713] (30.98) 38.6965: 0.1258 0 0.09837 0.004243
[6714] (30.98) 38.7039: 0.1259 0 0.09868 0.00424
[6715] (30.99) 38.7113: 0.1259 0 0.0992 0.004238
[6716] (30.99) 38.7187: 0.126 0 0.09963 0.004235
[6717] (31) 38.7261: 0.1259 0 0.09995 0.004233
[6718] (31) 38.7335: 0.126 0 0.1002 0.004231
[6719] (31.01) 38.7409: 0.1261 0 0.1003 0.004228
[6720] (31.01) 38.7483: 0.1261 0 0.1005 0.004226
[6721] (31.01) 38.7557: 0.1261 0 0.101 0.004224
[6722] (31.02) 38.7631: 0.1261 0 0.1014 0.004222
[6723] (31.02) 38.7705: 0.126 0 0.1017 0.004219
[6724] (31.03) 38.7779: 0.1261 0 0.1019 0.004217
[6725] (31.03) 38.7853: 0.1261 0 0.102 0.004214
[6726] (31.04) 38.7927: 0.1262 0 0.1021 0.004212
[6727] (31.04) 38.8001: 0.1261 0 0.1027 0.004209
[6728] (31.05) 38.8075: 0.126 0 0.1031 0.004206
[6729] (31.06) 38.8149: 0.1259 0 0.1034 0.004204
[6730] (31.06) 38.8223: 0.126 0 0.1035 0.004201
[6731] (31.07) 38.8297: 0.1261 0 0.1038 0.004197
[6732] (31.07) 38.8371: 0.1262 0 0.1043 0.004194
[6733] (31.07) 38.8445: 0.1263 0 0.1047 0.004191
[6734] (31.08) 38.8519: 0.1264 0 0.1051 0.004187
[6735] (31.08) 38.8593: 0.1264 0 0.1054 0.004184
[6736] (31.09) 38.8668: 0.1265 0 0.1055 0.004181
[6737] (31.09) 38.8742: 0.1265 0 0.1059 0.004177
[6738] (31.1) 38.8816: 0.1266 0 0.1064 0.004174
[6739] (31.1) 38.8890: 0.1267 0 0.1069 0.004171
[6740] (31.11) 38.8964: 0.1267 0 0.1072 0.004168
[6741] (31.11) 38.9038: 0.1268 0 0.1075 0.004165
[6742] (31.12) 38.9112: 0.1268 0 0.108 0.004163
[6743] (31.12) 38.9186: 0.1269 0 0.1085 0.00416
[6744] (31.12) 38.9260: 0.1269 0 0.109 0.004158
[6745] (31.13) 38.9334: 0.127 0 0.1093 0.004156
[6746] (31.13) 38.9408: 0.127 0 0.1096 0.004154
[6747] (31.14) 38.9482: 0.1271 0 0.1101 0.004152
[6748] (31.14) 38.9556: 0.1271 0 0.1106 0.004151
[6749] (31.15) 38.9630: 0.1271 0 0.111 0.004149
[6750] (31.15) 38.9704: 0.1272 0 0.1114 0.004148
[6751] (31.16) 38.9778: 0.1272 0 0.1116 0.004147
[6752] (31.16) 38.9852: 0.1273 0 0.112 0.004146
[6753] (31.17) 38.9926: 0.1273 0 0.1125 0.004145
[6754] (31.17) 39.0000: 0.1273 0 0.113 0.004143
*Write time: 0.0687518. Average write time: 0.0585246.
[6755] (31.24) 39.0074: 0.1274 0 0.1133 0.004142
[6756] (31.25) 39.0147: 0.1274 0 0.1135 0.004141
[6757] (31.25) 39.0221: 0.1275 0 0.1138 0.00414
[6758] (31.26) 39.0294: 0.1275 0 0.1143 0.004139
[6759] (31.26) 39.0368: 0.1275 0 0.1147 0.004137
[6760] (31.27) 39.0441: 0.1275 0 0.1151 0.004136
[6761] (31.27) 39.0515: 0.1276 0 0.1153 0.004134
[6762] (31.28) 39.0588: 0.1276 0 0.1155 0.004132
[6763] (31.28) 39.0662: 0.1276 0 0.1159 0.00413
[6764] (31.29) 39.0735: 0.1276 0 0.1164 0.004128
[6765] (31.29) 39.0809: 0.1276 0 0.1167 0.004126
[6766] (31.29) 39.0882: 0.1278 0 0.117 0.004123
[6767] (31.3) 39.0956: 0.1279 0 0.1172 0.004121
[6768] (31.3) 39.1029: 0.128 0 0.1174 0.004118
[6769] (31.31) 39.1103: 0.128 0 0.1179 0.004116
[6770] (31.31) 39.1176: 0.128 0 0.1183 0.004114
[6771] (31.32) 39.1250: 0.1281 0 0.1186 0.004111
[6772] (31.32) 39.1324: 0.1283 0 0.1187 0.004109
[6773] (31.33) 39.1397: 0.1283 0 0.1188 0.004107
[6774] (31.33) 39.1471: 0.1284 0 0.1193 0.004104
[6775] (31.33) 39.1544: 0.1284 0 0.1197 0.004102
[6776] (31.34) 39.1618: 0.1283 0 0.12 0.0041
[6777] (31.34) 39.1691: 0.1284 0 0.1202 0.004098
[6778] (31.35) 39.1765: 0.1285 0 0.1203 0.004097
[6779] (31.35) 39.1838: 0.1285 0 0.1206 0.004095
[6780] (31.36) 39.1912: 0.1285 0 0.1212 0.004094
[6781] (31.36) 39.1985: 0.1285 0 0.1217 0.004092
[6782] (31.37) 39.2059: 0.1285 0 0.1221 0.004091
[6783] (31.37) 39.2132: 0.1285 0 0.1225 0.00409
[6784] (31.38) 39.2206: 0.1285 0 0.123 0.004089
[6785] (31.38) 39.2279: 0.1285 0 0.1236 0.004088
[6786] (31.39) 39.2353: 0.1285 0 0.1241 0.004087
[6787] (31.39) 39.2426: 0.1285 0 0.1245 0.004087
[6788] (31.4) 39.2500: 0.1285 0 0.1249 0.004086
[6789] (31.4) 39.2574: 0.1285 0 0.1253 0.004085
[6790] (31.41) 39.2647: 0.1285 0 0.1259 0.004084
[6791] (31.41) 39.2721: 0.1285 0 0.1264 0.004084
[6792] (31.41) 39.2794: 0.1286 0 0.1269 0.004083
[6793] (31.42) 39.2868: 0.1286 0 0.1272 0.004082
[6794] (31.45) 39.2941: 0.1286 0 0.1276 0.004081
[6795] (31.47) 39.3015: 0.1286 0 0.1282 0.004081
[6796] (31.48) 39.3088: 0.1286 0 0.1287 0.00408
[6797] (31.48) 39.3162: 0.1285 0 0.1291 0.004079
[6798] (31.49) 39.3235: 0.1286 0 0.1294 0.004078
[6799] (31.5) 39.3309: 0.1286 0 0.1297 0.004077
[6800] (31.51) 39.3382: 0.1286 0 0.1303 0.004075
[6801] (31.51) 39.3456: 0.1286 0 0.1308 0.004074
[6802] (31.52) 39.3529: 0.1286 0 0.1312 0.004073
[6803] (31.52) 39.3603: 0.1287 0 0.1315 0.004071
[6804] (31.53) 39.3676: 0.1288 0 0.1317 0.00407
[6805] (31.53) 39.3750: 0.1289 0 0.1323 0.004068
[6806] (31.54) 39.3824: 0.129 0 0.1328 0.004066
[6807] (31.54) 39.3897: 0.129 0 0.1332 0.004065
[6808] (31.55) 39.3970: 0.1291 0 0.1334 0.004063
[6809] (31.55) 39.4042: 0.1291 0 0.1336 0.004061
[6810] (31.55) 39.4113: 0.1292 0 0.1342 0.00406
[6811] (31.56) 39.4185: 0.1292 0 0.1347 0.004058
[6812] (31.56) 39.4257: 0.1293 0 0.135 0.004057
[6813] (31.57) 39.4329: 0.1294 0 0.1353 0.004055
[6814] (31.57) 39.4400: 0.1294 0 0.1354 0.004053
[6815] (31.58) 39.4472: 0.1295 0 0.1359 0.004052
[6816] (31.58) 39.4544: 0.1295 0 0.1364 0.004051
[6817] (31.59) 39.4615: 0.1295 0 0.1367 0.004049
[6818] (31.59) 39.4686: 0.1296 0 0.1369 0.004048
[6819] (31.59) 39.4757: 0.1296 0 0.1371 0.004047
[6820] (31.6) 39.4827: 0.1297 0 0.1374 0.004046
[6821] (31.6) 39.4898: 0.1297 0 0.1379 0.004045
[6822] (31.61) 39.4968: 0.1297 0 0.1382 0.004044
[6823] (31.61) 39.5038: 0.1297 0 0.1384 0.004044
[6824] (31.62) 39.5108: 0.1299 0 0.1386 0.004043
[6825] (31.62) 39.5178: 0.13 0 0.1388 0.004042
[6826] (31.62) 39.5248: 0.1301 0 0.1392 0.004042
[6827] (31.63) 39.5318: 0.1302 0 0.1396 0.004041
[6828] (31.63) 39.5388: 0.1302 0 0.1398 0.004041
[6829] (31.64) 39.5456: 0.1304 0 0.1399 0.00404
[6830] (31.64) 39.5525: 0.1305 0 0.1399 0.00404
[6831] (31.65) 39.5594: 0.1306 0 0.1404 0.00404
[6832] (31.65) 39.5663: 0.1307 0 0.1407 0.004039
[6833] (31.65) 39.5732: 0.1307 0 0.141 0.004039
[6834] (31.66) 39.5801: 0.1307 0 0.141 0.004038
[6835] (31.66) 39.5869: 0.1309 0 0.141 0.004038
[6836] (31.67) 39.5938: 0.131 0 0.1414 0.004038
[6837] (31.68) 39.6007: 0.131 0 0.1417 0.004037
[6838] (31.68) 39.6076: 0.131 0 0.142 0.004037
[6839] (31.68) 39.6144: 0.131 0 0.142 0.004036
[6840] (31.69) 39.6211: 0.131 0 0.142 0.004036
[6841] (31.69) 39.6279: 0.1312 0 0.1422 0.004036
[6842] (31.7) 39.6347: 0.1312 0 0.1426 0.004035
[6843] (31.7) 39.6414: 0.1313 0 0.1428 0.004035
[6844] (31.71) 39.6482: 0.1312 0 0.1429 0.004034
[6845] (31.71) 39.6550: 0.1312 0 0.1429 0.004034
[6846] (31.71) 39.6617: 0.1312 0 0.1428 0.004033
[6847] (31.72) 39.6685: 0.1313 0 0.1432 0.004033
[6848] (31.73) 39.6753: 0.1313 0 0.1435 0.004032
[6849] (31.73) 39.6820: 0.1313 0 0.1436 0.004032
[6850] (31.74) 39.6888: 0.1313 0 0.1435 0.004031
[6851] (31.74) 39.6955: 0.1313 0 0.1434 0.004031
[6852] (31.74) 39.7023: 0.1312 0 0.1437 0.00403
[6853] (31.75) 39.7091: 0.1312 0 0.144 0.004029
[6854] (31.76) 39.7158: 0.1313 0 0.1441 0.004029
[6855] (31.76) 39.7226: 0.1313 0 0.1441 0.004028
[6856] (31.76) 39.7294: 0.1312 0 0.144 0.004027
[6857] (31.77) 39.7361: 0.1312 0 0.144 0.004027
[6858] (31.77) 39.7429: 0.1311 0 0.1443 0.004026
[6859] (31.78) 39.7497: 0.1311 0 0.1445 0.004025
[6860] (31.78) 39.7563: 0.1311 0 0.1445 0.004024
[6861] (31.79) 39.7628: 0.1311 0 0.1444 0.004023
[6862] (31.79) 39.7694: 0.1311 0 0.1442 0.004022
[6863] (31.8) 39.7760: 0.1311 0 0.1445 0.004021
[6864] (31.8) 39.7826: 0.1312 0 0.1447 0.00402
[6865] (31.81) 39.7892: 0.1313 0 0.1447 0.004019
[6866] (31.81) 39.7958: 0.1313 0 0.1447 0.004018
[6867] (31.82) 39.8024: 0.1314 0 0.1445 0.004017
[6868] (31.82) 39.8090: 0.1314 0 0.1445 0.004016
[6869] (31.82) 39.8155: 0.1314 0 0.1448 0.004015
[6870] (31.83) 39.8221: 0.1314 0 0.1449 0.004014
[6871] (31.83) 39.8287: 0.1314 0 0.1448 0.004013
[6872] (31.84) 39.8353: 0.1315 0 0.1447 0.004012
[6873] (31.84) 39.8419: 0.1315 0 0.1445 0.004012
[6874] (31.85) 39.8485: 0.1315 0 0.1447 0.004011
[6875] (31.85) 39.8551: 0.1315 0 0.1448 0.00401
[6876] (31.85) 39.8617: 0.1315 0 0.1448 0.004009
[6877] (31.86) 39.8682: 0.1315 0 0.1448 0.004008
[6878] (31.86) 39.8748: 0.1315 0 0.1446 0.004007
[6879] (31.87) 39.8814: 0.1316 0 0.1444 0.004006
[6880] (31.87) 39.8880: 0.1316 0 0.1446 0.004005
[6881] (31.88) 39.8946: 0.1316 0 0.1447 0.004005
[6882] (31.88) 39.9012: 0.1316 0 0.1447 0.004004
[6883] (31.89) 39.9078: 0.1316 0 0.1445 0.004003
[6884] (31.89) 39.9144: 0.1316 0 0.1443 0.004002
[6885] (31.89) 39.9209: 0.1316 0 0.1442 0.004001
[6886] (31.9) 39.9275: 0.1316 0 0.1444 0.004
[6887] (31.9) 39.9341: 0.1317 0 0.1444 0.003998
[6888] (31.91) 39.9407: 0.1317 0 0.1443 0.003997
[6889] (31.92) 39.9473: 0.1317 0 0.1441 0.003996
[6890] (31.93) 39.9539: 0.1316 0 0.1438 0.003995
[6891] (31.93) 39.9605: 0.1316 0 0.1439 0.003994
[6892] (31.94) 39.9671: 0.1317 0 0.144 0.003993
[6893] (31.94) 39.9736: 0.1317 0 0.144 0.003992
[6894] (31.95) 39.9802: 0.1317 0 0.1438 0.003991
[6895] (31.95) 39.9868: 0.1318 0 0.1436 0.00399
[6896] (31.95) 39.9934: 0.1318 0 0.1433 0.00399
[6897] (31.96) 40.0000: 0.1319 0 0.1434 0.00399
*Write time: 0.0614886. Average write time: 0.0585987.
[6898] (32.03) 40.0066: 0.132 0 0.1435 0.00399
[6899] (32.03) 40.0131: 0.132 0 0.1434 0.003989
[6900] (32.04) 40.0196: 0.1319 0 0.1432 0.003988
[6901] (32.04) 40.0261: 0.1319 0 0.143 0.003986
[6902] (32.05) 40.0326: 0.132 0 0.1427 0.003986
[6903] (32.05) 40.0391: 0.1321 0 0.1428 0.003986
[6904] (32.05) 40.0456: 0.1321 0 0.1428 0.003985
[6905] (32.06) 40.0521: 0.1321 0 0.1427 0.003985
[6906] (32.06) 40.0586: 0.132 0 0.1425 0.003985
[6907] (32.07) 40.0651: 0.132 0 0.1422 0.003985
[6908] (32.07) 40.0715: 0.132 0 0.1419 0.003985
[6909] (32.08) 40.0780: 0.132 0 0.142 0.003985
[6910] (32.08) 40.0845: 0.132 0 0.142 0.003985
[6911] (32.09) 40.0910: 0.132 0 0.1419 0.003985
[6912] (32.09) 40.0975: 0.1319 0 0.1417 0.003985
[6913] (32.09) 40.1040: 0.1318 0 0.1415 0.003985
[6914] (32.1) 40.1105: 0.1318 0 0.1412 0.003985
[6915] (32.1) 40.1170: 0.1318 0 0.1412 0.003985
[6916] (32.11) 40.1235: 0.1318 0 0.1411 0.003986
[6917] (32.11) 40.1300: 0.1318 0 0.141 0.003986
[6918] (32.12) 40.1365: 0.1317 0 0.1409 0.003986
[6919] (32.12) 40.1430: 0.1316 0 0.1406 0.003986
[6920] (32.12) 40.1495: 0.1315 0 0.1404 0.003986
[6921] (32.13) 40.1560: 0.1315 0 0.1403 0.003986
[6922] (32.13) 40.1624: 0.1315 0 0.1403 0.003987
[6923] (32.14) 40.1689: 0.1314 0 0.1402 0.003987
[6924] (32.14) 40.1754: 0.1314 0 0.14 0.003987
[6925] (32.15) 40.1819: 0.1313 0 0.1398 0.003987
[6926] (32.16) 40.1884: 0.1312 0 0.1396 0.003986
[6927] (32.17) 40.1949: 0.1311 0 0.1393 0.003986
[6928] (32.17) 40.2014: 0.1311 0 0.1394 0.003986
[6929] (32.18) 40.2079: 0.1311 0 0.1393 0.003986
[6930] (32.18) 40.2144: 0.131 0 0.1391 0.003986
[6931] (32.19) 40.2209: 0.131 0 0.139 0.003985
[6932] (32.19) 40.2274: 0.131 0 0.1388 0.003985
[6933] (32.2) 40.2339: 0.131 0 0.1385 0.003985
[6934] (32.2) 40.2404: 0.131 0 0.1384 0.003984
[6935] (32.2) 40.2469: 0.131 0 0.1383 0.003984
[6936] (32.21) 40.2533: 0.1309 0 0.1382 0.003984
[6937] (32.21) 40.2598: 0.1309 0 0.1381 0.003984
[6938] (32.22) 40.2663: 0.1308 0 0.1379 0.003984
[6939] (32.22) 40.2728: 0.1308 0 0.1377 0.003984
[6940] (32.23) 40.2793: 0.1308 0 0.1375 0.003984
[6941] (32.23) 40.2858: 0.1308 0 0.1373 0.003984
[6942] (32.24) 40.2923: 0.1307 0 0.1372 0.003985
[6943] (32.25) 40.2988: 0.1307 0 0.1371 0.003985
[6944] (32.25) 40.3053: 0.1306 0 0.1369 0.003986
[6945] (32.26) 40.3118: 0.1305 0 0.1368 0.003987
[6946] (32.26) 40.3183: 0.1304 0 0.1366 0.003987
[6947] (32.28) 40.3248: 0.1304 0 0.1364 0.003988
[6948] (32.28) 40.3313: 0.1304 0 0.1363 0.003989
[6949] (32.28) 40.3377: 0.1303 0 0.1362 0.00399
[6950] (32.29) 40.3442: 0.1303 0 0.136 0.003991
[6951] (32.3) 40.3507: 0.1302 0 0.1359 0.003992
[6952] (32.3) 40.3572: 0.1301 0 0.1357 0.003992
[6953] (32.31) 40.3637: 0.13 0 0.1355 0.003993
[6954] (32.32) 40.3702: 0.13 0 0.1354 0.003994
[6955] (32.33) 40.3767: 0.1299 0 0.1353 0.003994
[6956] (32.33) 40.3832: 0.1299 0 0.1351 0.003994
[6957] (32.34) 40.3897: 0.1298 0 0.135 0.003994
[6958] (32.34) 40.3962: 0.1297 0 0.1349 0.003994
[6959] (32.35) 40.4027: 0.1296 0 0.1347 0.003994
[6960] (32.35) 40.4092: 0.1294 0 0.1346 0.003994
[6961] (32.36) 40.4157: 0.1294 0 0.1344 0.003994
[6962] (32.36) 40.4222: 0.1294 0 0.1342 0.003993
[6963] (32.37) 40.4286: 0.1293 0 0.1341 0.003992
[6964] (32.38) 40.4351: 0.1292 0 0.134 0.003992
[6965] (32.39) 40.4416: 0.1291 0 0.1338 0.003991
[6966] (32.4) 40.4481: 0.129 0 0.1337 0.00399
[6967] (32.41) 40.4546: 0.1289 0 0.1335 0.00399
[6968] (32.41) 40.4611: 0.1288 0 0.1333 0.003989
[6969] (32.41) 40.4676: 0.1287 0 0.1332 0.003989
[6970] (32.42) 40.4741: 0.1286 0 0.133 0.003988
[6971] (32.42) 40.4806: 0.1286 0 0.1329 0.003988
[6972] (32.43) 40.4871: 0.1285 0 0.1327 0.003988
[6973] (32.43) 40.4936: 0.1284 0 0.1325 0.003988
[6974] (32.44) 40.5001: 0.1283 0 0.1324 0.003988
[6975] (32.44) 40.5066: 0.1283 0 0.1323 0.003988
[6976] (32.45) 40.5130: 0.1283 0 0.1321 0.003988
[6977] (32.45) 40.5195: 0.1283 0 0.132 0.003989
[6978] (32.45) 40.5260: 0.1282 0 0.1318 0.003989
[6979] (32.46) 40.5325: 0.1282 0 0.1316 0.00399
[6980] (32.46) 40.5390: 0.1281 0 0.1315 0.00399
[6981] (32.47) 40.5455: 0.1281 0 0.1314 0.003991
[6982] (32.47) 40.5520: 0.1281 0 0.1312 0.003991
[6983] (32.48) 40.5585: 0.128 0 0.131 0.003992
[6984] (32.48) 40.5650: 0.128 0 0.1308 0.003992
[6985] (32.48) 40.5715: 0.1279 0 0.1306 0.003992
[6986] (32.49) 40.5780: 0.1278 0 0.1305 0.003993
[6987] (32.49) 40.5845: 0.1277 0 0.1304 0.003993
[6988] (32.5) 40.5910: 0.1276 0 0.1303 0.003993
[6989] (32.5) 40.5975: 0.1276 0 0.1301 0.003994
[6990] (32.5) 40.6039: 0.1275 0 0.1299 0.003994
[6991] (32.51) 40.6104: 0.1274 0 0.1297 0.003994
[6992] (32.51) 40.6169: 0.1273 0 0.1295 0.003994
[6993] (32.52) 40.6234: 0.1272 0 0.1294 0.003994
[6994] (32.52) 40.6299: 0.127 0 0.1292 0.003994
[6995] (32.53) 40.6364: 0.127 0 0.1291 0.003994
[6996] (32.53) 40.6429: 0.1269 0 0.1289 0.003994
[6997] (32.53) 40.6494: 0.1268 0 0.1287 0.003995
[6998] (32.54) 40.6559: 0.1267 0 0.1284 0.003995
[6999] (32.54) 40.6624: 0.1266 0 0.1282 0.003995
[7000] (32.55) 40.6689: 0.1264 0 0.1281 0.003995
[7001] (32.55) 40.6754: 0.1262 0 0.128 0.003995
[7002] (32.56) 40.6819: 0.1262 0 0.1278 0.003995
[7003] (32.56) 40.6884: 0.1261 0 0.1276 0.003995
[7004] (32.56) 40.6948: 0.126 0 0.1274 0.003995
[7005] (32.57) 40.7013: 0.1258 0 0.1271 0.003995
[7006] (32.57) 40.7078: 0.1257 0 0.1269 0.003994
[7007] (32.58) 40.7143: 0.1255 0 0.1268 0.003994
[7008] (32.58) 40.7208: 0.1253 0 0.1267 0.003994
[7009] (32.59) 40.7273: 0.1252 0 0.1265 0.003994
[7010] (32.59) 40.7338: 0.1251 0 0.1263 0.003994
[7011] (32.59) 40.7403: 0.125 0 0.1261 0.003993
[7012] (32.6) 40.7468: 0.1248 0 0.1258 0.003993
[7013] (32.6) 40.7533: 0.1246 0 0.1255 0.003993
[7014] (32.61) 40.7598: 0.1244 0 0.1254 0.003992
[7015] (32.61) 40.7663: 0.1242 0 0.1253 0.003992
[7016] (32.62) 40.7728: 0.1241 0 0.1251 0.003991
[7017] (32.62) 40.7792: 0.124 0 0.1249 0.003991
[7018] (32.63) 40.7857: 0.1238 0 0.1247 0.003991
[7019] (32.63) 40.7922: 0.1237 0 0.1244 0.00399
[7020] (32.63) 40.7987: 0.1235 0 0.1241 0.00399
[7021] (32.64) 40.8052: 0.1232 0 0.124 0.003989
[7022] (32.64) 40.8117: 0.1231 0 0.1238 0.003989
[7023] (32.65) 40.8182: 0.123 0 0.1237 0.003989
[7024] (32.65) 40.8247: 0.1228 0 0.1235 0.003988
[7025] (32.66) 40.8312: 0.1227 0 0.1232 0.003988
[7026] (32.66) 40.8377: 0.1225 0 0.1229 0.003988
[7027] (32.66) 40.8442: 0.1222 0 0.1226 0.003988
[7028] (32.67) 40.8507: 0.122 0 0.1224 0.003988
[7029] (32.67) 40.8572: 0.1218 0 0.1223 0.003987
[7030] (32.68) 40.8637: 0.1216 0 0.1221 0.003987
[7031] (32.68) 40.8701: 0.1215 0 0.1219 0.003987
[7032] (32.69) 40.8766: 0.1213 0 0.1217 0.003987
[7033] (32.69) 40.8831: 0.1211 0 0.1214 0.003988
[7034] (32.7) 40.8896: 0.1208 0 0.1211 0.003988
[7035] (32.7) 40.8961: 0.1206 0 0.1208 0.003988
[7036] (32.7) 40.9026: 0.1203 0 0.1207 0.003988
[7037] (32.71) 40.9091: 0.1202 0 0.1205 0.003988
[7038] (32.71) 40.9156: 0.12 0 0.1204 0.003988
[7039] (32.72) 40.9221: 0.1198 0 0.1201 0.003988
[7040] (32.72) 40.9299: 0.1195 0 0.1198 0.003988
[7041] (32.73) 40.9377: 0.1192 0 0.1195 0.003988
[7042] (32.73) 40.9455: 0.1189 0 0.1191 0.003987
[7043] (32.74) 40.9533: 0.1186 0 0.119 0.003987
[7044] (32.74) 40.9610: 0.1184 0 0.1188 0.003987
[7045] (32.74) 40.9688: 0.1182 0 0.1185 0.003986
[7046] (32.75) 40.9766: 0.1179 0 0.1183 0.003986
[7047] (32.75) 40.9844: 0.1176 0 0.118 0.003985
[7048] (32.76) 40.9922: 0.1173 0 0.1176 0.003984
[7049] (32.76) 41.0000: 0.1172 0 0.1173 0.003983
*Write time: 0.0683755. Average write time: 0.0588371.
[7050] (32.83) 41.0078: 0.1169 0 0.1172 0.003982
[7051] (32.84) 41.0154: 0.1167 0 0.117 0.003981
[7052] (32.84) 41.0231: 0.1164 0 0.1168 0.00398
[7053] (32.85) 41.0308: 0.1161 0 0.1165 0.003979
[7054] (32.85) 41.0385: 0.1159 0 0.1162 0.003977
[7055] (32.86) 41.0462: 0.1157 0 0.1158 0.003976
[7056] (32.86) 41.0539: 0.1154 0 0.1156 0.003975
[7057] (32.86) 41.0616: 0.1152 0 0.1155 0.003973
[7058] (32.87) 41.0693: 0.1149 0 0.1153 0.003972
[7059] (32.87) 41.0770: 0.1146 0 0.1151 0.003971
[7060] (32.88) 41.0847: 0.1143 0 0.1148 0.00397
[7061] (32.88) 41.0924: 0.1141 0 0.1145 0.003969
[7062] (32.89) 41.1001: 0.1139 0 0.1142 0.003968
[7063] (32.89) 41.1077: 0.1137 0 0.114 0.003967
[7064] (32.89) 41.1154: 0.1134 0 0.1138 0.003966
[7065] (32.9) 41.1231: 0.1131 0 0.1137 0.003965
[7066] (32.9) 41.1308: 0.1129 0 0.1134 0.003965
[7067] (32.91) 41.1385: 0.1126 0 0.1132 0.003964
[7068] (32.91) 41.1462: 0.1123 0 0.1129 0.003963
[7069] (32.91) 41.1539: 0.1121 0 0.1126 0.003963
[7070] (32.92) 41.1616: 0.1118 0 0.1123 0.003963
[7071] (32.92) 41.1693: 0.1116 0 0.1122 0.003962
[7072] (32.93) 41.1770: 0.1113 0 0.112 0.003962
[7073] (32.93) 41.1847: 0.111 0 0.1118 0.003962
[7074] (32.94) 41.1924: 0.1108 0 0.1116 0.003962
[7075] (32.94) 41.2000: 0.1105 0 0.1113 0.003961
[7076] (32.94) 41.2077: 0.1102 0 0.111 0.003961
[7077] (32.95) 41.2154: 0.1099 0 0.1107 0.003961
[7078] (32.95) 41.2231: 0.1097 0 0.1104 0.003961
[7079] (32.96) 41.2308: 0.1095 0 0.1103 0.003961
[7080] (32.96) 41.2385: 0.1092 0 0.1101 0.003961
[7081] (32.96) 41.2462: 0.109 0 0.1098 0.00396
[7082] (32.97) 41.2539: 0.1087 0 0.1096 0.00396
[7083] (32.97) 41.2616: 0.1084 0 0.1093 0.00396
[7084] (32.98) 41.2693: 0.1082 0 0.109 0.00396
[7085] (32.98) 41.2770: 0.1079 0 0.1087 0.003959
[7086] (32.99) 41.2847: 0.1076 0 0.1084 0.003959
[7087] (32.99) 41.2924: 0.1074 0 0.1082 0.003959
[7088] (32.99) 41.3000: 0.1072 0 0.108 0.003958
[7089] (33) 41.3077: 0.107 0 0.1078 0.003958
[7090] (33) 41.3154: 0.1068 0 0.1075 0.003957
[7091] (33.01) 41.3231: 0.1066 0 0.1072 0.003957
[7092] (33.01) 41.3308: 0.1064 0 0.107 0.003956
[7093] (33.01) 41.3385: 0.1062 0 0.107 0.003956
[7094] (33.02) 41.3462: 0.1059 0 0.1073 0.003955
[7095] (33.02) 41.3539: 0.1057 0 0.1076 0.003955
[7096] (33.03) 41.3616: 0.1055 0 0.1077 0.003954
[7097] (33.03) 41.3693: 0.1053 0 0.1079 0.003954
[7098] (33.04) 41.3770: 0.1051 0 0.1079 0.003953
[7099] (33.04) 41.3847: 0.1049 0 0.108 0.003953
[7100] (33.04) 41.3923: 0.1046 0 0.1081 0.003952
[7101] (33.05) 41.4000: 0.1044 0 0.1082 0.003952
[7102] (33.05) 41.4077: 0.1042 0 0.1082 0.003951
[7103] (33.06) 41.4154: 0.1039 0 0.1081 0.003951
[7104] (33.06) 41.4231: 0.1037 0 0.108 0.00395
[7105] (33.06) 41.4308: 0.1035 0 0.1081 0.003949
[7106] (33.07) 41.4385: 0.1032 0 0.1081 0.003949
[7107] (33.07) 41.4462: 0.103 0 0.108 0.003948
[7108] (33.08) 41.4539: 0.1028 0 0.1079 0.003948
[7109] (33.08) 41.4616: 0.1026 0 0.108 0.003947
[7110] (33.09) 41.4693: 0.1023 0 0.1081 0.003947
[7111] (33.09) 41.4770: 0.1021 0 0.1081 0.003946
[7112] (33.09) 41.4846: 0.1018 0 0.1083 0.003946
[7113] (33.1) 41.4923: 0.1016 0 0.1084 0.003945
[7114] (33.1) 41.5000: 0.1013 0 0.1085 0.003944
[7115] (33.11) 41.5077: 0.1011 0 0.1085 0.003944
[7116] (33.11) 41.5154: 0.1009 0 0.1084 0.003943
[7117] (33.12) 41.5231: 0.1007 0 0.1085 0.003942
[7118] (33.12) 41.5308: 0.1004 0 0.1086 0.003941
[7119] (33.13) 41.5385: 0.1002 0 0.1086 0.00394
[7120] (33.13) 41.5462: 0.09992 0 0.1085 0.003939
[7121] (33.13) 41.5539: 0.09966 0 0.1083 0.003938
[7122] (33.14) 41.5616: 0.09939 0 0.1082 0.003937
[7123] (33.14) 41.5693: 0.09912 0 0.1083 0.003936
[7124] (33.15) 41.5769: 0.09889 0 0.1083 0.003934
[7125] (33.15) 41.5846: 0.09865 0 0.1083 0.003933
[7126] (33.15) 41.5923: 0.09841 0 0.1086 0.003931
[7127] (33.16) 41.6000: 0.09815 0 0.1087 0.00393
[7128] (33.16) 41.6077: 0.09789 0 0.1087 0.003928
[7129] (33.17) 41.6154: 0.09762 0 0.1087 0.003926
[7130] (33.17) 41.6231: 0.09734 0 0.1086 0.003925
[7131] (33.18) 41.6308: 0.09705 0 0.1087 0.003923
[7132] (33.18) 41.6385: 0.09676 0 0.1088 0.003921
[7133] (33.18) 41.6462: 0.09652 0 0.1089 0.003919
[7134] (33.19) 41.6539: 0.09626 0 0.1088 0.003917
[7135] (33.19) 41.6616: 0.096 0 0.1086 0.003915
[7136] (33.2) 41.6693: 0.09573 0 0.1085 0.003913
[7137] (33.2) 41.6769: 0.09544 0 0.1086 0.003911
[7138] (33.21) 41.6846: 0.09515 0 0.1086 0.003909
[7139] (33.21) 41.6923: 0.09485 0 0.1086 0.003906
[7140] (33.22) 41.7000: 0.09456 0 0.1086 0.003904
[7141] (33.22) 41.7077: 0.0943 0 0.1088 0.003902
[7142] (33.22) 41.7154: 0.09403 0 0.1089 0.0039
[7143] (33.23) 41.7231: 0.09376 0 0.1089 0.003898
[7144] (33.23) 41.7308: 0.09347 0 0.1089 0.003895
[7145] (33.24) 41.7385: 0.09317 0 0.1091 0.003893
[7146] (33.24) 41.7462: 0.09287 0 0.1092 0.003891
[7147] (33.25) 41.7539: 0.09255 0 0.1093 0.003889
[7148] (33.25) 41.7616: 0.09227 0 0.1092 0.003887
[7149] (33.26) 41.7692: 0.092 0 0.1096 0.003884
[7150] (33.26) 41.7769: 0.09172 0 0.1098 0.003882
[7151] (33.27) 41.7846: 0.09143 0 0.1099 0.00388
[7152] (33.27) 41.7923: 0.09113 0 0.1099 0.003878
[7153] (33.28) 41.8000: 0.09082 0 0.1099 0.003876
[7154] (33.28) 41.8077: 0.0905 0 0.11 0.003874
[7155] (33.29) 41.8154: 0.09017 0 0.1102 0.003872
[7156] (33.29) 41.8231: 0.09005 0 0.1104 0.003872
[7157] (33.29) 41.8308: 0.09021 0 0.1104 0.003872
[7158] (33.3) 41.8385: 0.09029 0 0.1103 0.003872
[7159] (33.3) 41.8462: 0.09029 0 0.1102 0.003872
[7160] (33.31) 41.8539: 0.09021 0 0.1104 0.003871
[7161] (33.31) 41.8615: 0.09035 0 0.1106 0.003871
[7162] (33.32) 41.8692: 0.09049 0 0.1106 0.003869
[7163] (33.32) 41.8769: 0.09057 0 0.1105 0.003868
[7164] (33.32) 41.8846: 0.09059 0 0.1106 0.003866
[7165] (33.33) 41.8923: 0.09054 0 0.1108 0.003864
[7166] (33.33) 41.9000: 0.09043 0 0.1109 0.003861
[7167] (33.34) 41.9077: 0.09053 0 0.1109 0.003859
[7168] (33.34) 41.9154: 0.09059 0 0.1109 0.003856
[7169] (33.34) 41.9231: 0.0906 0 0.111 0.003852
[7170] (33.35) 41.9308: 0.09055 0 0.1112 0.003849
[7171] (33.35) 41.9385: 0.09059 0 0.1113 0.003845
[7172] (33.36) 41.9462: 0.09087 0 0.1114 0.003842
[7173] (33.36) 41.9538: 0.09105 0 0.1113 0.00384
[7174] (33.37) 41.9615: 0.09113 0 0.1112 0.003839
[7175] (33.37) 41.9692: 0.0911 0 0.1113 0.003838
[7176] (33.38) 41.9769: 0.09106 0 0.1115 0.003837
[7177] (33.38) 41.9846: 0.09143 0 0.1116 0.003836
[7178] (33.39) 41.9923: 0.09172 0 0.1116 0.003836
[7179] (33.39) 42.0000: 0.09191 0 0.1115 0.003835
*Write time: 0.0577402. Average write time: 0.058811.
[7180] (33.45) 42.0076: 0.092 0 0.1114 0.003834
[7181] (33.46) 42.0153: 0.09198 0 0.1114 0.003834
[7182] (33.46) 42.0229: 0.09184 0 0.1115 0.00384
[7183] (33.47) 42.0305: 0.09187 0 0.1116 0.003846
[7184] (33.47) 42.0382: 0.09216 0 0.1116 0.003852
[7185] (33.48) 42.0458: 0.09237 0 0.1115 0.003859
[7186] (33.48) 42.0534: 0.09247 0 0.1116 0.003865
[7187] (33.48) 42.0611: 0.09248 0 0.1117 0.003872
[7188] (33.49) 42.0687: 0.09236 0 0.1117 0.003878
[7189] (33.49) 42.0763: 0.09213 0 0.1116 0.003884
[7190] (33.5) 42.0840: 0.09236 0 0.1115 0.00389
[7191] (33.5) 42.0916: 0.09257 0 0.1117 0.003896
[7192] (33.51) 42.0992: 0.09269 0 0.1118 0.003902
[7193] (33.51) 42.1069: 0.09271 0 0.1119 0.003907
[7194] (33.51) 42.1145: 0.09262 0 0.1119 0.003912
[7195] (33.52) 42.1221: 0.09242 0 0.1118 0.003917
[7196] (33.52) 42.1298: 0.09234 0 0.1117 0.003922
[7197] (33.53) 42.1374: 0.09255 0 0.1117 0.003926
[7198] (33.53) 42.1450: 0.09269 0 0.1118 0.00393
[7199] (33.54) 42.1527: 0.09273 0 0.1119 0.003933
[7200] (33.54) 42.1603: 0.09267 0 0.1119 0.003936
[7201] (33.54) 42.1679: 0.09251 0 0.1119 0.003939
[7202] (33.55) 42.1756: 0.09223 0 0.1118 0.003941
[7203] (33.55) 42.1832: 0.09236 0 0.1116 0.003943
[7204] (33.56) 42.1908: 0.09252 0 0.1116 0.003944
[7205] (33.56) 42.1985: 0.09259 0 0.1117 0.003945
[7206] (33.57) 42.2061: 0.09256 0 0.1118 0.003946
[7207] (33.57) 42.2137: 0.09244 0 0.1118 0.003946
[7208] (33.57) 42.2214: 0.09221 0 0.1117 0.003946
[7209] (33.58) 42.2290: 0.09202 0 0.1115 0.003945
[7210] (33.58) 42.2366: 0.0922 0 0.1116 0.003944
[7211] (33.59) 42.2443: 0.0923 0 0.1117 0.003943
[7212] (33.59) 42.2519: 0.09231 0 0.1116 0.003942
[7213] (33.59) 42.2595: 0.09223 0 0.1115 0.00394
[7214] (33.6) 42.2672: 0.09204 0 0.1114 0.003938
[7215] (33.6) 42.2748: 0.09176 0 0.1115 0.003935
[7216] (33.61) 42.2824: 0.09175 0 0.1116 0.003932
[7217] (33.61) 42.2901: 0.09188 0 0.1117 0.003929
[7218] (33.62) 42.2977: 0.09193 0 0.1117 0.003926
[7219] (33.62) 42.3053: 0.09189 0 0.1116 0.003923
[7220] (33.62) 42.3130: 0.09176 0 0.1115 0.003919
[7221] (33.63) 42.3206: 0.09153 0 0.1113 0.003915
[7222] (33.63) 42.3282: 0.0912 0 0.1113 0.003912
[7223] (33.64) 42.3359: 0.09133 0 0.1114 0.003907
[7224] (33.64) 42.3435: 0.09142 0 0.1115 0.003903
[7225] (33.65) 42.3511: 0.09143 0 0.1115 0.003899
[7226] (33.65) 42.3588: 0.09135 0 0.1114 0.003895
[7227] (33.65) 42.3664: 0.09117 0 0.1112 0.00389
[7228] (33.66) 42.3740: 0.09089 0 0.111 0.003886
[7229] (33.66) 42.3817: 0.09062 0 0.1109 0.003882
[7230] (33.67) 42.3893: 0.09077 0 0.111 0.003877
[7231] (33.67) 42.3969: 0.09083 0 0.111 0.003873
[7232] (33.68) 42.4046: 0.09081 0 0.111 0.003868
[7233] (33.68) 42.4122: 0.09069 0 0.1109 0.003864
[7234] (33.69) 42.4198: 0.09047 0 0.111 0.00386
[7235] (33.69) 42.4275: 0.09016 0 0.111 0.003858
[7236] (33.7) 42.4351: 0.08993 0 0.1109 0.003857
[7237] (33.7) 42.4427: 0.09006 0 0.111 0.003857
[7238] (33.7) 42.4504: 0.09011 0 0.1111 0.003856
[7239] (33.71) 42.4580: 0.09006 0 0.1113 0.003856
[7240] (33.71) 42.4656: 0.08992 0 0.1114 0.003855
[7241] (33.72) 42.4733: 0.08967 0 0.1114 0.003854
[7242] (33.72) 42.4809: 0.08933 0 0.1114 0.003854
[7243] (33.73) 42.4885: 0.08905 0 0.1115 0.003853
[7244] (33.73) 42.4962: 0.08917 0 0.1115 0.003853
[7245] (33.74) 42.5038: 0.0892 0 0.1115 0.003852
[7246] (33.74) 42.5115: 0.08914 0 0.1117 0.003852
[7247] (33.74) 42.5191: 0.08898 0 0.1118 0.003851
[7248] (33.75) 42.5267: 0.08871 0 0.1118 0.003851
[7249] (33.75) 42.5344: 0.08835 0 0.1117 0.00385
[7250] (33.76) 42.5420: 0.08797 0 0.1118 0.00385
[7251] (33.76) 42.5496: 0.08808 0 0.1118 0.00385
[7252] (33.77) 42.5573: 0.0881 0 0.1118 0.003849
[7253] (33.77) 42.5649: 0.08803 0 0.112 0.003849
[7254] (33.77) 42.5725: 0.08785 0 0.112 0.003849
[7255] (33.78) 42.5802: 0.08758 0 0.112 0.003848
[7256] (33.78) 42.5878: 0.0872 0 0.1118 0.003848
[7257] (33.79) 42.5954: 0.08674 0 0.1118 0.003848
[7258] (33.79) 42.6031: 0.08671 0 0.1118 0.003848
[7259] (33.8) 42.6107: 0.08673 0 0.1119 0.003848
[7260] (33.8) 42.6183: 0.08666 0 0.112 0.003847
[7261] (33.8) 42.6260: 0.08649 0 0.112 0.003847
[7262] (33.81) 42.6336: 0.08622 0 0.1119 0.003847
[7263] (33.81) 42.6412: 0.08585 0 0.1118 0.003847
[7264] (33.82) 42.6489: 0.08539 0 0.1116 0.003847
[7265] (33.82) 42.6565: 0.08504 0 0.1115 0.003847
[7266] (33.83) 42.6641: 0.08506 0 0.1116 0.003846
[7267] (33.83) 42.6718: 0.08499 0 0.1117 0.003846
[7268] (33.83) 42.6794: 0.08483 0 0.1117 0.003846
[7269] (33.84) 42.6870: 0.08458 0 0.1116 0.003846
[7270] (33.84) 42.6947: 0.08423 0 0.1115 0.003845
[7271] (33.85) 42.7023: 0.08379 0 0.1113 0.003845
[7272] (33.85) 42.7099: 0.08328 0 0.1112 0.003845
[7273] (33.86) 42.7176: 0.08303 0 0.1111 0.003845
[7274] (33.86) 42.7252: 0.08298 0 0.1111 0.003844
[7275] (33.86) 42.7328: 0.08284 0 0.1112 0.003844
[7276] (33.87) 42.7405: 0.08262 0 0.1112 0.003844
[7277] (33.87) 42.7481: 0.08231 0 0.1113 0.003843
[7278] (33.88) 42.7557: 0.08223 0 0.1115 0.003843
[7279] (33.88) 42.7634: 0.0822 0 0.1116 0.003842
[7280] (33.88) 42.7710: 0.08217 0 0.1117 0.003842
[7281] (33.89) 42.7786: 0.08215 0 0.1117 0.003842
[7282] (33.89) 42.7863: 0.08212 0 0.1116 0.003841
[7283] (33.9) 42.7939: 0.08208 0 0.1118 0.003841
[7284] (33.9) 42.8015: 0.08205 0 0.112 0.00384
[7285] (33.91) 42.8092: 0.08202 0 0.1121 0.00384
[7286] (33.91) 42.8168: 0.08198 0 0.1122 0.003839
[7287] (33.92) 42.8244: 0.08196 0 0.1121 0.003839
[7288] (33.92) 42.8321: 0.08197 0 0.112 0.003838
[7289] (33.92) 42.8397: 0.08197 0 0.1122 0.003838
[7290] (33.93) 42.8473: 0.08197 0 0.1124 0.003837
[7291] (33.93) 42.8550: 0.08197 0 0.1125 0.003837
[7292] (33.94) 42.8626: 0.08196 0 0.1126 0.003836
[7293] (33.94) 42.8702: 0.08196 0 0.1125 0.003836
[7294] (33.95) 42.8779: 0.08196 0 0.1125 0.003835
[7295] (33.95) 42.8855: 0.08195 0 0.1127 0.003834
[7296] (33.95) 42.8931: 0.08194 0 0.1129 0.003834
[7297] (33.96) 42.9008: 0.08194 0 0.113 0.003833
[7298] (33.96) 42.9084: 0.08193 0 0.113 0.003832
[7299] (33.97) 42.9160: 0.08192 0 0.1129 0.003832
[7300] (33.97) 42.9237: 0.08191 0 0.113 0.003831
[7301] (33.98) 42.9313: 0.0819 0 0.1132 0.00383
[7302] (33.98) 42.9389: 0.08188 0 0.1134 0.003829
[7303] (33.98) 42.9466: 0.08187 0 0.1135 0.003829
[7304] (33.99) 42.9542: 0.08185 0 0.1135 0.003828
[7305] (33.99) 42.9618: 0.08183 0 0.1133 0.003827
[7306] (34) 42.9695: 0.08184 0 0.1134 0.003826
[7307] (34) 42.9771: 0.08186 0 0.1137 0.003825
[7308] (34.01) 42.9847: 0.08188 0 0.1138 0.003825
[7309] (34.01) 42.9924: 0.08189 0 0.1139 0.003824
[7310] (34.02) 43.0000: 0.08191 0 0.1139 0.003823
*Write time: 0.0713915. Average write time: 0.0591036.
[7311] (34.09) 43.0076: 0.08193 0 0.1138 0.003822
[7312] (34.1) 43.0153: 0.08194 0 0.1137 0.003821
[7313] (34.1) 43.0229: 0.08195 0 0.114 0.003821
[7314] (34.11) 43.0305: 0.08196 0 0.1141 0.00382
[7315] (34.11) 43.0382: 0.08197 0 0.1142 0.003819
[7316] (34.12) 43.0458: 0.08198 0 0.1142 0.003819
[7317] (34.13) 43.0534: 0.08198 0 0.1141 0.003818
[7318] (34.13) 43.0611: 0.08198 0 0.1139 0.003819
[7319] (34.14) 43.0687: 0.08198 0 0.1141 0.00382
[7320] (34.14) 43.0763: 0.08197 0 0.1143 0.003821
[7321] (34.14) 43.0840: 0.08196 0 0.1144 0.003823
[7322] (34.15) 43.0916: 0.08195 0 0.1144 0.003824
[7323] (34.15) 43.0992: 0.08199 0 0.1143 0.003826
[7324] (34.16) 43.1069: 0.08203 0 0.1142 0.003827
[7325] (34.16) 43.1145: 0.08206 0 0.1141 0.003829
[7326] (34.17) 43.1221: 0.0821 0 0.1143 0.00383
[7327] (34.17) 43.1298: 0.08213 0 0.1144 0.003832
[7328] (34.17) 43.1374: 0.08215 0 0.1145 0.003833
[7329] (34.18) 43.1450: 0.08218 0 0.1144 0.003835
[7330] (34.19) 43.1527: 0.0822 0 0.1143 0.003836
[7331] (34.19) 43.1603: 0.08221 0 0.1144 0.003838
[7332] (34.2) 43.1679: 0.08222 0 0.1144 0.003839
[7333] (34.2) 43.1756: 0.08222 0 0.1144 0.003841
[7334] (34.21) 43.1832: 0.08222 0 0.1143 0.003842
[7335] (34.21) 43.1908: 0.08222 0 0.1144 0.003844
[7336] (34.22) 43.1985: 0.08221 0 0.1144 0.003845
[7337] (34.22) 43.2061: 0.08226 0 0.1146 0.003847
[7338] (34.22) 43.2137: 0.08231 0 0.1147 0.003848
[7339] (34.23) 43.2214: 0.08236 0 0.1147 0.003849
[7340] (34.23) 43.2290: 0.0824 0 0.1147 0.003851
[7341] (34.24) 43.2366: 0.08244 0 0.1146 0.003852
[7342] (34.24) 43.2443: 0.08247 0 0.1144 0.003853
[7343] (34.25) 43.2519: 0.0825 0 0.1147 0.003854
[7344] (34.25) 43.2595: 0.08252 0 0.1148 0.003855
[7345] (34.25) 43.2672: 0.08254 0 0.1149 0.003857
[7346] (34.26) 43.2748: 0.08254 0 0.115 0.003858
[7347] (34.26) 43.2824: 0.08254 0 0.1149 0.003859
[7348] (34.27) 43.2901: 0.08254 0 0.1147 0.00386
[7349] (34.27) 43.2977: 0.08253 0 0.1146 0.003861
[7350] (34.28) 43.3053: 0.08258 0 0.1148 0.003862
[7351] (34.28) 43.3130: 0.08264 0 0.1149 0.003863
[7352] (34.29) 43.3206: 0.08269 0 0.115 0.003865
[7353] (34.29) 43.3282: 0.08273 0 0.115 0.003866
[7354] (34.29) 43.3359: 0.08277 0 0.1149 0.003867
[7355] (34.3) 43.3435: 0.0828 0 0.1147 0.003868
[7356] (34.3) 43.3511: 0.08282 0 0.1144 0.003869
[7357] (34.31) 43.3588: 0.08284 0 0.1146 0.00387
[7358] (34.31) 43.3664: 0.08284 0 0.1147 0.003871
[7359] (34.31) 43.3740: 0.08284 0 0.1148 0.003872
[7360] (34.32) 43.3817: 0.08284 0 0.1147 0.003873
[7361] (34.32) 43.3893: 0.08282 0 0.1146 0.003874
[7362] (34.33) 43.3969: 0.0828 0 0.1144 0.003875
[7363] (34.33) 43.4046: 0.08285 0 0.1142 0.003876
[7364] (34.34) 43.4122: 0.0829 0 0.1143 0.003876
[7365] (34.34) 43.4198: 0.08294 0 0.1143 0.003877
[7366] (34.34) 43.4275: 0.08298 0 0.1143 0.003878
[7367] (34.35) 43.4351: 0.08301 0 0.1142 0.003878
[7368] (34.35) 43.4427: 0.08303 0 0.1141 0.003879
[7369] (34.36) 43.4504: 0.08305 0 0.1139 0.003879
[7370] (34.36) 43.4580: 0.08305 0 0.1138 0.00388
[7371] (34.37) 43.4656: 0.08305 0 0.1139 0.00388
[7372] (34.37) 43.4733: 0.08304 0 0.114 0.003881
[7373] (34.37) 43.4809: 0.08302 0 0.114 0.003881
[7374] (34.38) 43.4885: 0.08299 0 0.1139 0.003882
[7375] (34.38) 43.4962: 0.08302 0 0.1137 0.003882
[7376] (34.39) 43.5038: 0.08307 0 0.1134 0.003882
[7377] (34.39) 43.5115: 0.08312 0 0.1133 0.003883
[7378] (34.4) 43.5191: 0.08316 0 0.1135 0.003883
[7379] (34.4) 43.5267: 0.08319 0 0.1135 0.003884
[7380] (34.4) 43.5344: 0.08321 0 0.1135 0.003884
[7381] (34.41) 43.5420: 0.08322 0 0.1135 0.003885
[7382] (34.41) 43.5496: 0.08322 0 0.1134 0.003885
[7383] (34.42) 43.5573: 0.08322 0 0.1134 0.003886
[7384] (34.42) 43.5649: 0.0832 0 0.1134 0.003887
[7385] (34.43) 43.5725: 0.08318 0 0.1133 0.003887
[7386] (34.43) 43.5802: 0.08315 0 0.1131 0.003888
[7387] (34.43) 43.5878: 0.08314 0 0.1131 0.003889
[7388] (34.44) 43.5954: 0.08319 0 0.1131 0.00389
[7389] (34.44) 43.6031: 0.08324 0 0.1133 0.003891
[7390] (34.45) 43.6107: 0.08327 0 0.1134 0.003892
[7391] (34.45) 43.6183: 0.08329 0 0.1134 0.003893
[7392] (34.46) 43.6260: 0.08331 0 0.1134 0.003894
[7393] (34.46) 43.6336: 0.08331 0 0.1133 0.003895
[7394] (34.46) 43.6412: 0.08331 0 0.1132 0.003897
[7395] (34.47) 43.6489: 0.0833 0 0.1129 0.003898
[7396] (34.47) 43.6565: 0.08328 0 0.1127 0.003899
[7397] (34.48) 43.6641: 0.08325 0 0.1128 0.003901
[7398] (34.48) 43.6718: 0.08321 0 0.1129 0.003902
[7399] (34.49) 43.6794: 0.08316 0 0.113 0.003903
[7400] (34.49) 43.6870: 0.08315 0 0.1129 0.003905
[7401] (34.49) 43.6947: 0.08319 0 0.1129 0.003906
[7402] (34.5) 43.7023: 0.08321 0 0.1128 0.003907
[7403] (34.51) 43.7099: 0.08323 0 0.1126 0.003908
[7404] (34.51) 43.7176: 0.08325 0 0.1124 0.00391
[7405] (34.51) 43.7252: 0.08325 0 0.1124 0.003911
[7406] (34.52) 43.7328: 0.08325 0 0.1123 0.003912
[7407] (34.53) 43.7405: 0.08323 0 0.1123 0.003913
[7408] (34.53) 43.7481: 0.08321 0 0.1121 0.003914
[7409] (34.53) 43.7557: 0.08319 0 0.1119 0.003915
[7410] (34.54) 43.7634: 0.08315 0 0.1118 0.003915
[7411] (34.54) 43.7710: 0.08311 0 0.1117 0.003916
[7412] (34.55) 43.7786: 0.08307 0 0.1116 0.003917
[7413] (34.55) 43.7863: 0.08306 0 0.1115 0.003917
[7414] (34.56) 43.7939: 0.08309 0 0.1116 0.003918
[7415] (34.56) 43.8015: 0.08312 0 0.1116 0.003918
[7416] (34.57) 43.8092: 0.08313 0 0.1115 0.003918
[7417] (34.57) 43.8168: 0.08314 0 0.1113 0.003918
[7418] (34.58) 43.8244: 0.08315 0 0.1112 0.003918
[7419] (34.58) 43.8321: 0.08314 0 0.1109 0.003918
[7420] (34.58) 43.8397: 0.08313 0 0.1106 0.003918
[7421] (34.59) 43.8473: 0.08312 0 0.1105 0.003918
[7422] (34.59) 43.8550: 0.08309 0 0.1106 0.003918
[7423] (34.6) 43.8626: 0.08307 0 0.1106 0.003917
[7424] (34.6) 43.8702: 0.08303 0 0.1105 0.003917
[7425] (34.6) 43.8779: 0.08299 0 0.1103 0.003916
[7426] (34.61) 43.8855: 0.08295 0 0.1101 0.003916
[7427] (34.61) 43.8931: 0.08298 0 0.1099 0.003915
[7428] (34.62) 43.9008: 0.08301 0 0.1096 0.003914
[7429] (34.62) 43.9084: 0.08303 0 0.1094 0.003914
[7430] (34.63) 43.9160: 0.08304 0 0.1092 0.003913
[7431] (34.63) 43.9237: 0.08305 0 0.109 0.003913
[7432] (34.63) 43.9313: 0.08305 0 0.1089 0.003912
[7433] (34.64) 43.9389: 0.08305 0 0.1089 0.003911
[7434] (34.64) 43.9466: 0.08304 0 0.1088 0.003911
[7435] (34.65) 43.9542: 0.08303 0 0.1087 0.00391
[7436] (34.65) 43.9618: 0.08301 0 0.1085 0.00391
[7437] (34.65) 43.9695: 0.08298 0 0.1083 0.003909
[7438] (34.66) 43.9771: 0.08296 0 0.1081 0.003909
[7439] (34.66) 43.9847: 0.08292 0 0.1079 0.003908
[7440] (34.67) 43.9924: 0.08289 0 0.1079 0.003908
[7441] (34.67) 44.0000: 0.08291 0 0.1078 0.003908
*Write time: 0.0636271. Average write time: 0.0592064.
[7442] (34.74) 44.0076: 0.08294 0 0.1076 0.003907
[7443] (34.75) 44.0153: 0.08296 0 0.1074 0.003906
[7444] (34.75) 44.0229: 0.08297 0 0.1074 0.003906
[7445] (34.75) 44.0305: 0.08299 0 0.1074 0.003905
[7446] (34.76) 44.0382: 0.083 0 0.1073 0.003905
[7447] (34.76) 44.0458: 0.083 0 0.1072 0.003906
[7448] (34.77) 44.0534: 0.083 0 0.1071 0.003907
[7449] (34.77) 44.0611: 0.083 0 0.1069 0.003907
[7450] (34.77) 44.0687: 0.08299 0 0.1067 0.003907
[7451] (34.78) 44.0763: 0.08297 0 0.1064 0.003907
[7452] (34.78) 44.0840: 0.08296 0 0.1061 0.003906
[7453] (34.79) 44.0916: 0.08294 0 0.1058 0.003905
[7454] (34.79) 44.0992: 0.08291 0 0.1059 0.003904
[7455] (34.8) 44.1069: 0.08293 0 0.106 0.003902
[7456] (34.8) 44.1145: 0.08297 0 0.106 0.0039
[7457] (34.81) 44.1221: 0.083 0 0.1059 0.003897
[7458] (34.81) 44.1298: 0.08303 0 0.1059 0.003895
[7459] (34.82) 44.1374: 0.08305 0 0.1057 0.003891
[7460] (34.82) 44.1450: 0.08308 0 0.1055 0.003892
[7461] (34.83) 44.1527: 0.08309 0 0.1053 0.003893
[7462] (34.83) 44.1603: 0.08311 0 0.105 0.003895
[7463] (34.84) 44.1679: 0.08312 0 0.1047 0.003897
[7464] (34.84) 44.1756: 0.08312 0 0.1044 0.003898
[7465] (34.85) 44.1832: 0.08313 0 0.1043 0.0039
[7466] (34.85) 44.1908: 0.08313 0 0.1043 0.003901
[7467] (34.86) 44.1985: 0.08312 0 0.1042 0.003902
[7468] (34.86) 44.2061: 0.08311 0 0.1041 0.003903
[7469] (34.87) 44.2137: 0.0831 0 0.1039 0.003905
[7470] (34.87) 44.2214: 0.08309 0 0.1037 0.003906
[7471] (34.88) 44.2290: 0.08313 0 0.1035 0.003907
[7472] (34.88) 44.2366: 0.08318 0 0.1032 0.003907
[7473] (34.89) 44.2443: 0.08322 0 0.1029 0.003908
[7474] (34.89) 44.2519: 0.08326 0 0.1026 0.003909
[7475] (34.9) 44.2595: 0.08329 0 0.1023 0.003909
[7476] (34.9) 44.2690: 0.08333 0 0.1024 0.00391
[7477] (34.91) 44.2784: 0.08336 0 0.1024 0.00391
[7478] (34.91) 44.2878: 0.08339 0 0.1023 0.00391
[7479] (34.92) 44.2971: 0.08341 0 0.1021 0.00391
[7480] (34.92) 44.3065: 0.08342 0 0.1019 0.00392
[7481] (34.92) 44.3159: 0.08342 0 0.1016 0.003931
[7482] (34.93) 44.3253: 0.08342 0 0.1012 0.003942
[7483] (34.93) 44.3346: 0.08342 0 0.1008 0.003952
[7484] (34.94) 44.3440: 0.08341 0 0.1003 0.003962
[7485] (34.94) 44.3534: 0.08348 0 0.09988 0.00397
[7486] (34.95) 44.3627: 0.08355 0 0.09988 0.003977
[7487] (34.95) 44.3721: 0.08361 0 0.09986 0.003984
[7488] (34.95) 44.3815: 0.08367 0 0.09977 0.003989
[7489] (34.96) 44.3909: 0.08372 0 0.09961 0.003993
[7490] (34.96) 44.4002: 0.08376 0 0.09937 0.003997
[7491] (34.97) 44.4096: 0.08379 0 0.09906 0.003999
[7492] (34.97) 44.4190: 0.08382 0 0.09868 0.004
[7493] (34.98) 44.4283: 0.08384 0 0.09824 0.004
[7494] (34.98) 44.4377: 0.08385 0 0.09792 0.003999
[7495] (34.98) 44.4471: 0.08385 0 0.09783 0.003997
[7496] (34.99) 44.4565: 0.08383 0 0.0979 0.003994
[7497] (34.99) 44.4658: 0.0839 0 0.09786 0.003989
[7498] (35) 44.4752: 0.08398 0 0.09773 0.003984
[7499] (35) 44.4846: 0.08406 0 0.0975 0.003977
[7500] (35) 44.4939: 0.08412 0 0.09717 0.003969
[7501] (35.01) 44.5033: 0.08417 0 0.09674 0.00396
[7502] (35.01) 44.5127: 0.08422 0 0.0963 0.00395
[7503] (35.02) 44.5221: 0.08425 0 0.0964 0.003939
[7504] (35.02) 44.5314: 0.08428 0 0.0964 0.003926
[7505] (35.03) 44.5408: 0.08429 0 0.0963 0.003913
[7506] (35.03) 44.5502: 0.08429 0 0.09611 0.003899
[7507] (35.03) 44.5595: 0.08428 0 0.09581 0.003891
[7508] (35.04) 44.5689: 0.08429 0 0.09541 0.003913
[7509] (35.04) 44.5783: 0.08438 0 0.09495 0.003933
[7510] (35.05) 44.5877: 0.08445 0 0.09445 0.003952
[7511] (35.05) 44.5970: 0.08452 0 0.09442 0.00397
[7512] (35.06) 44.6064: 0.08457 0 0.09452 0.003986
[7513] (35.06) 44.6158: 0.08461 0 0.09452 0.004
[7514] (35.06) 44.6251: 0.08464 0 0.0944 0.004013
[7515] (35.07) 44.6345: 0.08466 0 0.09419 0.004025
[7516] (35.07) 44.6439: 0.08466 0 0.09386 0.004034
[7517] (35.08) 44.6533: 0.08465 0 0.09346 0.004042
[7518] (35.08) 44.6626: 0.08463 0 0.09297 0.004049
[7519] (35.09) 44.6720: 0.08465 0 0.09263 0.004053
[7520] (35.09) 44.6814: 0.08473 0 0.09232 0.004056
[7521] (35.1) 44.6907: 0.08479 0 0.09246 0.004057
[7522] (35.1) 44.7001: 0.08484 0 0.0925 0.004056
[7523] (35.11) 44.7095: 0.08488 0 0.09244 0.004054
[7524] (35.11) 44.7189: 0.0849 0 0.09228 0.00405
[7525] (35.11) 44.7282: 0.08491 0 0.09202 0.004044
[7526] (35.12) 44.7376: 0.08491 0 0.09166 0.004037
[7527] (35.12) 44.7470: 0.0849 0 0.0912 0.004028
[7528] (35.13) 44.7563: 0.08487 0 0.09074 0.004018
[7529] (35.13) 44.7657: 0.08483 0 0.09064 0.004006
[7530] (35.13) 44.7751: 0.08484 0 0.09062 0.003993
[7531] (35.14) 44.7845: 0.08489 0 0.09051 0.003978
[7532] (35.14) 44.7938: 0.08493 0 0.09032 0.003963
[7533] (35.15) 44.8032: 0.08496 0 0.09006 0.003946
[7534] (35.16) 44.8126: 0.08498 0 0.08973 0.003928
[7535] (35.16) 44.8219: 0.08498 0 0.0895 0.003908
[7536] (35.17) 44.8313: 0.08497 0 0.08923 0.003888
[7537] (35.17) 44.8407: 0.08495 0 0.08891 0.003884
[7538] (35.17) 44.8501: 0.08492 0 0.08885 0.003904
[7539] (35.18) 44.8594: 0.08487 0 0.08871 0.003923
[7540] (35.18) 44.8688: 0.08489 0 0.0885 0.00394
[7541] (35.19) 44.8782: 0.08494 0 0.08822 0.003956
[7542] (35.19) 44.8875: 0.08498 0 0.08808 0.003969
[7543] (35.2) 44.8969: 0.08501 0 0.08813 0.003981
[7544] (35.2) 44.9063: 0.08502 0 0.0881 0.003991
[7545] (35.21) 44.9157: 0.08502 0 0.08799 0.003999
[7546] (35.21) 44.9250: 0.08502 0 0.08796 0.004005
[7547] (35.22) 44.9344: 0.085 0 0.08809 0.004009
[7548] (35.22) 44.9438: 0.08497 0 0.08816 0.004012
[7549] (35.23) 44.9531: 0.08495 0 0.08814 0.004013
[7550] (35.23) 44.9625: 0.08502 0 0.08806 0.004012
[7551] (35.24) 44.9719: 0.08507 0 0.08789 0.004009
[7552] (35.24) 44.9813: 0.08511 0 0.08784 0.004004
[7553] (35.24) 44.9906: 0.08519 0 0.08791 0.003998
[7554] (35.25) 45.0000: 0.08527 0 0.08792 0.00399
*Write time: 0.0773395. Average write time: 0.0596093.
[7555] (35.33) 45.0093: 0.08531 0 0.08786 0.00398
[7556] (35.34) 45.0187: 0.08531 0 0.08773 0.003968
[7557] (35.34) 45.0280: 0.08528 0 0.08753 0.003955
[7558] (35.35) 45.0374: 0.0852 0 0.08758 0.00394
[7559] (35.35) 45.0467: 0.0851 0 0.0876 0.003922
[7560] (35.36) 45.0561: 0.08512 0 0.08795 0.003904
[7561] (35.36) 45.0654: 0.08518 0 0.08827 0.00391
[7562] (35.36) 45.0748: 0.08525 0 0.08857 0.003937
[7563] (35.37) 45.0841: 0.08539 0 0.08893 0.003962
[7564] (35.37) 45.0935: 0.0855 0 0.0893 0.003986
[7565] (35.38) 45.1028: 0.08558 0 0.08964 0.004008
[7566] (35.38) 45.1121: 0.08563 0 0.08994 0.004028
[7567] (35.39) 45.1215: 0.08566 0 0.09021 0.004047
[7568] (35.39) 45.1308: 0.08566 0 0.09044 0.004064
[7569] (35.4) 45.1402: 0.08564 0 0.09063 0.004079
[7570] (35.4) 45.1495: 0.0856 0 0.09092 0.004092
[7571] (35.4) 45.1589: 0.08554 0 0.09121 0.004104
[7572] (35.41) 45.1682: 0.08547 0 0.09146 0.004113
[7573] (35.41) 45.1776: 0.08563 0 0.09168 0.00412
[7574] (35.42) 45.1869: 0.08578 0 0.09185 0.004124
[7575] (35.42) 45.1963: 0.08593 0 0.09198 0.004126
[7576] (35.43) 45.2056: 0.08606 0 0.09208 0.004126
[7577] (35.43) 45.2150: 0.08619 0 0.09232 0.004124
[7578] (35.43) 45.2243: 0.0863 0 0.09253 0.004119
[7579] (35.44) 45.2336: 0.08639 0 0.0927 0.004112
[7580] (35.44) 45.2430: 0.08646 0 0.09283 0.004103
[7581] (35.45) 45.2523: 0.08649 0 0.09292 0.004092
[7582] (35.45) 45.2617: 0.08649 0 0.09296 0.004079
[7583] (35.46) 45.2710: 0.08644 0 0.09303 0.004065
[7584] (35.46) 45.2804: 0.08652 0 0.09321 0.004048
[7585] (35.46) 45.2897: 0.0867 0 0.09335 0.004031
[7586] (35.47) 45.2991: 0.08693 0 0.09345 0.004029
[7587] (35.47) 45.3084: 0.08714 0 0.0935 0.004062
[7588] (35.48) 45.3178: 0.08732 0 0.09352 0.004094
[7589] (35.48) 45.3271: 0.08745 0 0.09349 0.004123
[7590] (35.49) 45.3364: 0.08753 0 0.09362 0.00415
[7591] (35.49) 45.3458: 0.08756 0 0.09374 0.004175
[7592] (35.5) 45.3551: 0.08753 0 0.09382 0.004197
[7593] (35.5) 45.3645: 0.08744 0 0.09386 0.004217
[7594] (35.51) 45.3738: 0.08732 0 0.09385 0.004235
[7595] (35.51) 45.3832: 0.08758 0 0.09382 0.004251
[7596] (35.51) 45.3925: 0.0878 0 0.09388 0.004265
[7597] (35.52) 45.4019: 0.08799 0 0.09397 0.004277
[7598] (35.52) 45.4112: 0.08812 0 0.09402 0.004286
[7599] (35.53) 45.4206: 0.0882 0 0.09403 0.004294
[7600] (35.53) 45.4299: 0.08823 0 0.09401 0.0043
[7601] (35.54) 45.4393: 0.08819 0 0.09395 0.004304
[7602] (35.54) 45.4486: 0.08808 0 0.094 0.004306
[7603] (35.54) 45.4579: 0.08791 0 0.09405 0.004306
[7604] (35.55) 45.4673: 0.08767 0 0.09405 0.004305
[7605] (35.55) 45.4766: 0.08736 0 0.09403 0.004302
[7606] (35.56) 45.4860: 0.0874 0 0.09396 0.004298
[7607] (35.56) 45.4953: 0.08769 0 0.09392 0.004291
[7608] (35.57) 45.5047: 0.08793 0 0.09395 0.004283
[7609] (35.57) 45.5140: 0.08809 0 0.09393 0.004274
[7610] (35.57) 45.5234: 0.08819 0 0.09389 0.004263
[7611] (35.58) 45.5327: 0.08821 0 0.09381 0.00425
[7612] (35.58) 45.5421: 0.08816 0 0.0937 0.004235
[7613] (35.59) 45.5514: 0.08803 0 0.09368 0.004219
[7614] (35.59) 45.5607: 0.08784 0 0.09364 0.004201
[7615] (35.6) 45.5701: 0.08766 0 0.09357 0.004182
[7616] (35.6) 45.5794: 0.08741 0 0.09347 0.004162
[7617] (35.6) 45.5888: 0.0871 0 0.09334 0.00414
[7618] (35.61) 45.5981: 0.08684 0 0.09318 0.004118
[7619] (35.61) 45.6075: 0.08712 0 0.09305 0.004094
[7620] (35.62) 45.6168: 0.08734 0 0.09295 0.004071
[7621] (35.62) 45.6262: 0.08751 0 0.09283 0.004046
[7622] (35.63) 45.6355: 0.08762 0 0.09267 0.004043
[7623] (35.63) 45.6449: 0.08767 0 0.0925 0.004049
[7624] (35.63) 45.6542: 0.08765 0 0.0923 0.004054
[7625] (35.64) 45.6636: 0.08764 0 0.09208 0.004057
[7626] (35.64) 45.6729: 0.08758 0 0.09184 0.004059
[7627] (35.65) 45.6822: 0.08747 0 0.09174 0.00406
[7628] (35.65) 45.6916: 0.0873 0 0.092 0.004059
[7629] (35.66) 45.7009: 0.08707 0 0.09222 0.004056
[7630] (35.66) 45.7103: 0.08679 0 0.09239 0.004052
[7631] (35.66) 45.7196: 0.08646 0 0.0925 0.004046
[7632] (35.67) 45.7290: 0.08609 0 0.09255 0.004038
[7633] (35.67) 45.7383: 0.0857 0 0.09269 0.004028
[7634] (35.68) 45.7477: 0.08591 0 0.09291 0.004017
[7635] (35.68) 45.7570: 0.08615 0 0.09309 0.004004
[7636] (35.69) 45.7664: 0.08633 0 0.09321 0.003989
[7637] (35.69) 45.7757: 0.08647 0 0.09327 0.003987
[7638] (35.7) 45.7850: 0.08655 0 0.09325 0.003989
[7639] (35.7) 45.7944: 0.08658 0 0.09331 0.003991
[7640] (35.7) 45.8037: 0.08655 0 0.09347 0.003992
[7641] (35.71) 45.8131: 0.08647 0 0.09357 0.003993
[7642] (35.71) 45.8224: 0.08635 0 0.09361 0.003994
[7643] (35.72) 45.8318: 0.08626 0 0.09368 0.003995
[7644] (35.72) 45.8411: 0.08618 0 0.09383 0.003995
[7645] (35.73) 45.8505: 0.08605 0 0.09409 0.003996
[7646] (35.73) 45.8598: 0.08587 0 0.09436 0.003996
[7647] (35.74) 45.8692: 0.08563 0 0.09457 0.003995
[7648] (35.74) 45.8785: 0.08536 0 0.09468 0.003994
[7649] (35.74) 45.8879: 0.08505 0 0.09475 0.003992
[7650] (35.75) 45.8972: 0.08477 0 0.09496 0.003989
[7651] (35.75) 45.9065: 0.08454 0 0.09525 0.004
[7652] (35.76) 45.9159: 0.08427 0 0.09543 0.004009
[7653] (35.76) 45.9252: 0.08404 0 0.09551 0.004018
[7654] (35.77) 45.9346: 0.08411 0 0.09578 0.004025
[7655] (35.77) 45.9439: 0.08414 0 0.09619 0.00403
[7656] (35.77) 45.9533: 0.08422 0 0.09652 0.004034
[7657] (35.78) 45.9626: 0.08424 0 0.09675 0.004036
[7658] (35.78) 45.9720: 0.08421 0 0.09728 0.004037
[7659] (35.79) 45.9813: 0.08413 0 0.09777 0.004035
[7660] (35.79) 45.9907: 0.08401 0 0.09817 0.004033
[7661] (35.8) 46.0000: 0.08389 0 0.09847 0.004029
*Write time: 0.0690224. Average write time: 0.059814.
[7662] (35.87) 46.0093: 0.0838 0 0.09867 0.004024
[7663] (35.88) 46.0187: 0.0837 0 0.09903 0.004018
[7664] (35.88) 46.0280: 0.08358 0 0.09951 0.00401
[7665] (35.88) 46.0374: 0.08346 0 0.0999 0.004002
[7666] (35.89) 46.0467: 0.08332 0 0.1002 0.003993
[7667] (35.89) 46.0561: 0.08317 0 0.1004 0.003983
[7668] (35.9) 46.0654: 0.08303 0 0.1006 0.003973
[7669] (35.9) 46.0748: 0.08287 0 0.1011 0.003962
[7670] (35.91) 46.0841: 0.0827 0 0.1015 0.00395
[7671] (35.91) 46.0935: 0.08266 0 0.1018 0.003938
[7672] (35.91) 46.1028: 0.08267 0 0.1019 0.003925
[7673] (35.92) 46.1121: 0.08263 0 0.1021 0.003936
[7674] (35.92) 46.1215: 0.08258 0 0.1026 0.003953
[7675] (35.93) 46.1308: 0.0826 0 0.1029 0.003969
[7676] (35.93) 46.1402: 0.08256 0 0.1032 0.003984
[7677] (35.94) 46.1495: 0.08247 0 0.1033 0.003998
[7678] (35.94) 46.1589: 0.08233 0 0.1035 0.00401
[7679] (35.94) 46.1682: 0.08232 0 0.104 0.004022
[7680] (35.95) 46.1776: 0.08225 0 0.1043 0.004032
[7681] (35.95) 46.1869: 0.08214 0 0.1045 0.004041
[7682] (35.96) 46.1962: 0.08199 0 0.1046 0.004049
[7683] (35.96) 46.2054: 0.08192 0 0.1048 0.004056
[7684] (35.97) 46.2146: 0.08185 0 0.1052 0.004061
[7685] (35.97) 46.2239: 0.08175 0 0.1055 0.004066
[7686] (35.97) 46.2331: 0.08159 0 0.1057 0.004069
[7687] (35.98) 46.2422: 0.0814 0 0.1058 0.004071
[7688] (35.98) 46.2513: 0.08132 0 0.1058 0.004072
[7689] (35.99) 46.2602: 0.08124 0 0.1062 0.004072
[7690] (35.99) 46.2690: 0.08113 0 0.1065 0.004071
[7691] (36) 46.2777: 0.08098 0 0.1067 0.00407
[7692] (36) 46.2864: 0.08085 0 0.1068 0.004067
[7693] (36) 46.2951: 0.08076 0 0.1068 0.004063
[7694] (36.01) 46.3038: 0.08072 0 0.107 0.004059
[7695] (36.01) 46.3125: 0.08065 0 0.1073 0.004053
[7696] (36.02) 46.3212: 0.08055 0 0.1075 0.004047
[7697] (36.02) 46.3299: 0.08042 0 0.1077 0.00404
[7698] (36.03) 46.3386: 0.08034 0 0.1077 0.004032
[7699] (36.03) 46.3473: 0.08027 0 0.1078 0.004023
[7700] (36.03) 46.3560: 0.08016 0 0.1081 0.004013
[7701] (36.04) 46.3647: 0.08002 0 0.1083 0.004003
[7702] (36.04) 46.3734: 0.07992 0 0.1084 0.003992
[7703] (36.05) 46.3821: 0.07984 0 0.1085 0.00398
[7704] (36.05) 46.3908: 0.07974 0 0.1085 0.003968
[7705] (36.05) 46.3995: 0.07961 0 0.1088 0.003954
[7706] (36.06) 46.4082: 0.07945 0 0.109 0.00394
[7707] (36.06) 46.4169: 0.0794 0 0.1091 0.003926
[7708] (36.07) 46.4256: 0.07933 0 0.1092 0.003911
[7709] (36.07) 46.4343: 0.07922 0 0.1093 0.003895
[7710] (36.08) 46.4430: 0.07909 0 0.1093 0.003879
[7711] (36.08) 46.4517: 0.07905 0 0.1096 0.003862
[7712] (36.08) 46.4604: 0.07902 0 0.1097 0.003844
[7713] (36.09) 46.4691: 0.07894 0 0.1098 0.003827
[7714] (36.09) 46.4778: 0.0788 0 0.1099 0.003812
[7715] (36.1) 46.4865: 0.07878 0 0.1099 0.003816
[7716] (36.1) 46.4953: 0.07881 0 0.1099 0.003819
[7717] (36.1) 46.5040: 0.07879 0 0.1101 0.003822
[7718] (36.11) 46.5127: 0.07872 0 0.1102 0.003825
[7719] (36.11) 46.5214: 0.07861 0 0.1103 0.003828
[7720] (36.12) 46.5301: 0.07845 0 0.1103 0.003831
[7721] (36.12) 46.5388: 0.0783 0 0.1103 0.003833
[7722] (36.13) 46.5475: 0.07832 0 0.1104 0.003836
[7723] (36.13) 46.5562: 0.07829 0 0.1105 0.003839
[7724] (36.13) 46.5649: 0.07822 0 0.1106 0.003842
[7725] (36.14) 46.5736: 0.0781 0 0.1106 0.003845
[7726] (36.14) 46.5823: 0.07794 0 0.1106 0.003848
[7727] (36.15) 46.5910: 0.07774 0 0.1106 0.003852
[7728] (36.15) 46.5997: 0.07768 0 0.1106 0.003855
[7729] (36.15) 46.6084: 0.07766 0 0.1106 0.003859
[7730] (36.16) 46.6171: 0.0776 0 0.1106 0.003863
[7731] (36.16) 46.6258: 0.0775 0 0.1106 0.003867
[7732] (36.17) 46.6345: 0.07736 0 0.1107 0.003871
[7733] (36.17) 46.6432: 0.07718 0 0.1107 0.003876
[7734] (36.18) 46.6519: 0.07698 0 0.1107 0.00388
[7735] (36.18) 46.6606: 0.07697 0 0.1106 0.003885
[7736] (36.18) 46.6693: 0.07693 0 0.1106 0.003889
[7737] (36.19) 46.6780: 0.07686 0 0.1106 0.003894
[7738] (36.19) 46.6867: 0.07676 0 0.1105 0.003898
[7739] (36.2) 46.6954: 0.07662 0 0.1104 0.003902
[7740] (36.2) 46.7041: 0.07644 0 0.1104 0.003905
[7741] (36.21) 46.7128: 0.07624 0 0.1104 0.003909
[7742] (36.21) 46.7215: 0.07623 0 0.1106 0.003912
[7743] (36.22) 46.7302: 0.0762 0 0.1108 0.003914
[7744] (36.22) 46.7389: 0.07613 0 0.1111 0.003916
[7745] (36.22) 46.7476: 0.07604 0 0.1113 0.003918
[7746] (36.23) 46.7563: 0.07591 0 0.1114 0.003919
[7747] (36.23) 46.7650: 0.07576 0 0.1115 0.00392
[7748] (36.24) 46.7737: 0.07557 0 0.1116 0.00392
[7749] (36.24) 46.7824: 0.0755 0 0.1119 0.00392
[7750] (36.25) 46.7911: 0.07548 0 0.1121 0.00392
[7751] (36.25) 46.7998: 0.07544 0 0.1123 0.003919
[7752] (36.26) 46.8082: 0.07538 0 0.1125 0.003918
[7753] (36.26) 46.8165: 0.07529 0 0.1126 0.003917
[7754] (36.27) 46.8249: 0.07517 0 0.1126 0.003916
[7755] (36.27) 46.8332: 0.07503 0 0.1127 0.003914
[7756] (36.28) 46.8415: 0.07486 0 0.1126 0.003913
[7757] (36.28) 46.8499: 0.07476 0 0.1127 0.003911
[7758] (36.29) 46.8582: 0.07476 0 0.1128 0.003909
[7759] (36.29) 46.8666: 0.07474 0 0.1129 0.003908
[7760] (36.3) 46.8749: 0.07469 0 0.1129 0.003906
[7761] (36.3) 46.8832: 0.07461 0 0.1128 0.003904
[7762] (36.3) 46.8916: 0.07451 0 0.1127 0.003902
[7763] (36.31) 46.8999: 0.07438 0 0.1125 0.0039
[7764] (36.31) 46.9083: 0.07422 0 0.1123 0.003898
[7765] (36.32) 46.9166: 0.07404 0 0.1122 0.003896
[7766] (36.32) 46.9249: 0.07395 0 0.1121 0.003894
[7767] (36.32) 46.9333: 0.07395 0 0.1119 0.003891
[7768] (36.33) 46.9416: 0.07392 0 0.1116 0.003889
[7769] (36.33) 46.9500: 0.07387 0 0.1112 0.003886
[7770] (36.34) 46.9583: 0.07432 0 0.1114 0.003883
[7771] (36.34) 46.9666: 0.07479 0 0.1117 0.00388
[7772] (36.34) 46.9750: 0.07521 0 0.1119 0.003876
[7773] (36.35) 46.9833: 0.07558 0 0.112 0.003872
[7774] (36.35) 46.9917: 0.07588 0 0.1122 0.003868
[7775] (36.36) 47.0000: 0.07613 0 0.1124 0.003863
*Write time: 0.0545995. Average write time: 0.059703.
[7776] (36.42) 47.0083: 0.07632 0 0.1126 0.003867
[7777] (36.42) 47.0166: 0.07646 0 0.1127 0.003871
[7778] (36.42) 47.0249: 0.07654 0 0.1127 0.003873
[7779] (36.43) 47.0331: 0.07696 0 0.1126 0.003875
[7780] (36.43) 47.0414: 0.07732 0 0.1124 0.003877
[7781] (36.44) 47.0497: 0.07762 0 0.1122 0.003878
[7782] (36.44) 47.0579: 0.07786 0 0.1121 0.003879
[7783] (36.45) 47.0662: 0.07803 0 0.1119 0.003879
[7784] (36.45) 47.0744: 0.07814 0 0.1116 0.003878
[7785] (36.45) 47.0827: 0.07819 0 0.1112 0.003878
[7786] (36.46) 47.0910: 0.07817 0 0.1107 0.003877
[7787] (36.46) 47.0992: 0.07843 0 0.1103 0.003875
[7788] (36.47) 47.1075: 0.07867 0 0.1106 0.003873
[7789] (36.47) 47.1158: 0.07885 0 0.1109 0.003871
[7790] (36.47) 47.1240: 0.07895 0 0.1111 0.003869
[7791] (36.48) 47.1323: 0.07898 0 0.1111 0.003866
[7792] (36.48) 47.1406: 0.07894 0 0.1111 0.003863
[7793] (36.49) 47.1488: 0.07902 0 0.1113 0.003859
[7794] (36.49) 47.1571: 0.07943 0 0.1113 0.003856
[7795] (36.5) 47.1653: 0.07978 0 0.1112 0.003852
[7796] (36.5) 47.1736: 0.08007 0 0.111 0.003847
[7797] (36.5) 47.1819: 0.08028 0 0.1106 0.003843
[7798] (36.51) 47.1901: 0.08043 0 0.1101 0.003838
[7799] (36.51) 47.1984: 0.0805 0 0.1096 0.003833
[7800] (36.51) 47.2067: 0.08051 0 0.1092 0.003827
[7801] (36.52) 47.2149: 0.08055 0 0.1086 0.003821
[7802] (36.52) 47.2232: 0.08082 0 0.1088 0.003815
[7803] (36.53) 47.2315: 0.081 0 0.1089 0.003808
[7804] (36.53) 47.2397: 0.0811 0 0.1091 0.003801
[7805] (36.53) 47.2480: 0.08112 0 0.1093 0.003801
[7806] (36.54) 47.2563: 0.08105 0 0.1094 0.003806
[7807] (36.54) 47.2645: 0.08091 0 0.1093 0.00381
[7808] (36.55) 47.2728: 0.08069 0 0.1091 0.003813
[7809] (36.55) 47.2810: 0.08083 0 0.1087 0.003815
[7810] (36.56) 47.2893: 0.08114 0 0.1082 0.003815
[7811] (36.56) 47.2976: 0.08138 0 0.1076 0.003815
[7812] (36.56) 47.3058: 0.08153 0 0.107 0.003814
[7813] (36.57) 47.3141: 0.0816 0 0.1063 0.003811
[7814] (36.57) 47.3224: 0.0816 0 0.1064 0.003807
[7815] (36.58) 47.3306: 0.08152 0 0.1065 0.003802
[7816] (36.58) 47.3389: 0.08144 0 0.1065 0.003796
[7817] (36.58) 47.3472: 0.08159 0 0.1066 0.003789
[7818] (36.59) 47.3554: 0.08163 0 0.1066 0.00378
[7819] (36.59) 47.3637: 0.08159 0 0.1064 0.003771
[7820] (36.6) 47.3719: 0.08145 0 0.106 0.00376
[7821] (36.6) 47.3802: 0.08122 0 0.1055 0.003749
[7822] (36.6) 47.3885: 0.08091 0 0.1048 0.003742
[7823] (36.61) 47.3967: 0.08108 0 0.1041 0.00374
[7824] (36.61) 47.4050: 0.08134 0 0.1034 0.003739
[7825] (36.62) 47.4133: 0.08152 0 0.1034 0.003737
[7826] (36.62) 47.4215: 0.0816 0 0.1036 0.003735
[7827] (36.62) 47.4298: 0.08159 0 0.1036 0.003733
[7828] (36.63) 47.4381: 0.08149 0 0.1034 0.003732
[7829] (36.63) 47.4463: 0.0813 0 0.1032 0.00373
[7830] (36.64) 47.4546: 0.08103 0 0.1029 0.003728
[7831] (36.64) 47.4628: 0.08072 0 0.1025 0.003727
[7832] (36.65) 47.4711: 0.08063 0 0.1018 0.003725
[7833] (36.65) 47.4794: 0.08054 0 0.101 0.003724
[7834] (36.65) 47.4876: 0.08067 0 0.1003 0.003722
[7835] (36.66) 47.4959: 0.08073 0 0.09979 0.003721
[7836] (36.66) 47.5042: 0.08069 0 0.09994 0.00372
[7837] (36.67) 47.5124: 0.08056 0 0.1 0.003719
[7838] (36.67) 47.5207: 0.08057 0 0.09985 0.003718
[7839] (36.68) 47.5290: 0.08056 0 0.09952 0.003717
[7840] (36.68) 47.5372: 0.08045 0 0.09907 0.003717
[7841] (36.68) 47.5455: 0.08024 0 0.09865 0.003716
[7842] (36.69) 47.5538: 0.07993 0 0.09801 0.003716
[7843] (36.69) 47.5620: 0.07954 0 0.09724 0.003715
[7844] (36.69) 47.5703: 0.07955 0 0.09658 0.003715
[7845] (36.7) 47.5785: 0.07976 0 0.09621 0.003715
[7846] (36.7) 47.5868: 0.07986 0 0.09625 0.003716
[7847] (36.71) 47.5951: 0.07985 0 0.09616 0.003716
[7848] (36.71) 47.6033: 0.07974 0 0.09596 0.003716
[7849] (36.71) 47.6116: 0.07952 0 0.09566 0.003717
[7850] (36.72) 47.6199: 0.07921 0 0.09527 0.003718
[7851] (36.72) 47.6281: 0.07904 0 0.09482 0.003718
[7852] (36.73) 47.6364: 0.07915 0 0.09432 0.003719
[7853] (36.73) 47.6465: 0.0792 0 0.09366 0.00372
[7854] (36.73) 47.6563: 0.07917 0 0.093 0.003721
[7855] (36.74) 47.6659: 0.07908 0 0.09248 0.003722
[7856] (36.74) 47.6751: 0.07896 0 0.09229 0.003723
[7857] (36.75) 47.6842: 0.07894 0 0.092 0.003724
[7858] (36.75) 47.6929: 0.07907 0 0.09163 0.003724
[7859] (36.75) 47.7015: 0.07913 0 0.0912 0.003723
[7860] (36.76) 47.7121: 0.07912 0 0.09059 0.003723
[7861] (36.76) 47.7224: 0.07903 0 0.08998 0.003723
[7862] (36.77) 47.7323: 0.07889 0 0.08996 0.003724
[7863] (36.77) 47.7419: 0.07871 0 0.08989 0.003732
[7864] (36.77) 47.7511: 0.07863 0 0.08977 0.003741
[7865] (36.78) 47.7603: 0.07867 0 0.0896 0.003749
[7866] (36.78) 47.7695: 0.07863 0 0.08939 0.003758
[7867] (36.79) 47.7788: 0.07853 0 0.08913 0.003766
[7868] (36.79) 47.7880: 0.07837 0 0.08882 0.003774
[7869] (36.79) 47.7972: 0.07817 0 0.08861 0.003783
[7870] (36.8) 47.8064: 0.07794 0 0.08843 0.003791
[7871] (36.8) 47.8156: 0.07773 0 0.0882 0.003799
[7872] (36.81) 47.8248: 0.07765 0 0.08811 0.003806
[7873] (36.81) 47.8341: 0.0775 0 0.08805 0.003814
[7874] (36.82) 47.8433: 0.0773 0 0.08796 0.003821
[7875] (36.82) 47.8525: 0.07707 0 0.08784 0.003827
[7876] (36.82) 47.8617: 0.07749 0 0.0877 0.003833
[7877] (36.83) 47.8709: 0.07788 0 0.08762 0.003839
[7878] (36.83) 47.8802: 0.07822 0 0.08753 0.003845
[7879] (36.84) 47.8894: 0.0785 0 0.0874 0.00385
[7880] (36.84) 47.8986: 0.07872 0 0.08725 0.003854
[7881] (36.85) 47.9078: 0.07887 0 0.08707 0.003859
[7882] (36.85) 47.9170: 0.07916 0 0.08686 0.003863
[7883] (36.85) 47.9263: 0.07954 0 0.08679 0.003866
[7884] (36.86) 47.9355: 0.07986 0 0.0869 0.003869
[7885] (36.86) 47.9447: 0.08014 0 0.08698 0.003872
[7886] (36.87) 47.9539: 0.08036 0 0.08703 0.003874
[7887] (36.87) 47.9631: 0.08051 0 0.08706 0.003876
[7888] (36.87) 47.9723: 0.08059 0 0.08704 0.003878
[7889] (36.88) 47.9816: 0.08086 0 0.08699 0.003879
[7890] (36.88) 47.9908: 0.08119 0 0.08689 0.00388
[7891] (36.89) 48.0000: 0.08146 0 0.08675 0.003881
*Write time: 0.0563593. Average write time: 0.0596334.
[7892] (36.95) 48.0092: 0.08169 0 0.08656 0.003882
[7893] (36.95) 48.0183: 0.08186 0 0.08657 0.003883
[7894] (36.96) 48.0275: 0.08198 0 0.08669 0.003883
[7895] (36.96) 48.0367: 0.08204 0 0.08681 0.003883
[7896] (36.97) 48.0459: 0.08205 0 0.0869 0.003883
[7897] (36.97) 48.0550: 0.08235 0 0.08697 0.003883
[7898] (36.97) 48.0642: 0.08261 0 0.08701 0.003883
[7899] (36.98) 48.0734: 0.08283 0 0.08702 0.003882
[7900] (36.98) 48.0826: 0.083 0 0.08699 0.003882
[7901] (36.99) 48.0917: 0.08313 0 0.08693 0.003882
[7902] (36.99) 48.1009: 0.08321 0 0.08682 0.003881
[7903] (37) 48.1101: 0.08327 0 0.08666 0.003881
[7904] (37) 48.1193: 0.08328 0 0.08646 0.00388
[7905] (37) 48.1284: 0.08326 0 0.08639 0.00388
[7906] (37.01) 48.1376: 0.0834 0 0.08654 0.00388
[7907] (37.01) 48.1468: 0.08357 0 0.08666 0.003879
[7908] (37.02) 48.1560: 0.08372 0 0.08676 0.003879
[7909] (37.02) 48.1651: 0.08384 0 0.08682 0.003879
[7910] (37.02) 48.1743: 0.08394 0 0.08685 0.003879
[7911] (37.03) 48.1835: 0.08402 0 0.08684 0.003879
[7912] (37.03) 48.1927: 0.08408 0 0.08679 0.003879
[7913] (37.03) 48.2018: 0.08416 0 0.08679 0.003879
[7914] (37.04) 48.2110: 0.08439 0 0.08685 0.00388
[7915] (37.04) 48.2202: 0.08482 0 0.0869 0.00388
[7916] (37.05) 48.2294: 0.08529 0 0.08692 0.00388
[7917] (37.05) 48.2385: 0.08574 0 0.08691 0.003881
[7918] (37.06) 48.2477: 0.08616 0 0.08687 0.003881
[7919] (37.06) 48.2569: 0.08655 0 0.08679 0.003882
[7920] (37.07) 48.2661: 0.08689 0 0.08668 0.003882
[7921] (37.07) 48.2752: 0.08719 0 0.08651 0.003883
[7922] (37.07) 48.2844: 0.08742 0 0.0863 0.003883
[7923] (37.08) 48.2936: 0.08761 0 0.08638 0.003884
[7924] (37.08) 48.3028: 0.08773 0 0.08653 0.003884
[7925] (37.09) 48.3119: 0.08786 0 0.08666 0.003884
[7926] (37.09) 48.3211: 0.08834 0 0.08675 0.003885
[7927] (37.1) 48.3303: 0.08879 0 0.08681 0.003885
[7928] (37.1) 48.3394: 0.08919 0 0.08682 0.003885
[7929] (37.1) 48.3486: 0.08955 0 0.08678 0.003885
[7930] (37.11) 48.3578: 0.08986 0 0.08676 0.003885
[7931] (37.11) 48.3670: 0.09012 0 0.08688 0.003884
[7932] (37.12) 48.3761: 0.09032 0 0.08698 0.003884
[7933] (37.12) 48.3853: 0.09047 0 0.08706 0.003884
[7934] (37.12) 48.3945: 0.09056 0 0.08709 0.003883
[7935] (37.13) 48.4037: 0.09061 0 0.08709 0.003882
[7936] (37.13) 48.4128: 0.09061 0 0.08705 0.003882
[7937] (37.14) 48.4220: 0.09097 0 0.08695 0.003881
[7938] (37.14) 48.4312: 0.09138 0 0.08681 0.00388
[7939] (37.14) 48.4404: 0.09175 0 0.08661 0.003879
[7940] (37.15) 48.4495: 0.09207 0 0.08643 0.003878
[7941] (37.15) 48.4587: 0.09234 0 0.08647 0.003877
[7942] (37.16) 48.4679: 0.09255 0 0.08647 0.003876
[7943] (37.16) 48.4771: 0.09272 0 0.08643 0.003875
[7944] (37.16) 48.4862: 0.09284 0 0.08635 0.003874
[7945] (37.17) 48.4954: 0.09291 0 0.08621 0.003872
[7946] (37.17) 48.5046: 0.09295 0 0.08603 0.003871
[7947] (37.18) 48.5138: 0.09296 0 0.08579 0.00387
[7948] (37.18) 48.5229: 0.09295 0 0.08551 0.003869
[7949] (37.19) 48.5321: 0.09307 0 0.08546 0.003868
[7950] (37.19) 48.5413: 0.0934 0 0.08544 0.003867
[7951] (37.2) 48.5505: 0.09369 0 0.08537 0.003866
[7952] (37.2) 48.5596: 0.09392 0 0.08526 0.003865
[7953] (37.2) 48.5688: 0.0941 0 0.0851 0.003864
[7954] (37.21) 48.5780: 0.09423 0 0.08493 0.003863
[7955] (37.21) 48.5872: 0.09432 0 0.08507 0.003861
[7956] (37.22) 48.5963: 0.09437 0 0.08515 0.00386
[7957] (37.22) 48.6055: 0.09441 0 0.08517 0.003859
[7958] (37.23) 48.6147: 0.09444 0 0.08513 0.003858
[7959] (37.23) 48.6239: 0.09443 0 0.08501 0.003857
[7960] (37.23) 48.6330: 0.0944 0 0.08481 0.003856
[7961] (37.24) 48.6422: 0.09438 0 0.08453 0.003855
[7962] (37.24) 48.6514: 0.09452 0 0.0845 0.003853
[7963] (37.25) 48.6606: 0.09479 0 0.08454 0.003852
[7964] (37.25) 48.6697: 0.09501 0 0.08452 0.003851
[7965] (37.25) 48.6789: 0.09517 0 0.08443 0.003849
[7966] (37.26) 48.6881: 0.09529 0 0.08426 0.003848
[7967] (37.26) 48.6972: 0.09537 0 0.08401 0.003847
[7968] (37.27) 48.7064: 0.0954 0 0.08367 0.003845
[7969] (37.27) 48.7156: 0.0954 0 0.08348 0.003844
[7970] (37.28) 48.7248: 0.09559 0 0.08347 0.003842
[7971] (37.28) 48.7339: 0.09596 0 0.08338 0.003841
[7972] (37.29) 48.7431: 0.09633 0 0.08321 0.00384
[7973] (37.29) 48.7523: 0.09669 0 0.08296 0.003838
[7974] (37.29) 48.7615: 0.09707 0 0.08262 0.003837
[7975] (37.3) 48.7706: 0.09746 0 0.08219 0.003836
[7976] (37.3) 48.7798: 0.09784 0 0.08198 0.003835
[7977] (37.31) 48.7890: 0.0982 0 0.08196 0.003834
[7978] (37.31) 48.7982: 0.09857 0 0.08191 0.003833
[7979] (37.32) 48.8073: 0.09892 0 0.08183 0.003832
[7980] (37.32) 48.8165: 0.09926 0 0.08172 0.003831
[7981] (37.33) 48.8257: 0.0996 0 0.0816 0.00383
[7982] (37.33) 48.8349: 0.09992 0 0.08145 0.00383
[7983] (37.34) 48.8440: 0.1002 0 0.08128 0.003829
[7984] (37.34) 48.8532: 0.1005 0 0.0811 0.003829
[7985] (37.34) 48.8624: 0.1007 0 0.0809 0.003829
[7986] (37.35) 48.8716: 0.101 0 0.08111 0.003829
[7987] (37.35) 48.8807: 0.1011 0 0.08132 0.003829
[7988] (37.36) 48.8899: 0.1013 0 0.08149 0.003829
[7989] (37.36) 48.8991: 0.1014 0 0.08161 0.003829
[7990] (37.37) 48.9083: 0.1014 0 0.08168 0.00383
[7991] (37.37) 48.9174: 0.1017 0 0.08172 0.00383
[7992] (37.37) 48.9266: 0.1021 0 0.08172 0.003831
[7993] (37.38) 48.9358: 0.1024 0 0.08168 0.003832
[7994] (37.38) 48.9450: 0.1027 0 0.08161 0.003833
[7995] (37.39) 48.9541: 0.1029 0 0.08151 0.003834
[7996] (37.39) 48.9633: 0.1031 0 0.08137 0.003835
[7997] (37.4) 48.9725: 0.1032 0 0.08121 0.003836
[7998] (37.4) 48.9817: 0.1033 0 0.08102 0.003838
[7999] (37.4) 48.9908: 0.1033 0 0.0808 0.003839
[8000] (37.41) 49.0000: 0.1033 0 0.08055 0.003841
*Write time: 0.0756115. Average write time: 0.0599594.
[8001] (37.49) 49.0092: 0.1031 0 0.0805 0.003842
[8002] (37.5) 49.0183: 0.1033 0 0.08077 0.003844
[8003] (37.5) 49.0275: 0.1037 0 0.08098 0.003846
[8004] (37.5) 49.0367: 0.1039 0 0.08114 0.003848
[8005] (37.51) 49.0459: 0.1041 0 0.08124 0.00385
[8006] (37.51) 49.0550: 0.1043 0 0.0813 0.003852
[8007] (37.52) 49.0642: 0.1044 0 0.08131 0.003854
[8008] (37.52) 49.0734: 0.1045 0 0.08127 0.003857
[8009] (37.53) 49.0826: 0.1044 0 0.08118 0.003859
[8010] (37.53) 49.0917: 0.1044 0 0.08105 0.003862
[8011] (37.53) 49.1009: 0.1042 0 0.08086 0.003864
[8012] (37.54) 49.1101: 0.104 0 0.08079 0.003867
[8013] (37.54) 49.1193: 0.1041 0 0.08093 0.00387
[8014] (37.55) 49.1284: 0.1044 0 0.08104 0.003873
[8015] (37.55) 49.1376: 0.1046 0 0.08111 0.003876
[8016] (37.55) 49.1468: 0.1048 0 0.08114 0.003879
[8017] (37.56) 49.1560: 0.105 0 0.08112 0.003882
[8018] (37.56) 49.1651: 0.105 0 0.08107 0.003885
[8019] (37.57) 49.1743: 0.105 0 0.08098 0.003889
[8020] (37.57) 49.1835: 0.1049 0 0.08084 0.003892
[8021] (37.57) 49.1927: 0.1048 0 0.08065 0.003895
[8022] (37.58) 49.2018: 0.1046 0 0.08042 0.003898
[8023] (37.58) 49.2110: 0.1043 0 0.08014 0.003902
[8024] (37.59) 49.2202: 0.104 0 0.07983 0.003905
[8025] (37.59) 49.2294: 0.1038 0 0.07973 0.003908
[8026] (37.59) 49.2385: 0.1039 0 0.0798 0.003911
[8027] (37.6) 49.2477: 0.104 0 0.07997 0.003914
[8028] (37.6) 49.2569: 0.104 0 0.08008 0.003916
[8029] (37.61) 49.2661: 0.104 0 0.08012 0.003919
[8030] (37.61) 49.2752: 0.1039 0 0.08011 0.003921
[8031] (37.62) 49.2844: 0.104 0 0.08003 0.003924
[8032] (37.62) 49.2936: 0.1043 0 0.07988 0.003926
[8033] (37.63) 49.3028: 0.1045 0 0.07967 0.003927
[8034] (37.63) 49.3119: 0.1047 0 0.07938 0.003929
[8035] (37.64) 49.3211: 0.1048 0 0.07956 0.00393
[8036] (37.64) 49.3303: 0.1052 0 0.07971 0.003931
[8037] (37.64) 49.3394: 0.1058 0 0.07981 0.003932
[8038] (37.65) 49.3486: 0.1063 0 0.07986 0.003932
[8039] (37.65) 49.3578: 0.1068 0 0.07984 0.003932
[8040] (37.66) 49.3668: 0.1071 0 0.07976 0.003932
[8041] (37.66) 49.3759: 0.1074 0 0.07963 0.003931
[8042] (37.67) 49.3849: 0.1077 0 0.07943 0.003931
[8043] (37.67) 49.3940: 0.1078 0 0.07917 0.003929
[8044] (37.67) 49.4030: 0.1079 0 0.07906 0.003927
[8045] (37.68) 49.4121: 0.1079 0 0.07944 0.003925
[8046] (37.68) 49.4211: 0.1082 0 0.07975 0.003923
[8047] (37.69) 49.4300: 0.1086 0 0.07998 0.00392
[8048] (37.69) 49.4388: 0.1089 0 0.08012 0.003916
[8049] (37.7) 49.4474: 0.1093 0 0.08035 0.003913
[8050] (37.7) 49.4561: 0.1095 0 0.08049 0.003909
[8051] (37.7) 49.4647: 0.1097 0 0.08055 0.003904
[8052] (37.71) 49.4733: 0.1098 0 0.08062 0.003899
[8053] (37.71) 49.4820: 0.1099 0 0.08111 0.003894
[8054] (37.72) 49.4906: 0.1101 0 0.08154 0.003888
[8055] (37.72) 49.4992: 0.1105 0 0.08191 0.003881
[8056] (37.73) 49.5079: 0.1109 0 0.08224 0.003874
[8057] (37.73) 49.5165: 0.1111 0 0.08265 0.003867
[8058] (37.74) 49.5251: 0.1113 0 0.08298 0.003859
[8059] (37.74) 49.5338: 0.1114 0 0.08324 0.003851
[8060] (37.74) 49.5424: 0.1114 0 0.08342 0.003842
[8061] (37.75) 49.5510: 0.1114 0 0.08351 0.003833
[8062] (37.75) 49.5597: 0.1113 0 0.08353 0.003823
[8063] (37.76) 49.5683: 0.1117 0 0.08347 0.003813
[8064] (37.76) 49.5769: 0.1119 0 0.08337 0.003802
[8065] (37.77) 49.5856: 0.1121 0 0.08341 0.003791
[8066] (37.77) 49.5942: 0.1122 0 0.08368 0.003779
[8067] (37.77) 49.6028: 0.1122 0 0.08412 0.003767
[8068] (37.78) 49.6115: 0.1121 0 0.0845 0.003754
[8069] (37.78) 49.6201: 0.112 0 0.08483 0.003741
[8070] (37.79) 49.6287: 0.112 0 0.08509 0.003727
[8071] (37.79) 49.6374: 0.1123 0 0.08528 0.003713
[8072] (37.8) 49.6460: 0.1124 0 0.08541 0.003699
[8073] (37.8) 49.6546: 0.1124 0 0.08547 0.003684
[8074] (37.8) 49.6633: 0.1124 0 0.08568 0.003669
[8075] (37.81) 49.6719: 0.1123 0 0.08581 0.00366
[8076] (37.81) 49.6805: 0.1123 0 0.08588 0.00366
[8077] (37.82) 49.6892: 0.1125 0 0.08587 0.003661
[8078] (37.82) 49.6978: 0.1126 0 0.08579 0.003661
[8079] (37.83) 49.7064: 0.1126 0 0.08565 0.003661
[8080] (37.83) 49.7151: 0.1125 0 0.08564 0.003661
[8081] (37.83) 49.7237: 0.1123 0 0.0856 0.003667
[8082] (37.84) 49.7323: 0.1122 0 0.08577 0.003679
[8083] (37.84) 49.7410: 0.1125 0 0.08607 0.003691
[8084] (37.85) 49.7496: 0.1125 0 0.08639 0.003702
[8085] (37.85) 49.7582: 0.1125 0 0.08667 0.003713
[8086] (37.86) 49.7669: 0.1123 0 0.08689 0.003724
[8087] (37.86) 49.7755: 0.1121 0 0.08706 0.003734
[8088] (37.87) 49.7841: 0.1119 0 0.08717 0.003744
[8089] (37.87) 49.7928: 0.1121 0 0.08724 0.003753
[8090] (37.87) 49.8014: 0.1121 0 0.08741 0.003762
[8091] (37.88) 49.8101: 0.112 0 0.08752 0.00377
[8092] (37.88) 49.8187: 0.1118 0 0.08758 0.003777
[8093] (37.89) 49.8273: 0.1114 0 0.08758 0.003784
[8094] (37.89) 49.8360: 0.1113 0 0.08752 0.003791
[8095] (37.9) 49.8446: 0.1114 0 0.08751 0.003797
[8096] (37.9) 49.8532: 0.1113 0 0.08755 0.003803
[8097] (37.9) 49.8619: 0.1111 0 0.08753 0.003808
[8098] (37.91) 49.8705: 0.1107 0 0.08746 0.003812
[8099] (37.91) 49.8791: 0.1103 0 0.08734 0.003816
[8100] (37.92) 49.8878: 0.1103 0 0.08717 0.003819
[8101] (37.92) 49.8964: 0.1103 0 0.08711 0.003822
[8102] (37.93) 49.9050: 0.1101 0 0.0873 0.003824
[8103] (37.93) 49.9137: 0.1097 0 0.08744 0.003825
[8104] (37.94) 49.9223: 0.1093 0 0.08762 0.003826
[8105] (37.94) 49.9309: 0.1091 0 0.08783 0.003826
[8106] (37.95) 49.9396: 0.109 0 0.08799 0.003826
[8107] (37.95) 49.9482: 0.1088 0 0.08811 0.003825
[8108] (37.95) 49.9568: 0.1084 0 0.08817 0.003824
[8109] (37.96) 49.9655: 0.1079 0 0.08818 0.003822
[8110] (37.96) 49.9741: 0.1076 0 0.08814 0.003819
[8111] (37.97) 49.9827: 0.1074 0 0.08821 0.003816
[8112] (37.97) 49.9914: 0.1072 0 0.08828 0.003812
[8113] (37.97) 50.0000: 0.1072 0 0.0883 0.003808
*Write time: 0.0664799. Average write time: 0.0600899.
== End of Job ==
